-- ========================================================
-- MOCK DATA TỰ ĐỘNG SINH TỪ DỮ LIỆU XE BUÝT HÀ NỘI THỰC TẾ (JAVA VERSION)
-- ========================================================

USE HanoiBusDB;
GO

-- XÓA DỮ LIỆU CŨ TRƯỚc KHI CHÈN
DELETE FROM BusLocations;
DELETE FROM Notifications;
DELETE FROM SearchHistory;
DELETE FROM Favorites;
DELETE FROM MonthlyPasses;
DELETE FROM MonthlyPassTypes;
DELETE FROM Tickets;
DELETE FROM Attendance;
DELETE FROM Trips;
DELETE FROM Route_Stop;
DELETE FROM Buses;
DELETE FROM Routes;
DELETE FROM Stops;
DELETE FROM Accounts;
DELETE FROM Roles;
GO

-- 1. CHÈN BẢNG ROLES
SET IDENTITY_INSERT Roles ON;
INSERT INTO Roles (RoleID, RoleName) VALUES 
(1, 'ADMIN'), (2, 'STAFF'), (3, 'DRIVER'), (4, 'ASSISTANT'), (5, 'CUSTOMER');
SET IDENTITY_INSERT Roles OFF;
GO

-- 2. CHÈN BẢNG ACCOUNTS (Mật khẩu mặc định: '123456' đã bcrypt)
SET IDENTITY_INSERT Accounts ON;
INSERT INTO Accounts (AccountID, [Username], [Password], FullName, Email, Phone, RoleID, IsActive) VALUES 
(1, 'admin', '$2a$10$.5Elh8fgxypNUWhpUUr/xOa2sZm0VIaE0qWuGGl9otUfobb46T1Pq', N'Lê Quản Trị', 'admin@bus.vn', '0901234561', 1, 1),
(2, 'staff01', '$2a$10$.5Elh8fgxypNUWhpUUr/xOa2sZm0VIaE0qWuGGl9otUfobb46T1Pq', N'Nguyễn Văn Trạm', 'staff01@bus.vn', '0901234562', 2, 1),
(3, 'staff02', '$2a$10$.5Elh8fgxypNUWhpUUr/xOa2sZm0VIaE0qWuGGl9otUfobb46T1Pq', N'Trần Thị Quầy', 'staff02@bus.vn', '0901234563', 2, 1),
(4, 'driver01', '$2a$10$.5Elh8fgxypNUWhpUUr/xOa2sZm0VIaE0qWuGGl9otUfobb46T1Pq', N'Bác Tài Số Một', 'driver01@bus.vn', '0901234564', 3, 1),
(5, 'driver02', '$2a$10$.5Elh8fgxypNUWhpUUr/xOa2sZm0VIaE0qWuGGl9otUfobb46T1Pq', N'Bác Tài Số Hai', 'driver02@bus.vn', '0901234565', 3, 1),
(6, 'driver03', '$2a$10$.5Elh8fgxypNUWhpUUr/xOa2sZm0VIaE0qWuGGl9otUfobb46T1Pq', N'Bác Tài Số Ba', 'driver03@bus.vn', '0901234566', 3, 1),
(7, 'assistant01', '$2a$10$.5Elh8fgxypNUWhpUUr/xOa2sZm0VIaE0qWuGGl9otUfobb46T1Pq', N'Hoàng Soát Vé', 'assist01@bus.vn', '0901234567', 4, 1),
(8, 'assistant02', '$2a$10$.5Elh8fgxypNUWhpUUr/xOa2sZm0VIaE0qWuGGl9otUfobb46T1Pq', N'Đinh Lơ Xe', 'assist02@bus.vn', '0901234568', 4, 1),
(9, 'customer1', '$2a$10$.5Elh8fgxypNUWhpUUr/xOa2sZm0VIaE0qWuGGl9otUfobb46T1Pq', N'Nguyễn Nhật Linh', 'linh@bus.vn', '0911111111', 5, 1),
(10, 'customer2', '$2a$10$.5Elh8fgxypNUWhpUUr/xOa2sZm0VIaE0qWuGGl9otUfobb46T1Pq', N'Trần Sinh Viên', 'sv@bus.vn', '0922222222', 5, 1),
(11, 'customer3', '$2a$10$.5Elh8fgxypNUWhpUUr/xOa2sZm0VIaE0qWuGGl9otUfobb46T1Pq', N'Phan Khách Hàng', 'khach@bus.vn', '0933333333', 5, 1);
SET IDENTITY_INSERT Accounts OFF;
GO

-- 3. CHÈN BẢNG STOPS (1466 Trạm Dừng)
SET IDENTITY_INSERT Stops ON;
INSERT INTO Stops (StopID, StopName, Address, Latitude, Longitude, IsActive) VALUES 
(1, N'A (A) BX Gia Lâm', N'A (A) BX Gia Lâm, Hà Nội', 21.0682691, 105.8549670, 1),
(2, N'Nguyễn Văn Cừ - Biển báo số', N'Nguyễn Văn Cừ - Biển báo số, Hà Nội', 20.9426158, 105.7331235, 1),
(3, N'Cty Cầu', N'Cty Cầu, Hà Nội', 21.0496647, 105.9210117, 1),
(4, N'Thăng Long -', N'Thăng Long -, Hà Nội', 20.9606349, 105.7327244, 1),
(5, N'Nguyễn Văn Cừ', N'Nguyễn Văn Cừ, Hà Nội', 20.9890961, 105.8848705, 1),
(6, N'Trung chuyển Long Biên', N'Trung chuyển Long Biên, Hà Nội', 21.1257983, 105.7809473, 1),
(7, N'Hàng Cót', N'Hàng Cót, Hà Nội', 21.0749719, 105.7659701, 1),
(8, N'Đường Thành', N'Đường Thành, Hà Nội', 20.9032135, 105.8283050, 1),
(9, N'Bệnh viện Phụ sản TW - Đối diện số', N'Bệnh viện Phụ sản TW - Đối diện số, Hà Nội', 20.9129303, 105.8977898, 1),
(10, N'Triệu Quốc Đạt', N'Triệu Quốc Đạt, Hà Nội', 20.9016654, 105.8262282, 1),
(11, N'Đối diện tháp Hà Nội - Hai Bà Trưng (cạnh', N'Đối diện tháp Hà Nội - Hai Bà Trưng (cạnh, Hà Nội', 21.0753841, 105.8213121, 1),
(12, N'Hai Bà Trưng)', N'Hai Bà Trưng), Hà Nội', 21.0240075, 105.8757530, 1),
(13, N'Tổng công ty Đường sắt Việt Nam -', N'Tổng công ty Đường sắt Việt Nam -, Hà Nội', 20.8594255, 105.7573760, 1),
(14, N'Lê Duẩn', N'Lê Duẩn, Hà Nội', 21.0953391, 105.7753063, 1),
(15, N'Ga Hà Nội -', N'Ga Hà Nội -, Hà Nội', 21.1422107, 105.8640219, 1),
(16, N'Khâm Thiên', N'Khâm Thiên, Hà Nội', 20.9941724, 105.7374969, 1),
(17, N'Nguyễn Lương Bằng', N'Nguyễn Lương Bằng, Hà Nội', 21.1349580, 105.8961475, 1),
(18, N'Gò Đống Đa - Tây Sơn', N'Gò Đống Đa - Tây Sơn, Hà Nội', 21.0409934, 105.7607364, 1),
(19, N'Tây Sơn', N'Tây Sơn, Hà Nội', 20.9580765, 105.7803983, 1),
(20, N'Nguyễn Trãi', N'Nguyễn Trãi, Hà Nội', 20.9871951, 105.7918065, 1),
(21, N'Nguyễn Trãi - Cục Sở hữu trí tuệ', N'Nguyễn Trãi - Cục Sở hữu trí tuệ, Hà Nội', 20.9907068, 105.8981967, 1),
(22, N'Hè trước Bách hóa Thanh Xuân - đường Nguyễn Trãi', N'Hè trước Bách hóa Thanh Xuân - đường Nguyễn Trãi, Hà Nội', 20.8953095, 105.9001599, 1),
(23, N'Nguyễn Trãi ( Gần ngã', N'Nguyễn Trãi ( Gần ngã, Hà Nội', 20.9880919, 105.7341716, 1),
(24, N'Nguyễn Trãi - Lương Thế Vinh )', N'Nguyễn Trãi - Lương Thế Vinh ), Hà Nội', 20.9087893, 105.7037820, 1),
(25, N'Công ty CP Công trình GT', N'Công ty CP Công trình GT, Hà Nội', 21.1097060, 105.7959772, 1),
(26, N'- Nguyễn Trãi', N'- Nguyễn Trãi, Hà Nội', 20.9762915, 105.8398609, 1),
(27, N'Cửa hàng bán xe ôtô Hoà Bình - Trần Phú (Hà Đông)', N'Cửa hàng bán xe ôtô Hoà Bình - Trần Phú (Hà Đông), Hà Nội', 21.0599576, 105.7445985, 1),
(28, N'Học viện công nghệ bưu chính viễn thông - Trần Phú (Hà Đông)', N'Học viện công nghệ bưu chính viễn thông - Trần Phú (Hà Đông), Hà Nội', 21.0214861, 105.7613037, 1),
(29, N'Công ty Điện lực TP cơ sở', N'Công ty Điện lực TP cơ sở, Hà Nội', 21.1115444, 105.8917193, 1),
(30, N'Trần Phú (Hà Đông)', N'Trần Phú (Hà Đông), Hà Nội', 21.0348641, 105.7623078, 1),
(31, N'Khách sạn Sông Nhuệ (', N'Khách sạn Sông Nhuệ (, Hà Nội', 21.0591746, 105.9225844, 1),
(32, N'Trần Phú- Hà Đông)', N'Trần Phú- Hà Đông), Hà Nội', 20.9088441, 105.8927374, 1),
(33, N'Quang Trung - Siêu thị Hiway', N'Quang Trung - Siêu thị Hiway, Hà Nội', 21.0383800, 105.7890198, 1),
(34, N'Chi cục quản lý thị trường Hà Nội -', N'Chi cục quản lý thị trường Hà Nội -, Hà Nội', 20.9416737, 105.8119728, 1),
(35, N'Quang Trung (Hà Đông)', N'Quang Trung (Hà Đông), Hà Nội', 21.0405333, 105.6878773, 1),
(36, N'Nhà thi đấu Hà Đông -', N'Nhà thi đấu Hà Đông -, Hà Nội', 20.9991981, 105.6581942, 1),
(37, N'Quang Trung - Hà Đông', N'Quang Trung - Hà Đông, Hà Nội', 20.8609454, 105.7951532, 1),
(38, N'Đối diện KĐT Văn Phú -', N'Đối diện KĐT Văn Phú -, Hà Nội', 21.0465160, 105.7687299, 1),
(39, N'Showroom ô tô Trường Sơn (đối diện Nissan Hà Đông km', N'Showroom ô tô Trường Sơn (đối diện Nissan Hà Đông km, Hà Nội', 21.1320517, 105.7653833, 1),
(40, N'Đối diện trường trung cấp kinh tế - Tài chính Hà Nội', N'Đối diện trường trung cấp kinh tế - Tài chính Hà Nội, Hà Nội', 21.0438696, 105.8811397, 1),
(41, N'A (A) Trần Khánh Dư', N'A (A) Trần Khánh Dư, Hà Nội', 21.1182128, 105.8296511, 1),
(42, N'Đối diện Bệnh Viện Trung ương Quân đội', N'Đối diện Bệnh Viện Trung ương Quân đội, Hà Nội', 21.1428103, 105.6731255, 1),
(43, N'- Trần Hưng Đạo', N'- Trần Hưng Đạo, Hà Nội', 21.0825362, 105.7336467, 1),
(44, N'Trần Thánh Tông', N'Trần Thánh Tông, Hà Nội', 21.1197616, 105.7621508, 1),
(45, N'Hè cạnh vườn hoa', N'Hè cạnh vườn hoa, Hà Nội', 20.9793929, 105.7496973, 1),
(46, N'Hai Bà Trưng - Viện Kiểm Nghiệm thuốc Trung ương', N'Hai Bà Trưng - Viện Kiểm Nghiệm thuốc Trung ương, Hà Nội', 20.9445442, 105.7828208, 1),
(47, N'Tràng Thi (Qua ngã', N'Tràng Thi (Qua ngã, Hà Nội', 20.8789353, 105.8735460, 1),
(48, N'Tràng Thi - Lý Quốc Sư)', N'Tràng Thi - Lý Quốc Sư), Hà Nội', 20.9012579, 105.8916172, 1),
(49, N'Bệnh viện Việt Đức -', N'Bệnh viện Việt Đức -, Hà Nội', 20.8919369, 105.6778840, 1),
(50, N'Tràng Thi', N'Tràng Thi, Hà Nội', 20.8581090, 105.8145004, 1),
(51, N'Công viên Lê nin - Đối diện', N'Công viên Lê nin - Đối diện, Hà Nội', 20.9346595, 105.9402486, 1),
(52, N'Trần Phú', N'Trần Phú, Hà Nội', 21.1213503, 105.7531826, 1),
(53, N'Bệnh viện Xanhpon -', N'Bệnh viện Xanhpon -, Hà Nội', 20.8542167, 105.8928782, 1),
(54, N'Chu Văn An', N'Chu Văn An, Hà Nội', 21.0064483, 105.9005467, 1),
(55, N'Tôn Đức Thắng', N'Tôn Đức Thắng, Hà Nội', 21.0250385, 105.8564738, 1),
(56, N'bến xe Giáp Bát - Tuyến', N'bến xe Giáp Bát - Tuyến, Hà Nội', 21.0169147, 105.6847250, 1),
(57, N'Toyota Giải Phóng -', N'Toyota Giải Phóng -, Hà Nội', 21.0265526, 105.9185427, 1),
(58, N'Giải Phóng', N'Giải Phóng, Hà Nội', 21.0379425, 105.7647743, 1),
(59, N'Giải Phóng (Ngã', N'Giải Phóng (Ngã, Hà Nội', 21.1210875, 105.9001099, 1),
(60, N'Lê Thanh Nghị)', N'Lê Thanh Nghị), Hà Nội', 20.9280581, 105.9386709, 1),
(61, N'Giải Phóng - Biển báo số', N'Giải Phóng - Biển báo số, Hà Nội', 20.9692608, 105.8220604, 1),
(62, N'Đối diện', N'Đối diện, Hà Nội', 20.9274495, 105.8965237, 1),
(63, N'Công viên Thống Nhất - Đối diện', N'Công viên Thống Nhất - Đối diện, Hà Nội', 21.0477550, 105.8342320, 1),
(64, N'Cung VH Hữu Nghị Việt Xô -', N'Cung VH Hữu Nghị Việt Xô -, Hà Nội', 20.9964592, 105.7584412, 1),
(65, N'Trần Hưng Đạo', N'Trần Hưng Đạo, Hà Nội', 21.0713945, 105.9066084, 1),
(66, N'Trường Tiểu học Võ Thị Sáu -', N'Trường Tiểu học Võ Thị Sáu -, Hà Nội', 20.9519241, 105.8774090, 1),
(67, N'Cổng bệnh viện Quân y', N'Cổng bệnh viện Quân y, Hà Nội', 21.0678235, 105.8025687, 1),
(68, N'- Đối diện', N'- Đối diện, Hà Nội', 21.0826230, 105.7628262, 1),
(69, N'Đối diện khu tập thể', N'Đối diện khu tập thể, Hà Nội', 21.1088472, 105.8591280, 1),
(70, N'Trước Phố Chương Dương Độ (Đối diện', N'Trước Phố Chương Dương Độ (Đối diện, Hà Nội', 20.8980392, 105.8900183, 1),
(71, N'Trần Quang Khải)', N'Trần Quang Khải), Hà Nội', 21.0676349, 105.8884624, 1),
(72, N'Cạnh Phố Hàm Tử Quan (Đối diện', N'Cạnh Phố Hàm Tử Quan (Đối diện, Hà Nội', 21.0969723, 105.9050850, 1),
(73, N'Trần Nhật Duật', N'Trần Nhật Duật, Hà Nội', 21.1454938, 105.6887380, 1),
(74, N'Tổng cục Hải Quan -', N'Tổng cục Hải Quan -, Hà Nội', 21.0342284, 105.8128624, 1),
(75, N'Nguyễn Văn Cừ (Cột', N'Nguyễn Văn Cừ (Cột, Hà Nội', 20.8958135, 105.8103728, 1),
(76, N'Ngọc Lâm - Vườn hoa Gia Lâm', N'Ngọc Lâm - Vườn hoa Gia Lâm, Hà Nội', 21.0146981, 105.7485680, 1),
(77, N'Hè trước nhà số', N'Hè trước nhà số, Hà Nội', 21.0660374, 105.7663388, 1),
(78, N'Phòng Công Chứng số', N'Phòng Công Chứng số, Hà Nội', 20.8545740, 105.6808695, 1),
(79, N'TPHN -', N'TPHN -, Hà Nội', 20.8811571, 105.7019677, 1),
(80, N'Ngô Gia Tự', N'Ngô Gia Tự, Hà Nội', 21.1192901, 105.7756575, 1),
(81, N'Ngô Gia Tự - Đối diện chợ Ô Cách', N'Ngô Gia Tự - Đối diện chợ Ô Cách, Hà Nội', 21.1042378, 105.7509531, 1),
(82, N'Ngô Gia Tự - Ngã', N'Ngô Gia Tự - Ngã, Hà Nội', 20.9769605, 105.6657220, 1),
(83, N'đường vào công An quận Long Biên', N'đường vào công An quận Long Biên, Hà Nội', 21.0308683, 105.6998501, 1),
(84, N'Đối diện Nhà K', N'Đối diện Nhà K, Hà Nội', 20.9946695, 105.8218255, 1),
(85, N'- KĐT Việt Hưng', N'- KĐT Việt Hưng, Hà Nội', 21.0051901, 105.8633503, 1),
(86, N'Đối diện nhà B', N'Đối diện nhà B, Hà Nội', 21.0529174, 105.9053332, 1),
(87, N'Trường học', N'Trường học, Hà Nội', 21.0852996, 105.7369677, 1),
(88, N'Đối diện VP Vincom Village', N'Đối diện VP Vincom Village, Hà Nội', 20.9608459, 105.8016032, 1),
(89, N'Đối diện TTTM Vincom', N'Đối diện TTTM Vincom, Hà Nội', 20.9353268, 105.9425023, 1),
(90, N'Chợ Phúc Lợi', N'Chợ Phúc Lợi, Hà Nội', 21.0215710, 105.6867597, 1),
(91, N'Trường THPT Phúc Lợi - Ngõ', N'Trường THPT Phúc Lợi - Ngõ, Hà Nội', 20.9803811, 105.8147507, 1),
(92, N'Phúc Lợi B Đầu B: Phúc Lợi', N'Phúc Lợi B Đầu B: Phúc Lợi, Hà Nội', 21.0230206, 105.8682610, 1),
(93, N'A E', N'A E, Hà Nội', 21.0288163, 105.8954167, 1),
(94, N'Nguyễn Hữu Huân', N'Nguyễn Hữu Huân, Hà Nội', 21.1151289, 105.7618477, 1),
(95, N'Lý Thái Tổ - Cung thiếu nhi Hà Nội', N'Lý Thái Tổ - Cung thiếu nhi Hà Nội, Hà Nội', 21.0439058, 105.9020274, 1),
(96, N'Đối diện Đại học Dược Hà Nội -', N'Đối diện Đại học Dược Hà Nội -, Hà Nội', 20.8790575, 105.9239943, 1),
(97, N'Lê Thánh Tông', N'Lê Thánh Tông, Hà Nội', 21.0340268, 105.8258944, 1),
(98, N'Tăng Bạt Hổ', N'Tăng Bạt Hổ, Hà Nội', 20.8983184, 105.9499086, 1),
(99, N'Lò Đúc (Cửa hàng xe máy Honda)', N'Lò Đúc (Cửa hàng xe máy Honda), Hà Nội', 21.0268424, 105.8837608, 1),
(100, N'Kim Ngưu', N'Kim Ngưu, Hà Nội', 21.0052438, 105.6724142, 1),
(101, N'Tập thể E', N'Tập thể E, Hà Nội', 20.9987308, 105.7027590, 1),
(102, N'Quỳnh Mai - Kim Ngưu', N'Quỳnh Mai - Kim Ngưu, Hà Nội', 20.9991998, 105.8567220, 1),
(103, N'Cửa hàng nhựa đường số', N'Cửa hàng nhựa đường số, Hà Nội', 21.0458479, 105.7576570, 1),
(104, N'Cách cổng Công ty cơ khí Trần Hưng Đạo', N'Cách cổng Công ty cơ khí Trần Hưng Đạo, Hà Nội', 21.0152627, 105.8801365, 1),
(105, N'Tam Trinh', N'Tam Trinh, Hà Nội', 21.0077198, 105.7031041, 1),
(106, N'Lĩnh Nam', N'Lĩnh Nam, Hà Nội', 21.0637785, 105.8141623, 1),
(107, N'Lĩnh Nam - Thôn Tân Khai', N'Lĩnh Nam - Thôn Tân Khai, Hà Nội', 20.9881523, 105.7516888, 1),
(108, N'Trường THPT Hoàng Văn Thụ', N'Trường THPT Hoàng Văn Thụ, Hà Nội', 20.8622989, 105.8892698, 1),
(109, N'Bưu Điện Trung Tâm', N'Bưu Điện Trung Tâm, Hà Nội', 21.0615012, 105.7411061, 1),
(110, N'Đình Nam Dư Hạ - Đường dẫn cầu Thanh Trì', N'Đình Nam Dư Hạ - Đường dẫn cầu Thanh Trì, Hà Nội', 21.0418356, 105.8197455, 1),
(111, N'Qua đường vào chùa Khuyến Lương - Đường dẫn cầu Thanh Trì', N'Qua đường vào chùa Khuyến Lương - Đường dẫn cầu Thanh Trì, Hà Nội', 21.0049873, 105.8105838, 1),
(112, N'Số nhà', N'Số nhà, Hà Nội', 20.9292007, 105.6975964, 1),
(113, N'- Tổ', N'- Tổ, Hà Nội', 21.0597512, 105.7679491, 1),
(114, N'- Phường Yên Sở - Đường dẫn cầu Thanh Trì', N'- Phường Yên Sở - Đường dẫn cầu Thanh Trì, Hà Nội', 20.9864002, 105.7303949, 1),
(115, N'Công ty TNHH Minh Trường Sinh - Đường dẫn cầu Thanh Trì', N'Công ty TNHH Minh Trường Sinh - Đường dẫn cầu Thanh Trì, Hà Nội', 20.9947293, 105.7743229, 1),
(116, N'Qua lối rẽ khu hành chính quận Hoàng Mai - đường Pháp Vân', N'Qua lối rẽ khu hành chính quận Hoàng Mai - đường Pháp Vân, Hà Nội', 21.0266182, 105.6982453, 1),
(117, N'Đối diện Tập thể Bến xe Nước ngầm Hà Nội - Ngọc Hồi', N'Đối diện Tập thể Bến xe Nước ngầm Hà Nội - Ngọc Hồi, Hà Nội', 20.9281929, 105.8034082, 1),
(118, N'Trường PTTH Việt Nam Balan (Đối diện Khách sạn Nam Thành) - Ngọc Hồi B Bến xe Nước Ngầm', N'Trường PTTH Việt Nam Balan (Đối diện Khách sạn Nam Thành) - Ngọc Hồi B Bến xe Nước Ngầm, Hà Nội', 20.9242853, 105.8397194, 1),
(119, N'A Nhà NƠ.', N'A Nhà NƠ., Hà Nội', 20.9519318, 105.8466957, 1),
(120, N'Nhà NƠ.', N'Nhà NƠ., Hà Nội', 21.0940413, 105.9456517, 1),
(121, N'Đối diện Trạm cấp nước Linh Đàm - Nguyễn Hữu Thọ', N'Đối diện Trạm cấp nước Linh Đàm - Nguyễn Hữu Thọ, Hà Nội', 21.0025735, 105.9346394, 1),
(122, N'Công viên Bắc Linh Đàm - Nguyễn Hữu Thọ', N'Công viên Bắc Linh Đàm - Nguyễn Hữu Thọ, Hà Nội', 20.9301082, 105.8431044, 1),
(123, N'Điểm xén hè (Toà nhà CT', N'Điểm xén hè (Toà nhà CT, Hà Nội', 21.1334154, 105.8269610, 1),
(124, N'- KĐT Bắc Linh Đàm) - Cầu Dậu', N'- KĐT Bắc Linh Đàm) - Cầu Dậu, Hà Nội', 21.0736587, 105.6896024, 1),
(125, N'Đối diện cổng phụ Bệnh viện đa khoa y học cổ truyền', N'Đối diện cổng phụ Bệnh viện đa khoa y học cổ truyền, Hà Nội', 21.0584117, 105.6927217, 1),
(126, N'Đối diện trường Tiểu học, THCS Đại Kim', N'Đối diện trường Tiểu học, THCS Đại Kim, Hà Nội', 21.0112182, 105.6699102, 1),
(127, N'Kim Giang', N'Kim Giang, Hà Nội', 21.0675899, 105.8526572, 1),
(128, N'Khương Đình', N'Khương Đình, Hà Nội', 21.1019598, 105.7941620, 1),
(129, N'Nguyễn Tuân', N'Nguyễn Tuân, Hà Nội', 20.9501870, 105.8924986, 1),
(130, N'Làng Sinh viên Hacinco - Nguyễn Tuân', N'Làng Sinh viên Hacinco - Nguyễn Tuân, Hà Nội', 21.0859532, 105.7370761, 1),
(131, N'Qua Nhà N', N'Qua Nhà N, Hà Nội', 21.0081792, 105.7766121, 1),
(132, N'Trường THPT chuyên Hà Nội - Amsterdam (Hoàng Minh Giám)', N'Trường THPT chuyên Hà Nội - Amsterdam (Hoàng Minh Giám), Hà Nội', 21.1390011, 105.9332784, 1),
(133, N'Trường THPT Nguyễn Bỉnh Khiêm - đường Nguyễn Chánh', N'Trường THPT Nguyễn Bỉnh Khiêm - đường Nguyễn Chánh, Hà Nội', 21.0986431, 105.8962666, 1),
(134, N'Vũ Phạm Hàm', N'Vũ Phạm Hàm, Hà Nội', 21.1126468, 105.7534254, 1),
(135, N'Trường CĐ Cộng Đồng Hà Nội -', N'Trường CĐ Cộng Đồng Hà Nội -, Hà Nội', 21.1085212, 105.7761964, 1),
(136, N'Trung Kinh', N'Trung Kinh, Hà Nội', 21.0302600, 105.9298625, 1),
(137, N'Trước trường THCS Yên Hòa', N'Trước trường THCS Yên Hòa, Hà Nội', 21.1398774, 105.8368563, 1),
(138, N'Qua đối diện Viện Huyết học và truyền máu Trung ương', N'Qua đối diện Viện Huyết học và truyền máu Trung ương, Hà Nội', 20.9018084, 105.7789700, 1),
(139, N'Sân bóng Đồng Bông - Tôn Thất Thuyết (gần ĐH FPT)', N'Sân bóng Đồng Bông - Tôn Thất Thuyết (gần ĐH FPT), Hà Nội', 20.8676147, 105.7678697, 1),
(140, N'Toyota Mỹ Đình - Tôn Thất Thuyết', N'Toyota Mỹ Đình - Tôn Thất Thuyết, Hà Nội', 20.8709959, 105.6801414, 1),
(141, N'Vịnh xén hè trước Công ty cổ phần Sông Đà', N'Vịnh xén hè trước Công ty cổ phần Sông Đà, Hà Nội', 21.1248881, 105.7106547, 1),
(142, N'- đường Nguyễn Hoàng', N'- đường Nguyễn Hoàng, Hà Nội', 21.0188971, 105.8185103, 1),
(143, N'Vịnh xén hè xe buýt trước tòa nhà PT', N'Vịnh xén hè xe buýt trước tòa nhà PT, Hà Nội', 20.8740847, 105.7750648, 1),
(144, N'- KĐT Phú Mỹ - Đường Nguyễn Hoàng', N'- KĐT Phú Mỹ - Đường Nguyễn Hoàng, Hà Nội', 21.0180432, 105.6800793, 1),
(145, N'Vịnh xén hè xe buýt trước tòa nhà Sun Square - Đường Nguyễn Hoàng', N'Vịnh xén hè xe buýt trước tòa nhà Sun Square - Đường Nguyễn Hoàng, Hà Nội', 21.0332508, 105.9261134, 1),
(146, N'Hè đối diện Đơn nguyên', N'Hè đối diện Đơn nguyên, Hà Nội', 20.8601128, 105.7038279, 1),
(147, N'KTX Mỹ Đình - đường Hàm Nghi', N'KTX Mỹ Đình - đường Hàm Nghi, Hà Nội', 21.1492382, 105.8724572, 1),
(148, N'Hồ Tùng Mậu', N'Hồ Tùng Mậu, Hà Nội', 20.8689555, 105.7456658, 1),
(149, N'Đường K', N'Đường K, Hà Nội', 21.0395968, 105.8682914, 1),
(150, N'Cầu Diễn', N'Cầu Diễn, Hà Nội', 20.8586252, 105.8937674, 1),
(151, N'Lối rẽ vào ga Phú Diễn - Đường K', N'Lối rẽ vào ga Phú Diễn - Đường K, Hà Nội', 20.9653833, 105.9046681, 1),
(152, N'Đối diện cổng làng Phú Diễn - Đường K', N'Đối diện cổng làng Phú Diễn - Đường K, Hà Nội', 21.0034246, 105.8938661, 1),
(153, N'Đối diện Bến xe Giáp Bát - Giải Phóng', N'Đối diện Bến xe Giáp Bát - Giải Phóng, Hà Nội', 21.1465647, 105.8149786, 1),
(154, N'Ga Giáp Bát - Đối diện', N'Ga Giáp Bát - Đối diện, Hà Nội', 20.8536621, 105.6965045, 1),
(155, N'Trường PTTH Việt Nam Balan (Đối diện Khách sạn Nam Thành) - Ngọc Hồi', N'Trường PTTH Việt Nam Balan (Đối diện Khách sạn Nam Thành) - Ngọc Hồi, Hà Nội', 20.8905812, 105.8524449, 1),
(156, N'Qua đường vào Bệnh viện đa khoa Thăng Long', N'Qua đường vào Bệnh viện đa khoa Thăng Long, Hà Nội', 21.0568947, 105.9260309, 1),
(157, N'Ngọc Hồi', N'Ngọc Hồi, Hà Nội', 20.9728975, 105.9149471, 1),
(158, N'Đối diện TCT cơ điện nông nghiệp & Thủy lợi (Văn Điển) -', N'Đối diện TCT cơ điện nông nghiệp & Thủy lợi (Văn Điển) -, Hà Nội', 21.1298815, 105.6932975, 1),
(159, N'Đối diện Trụ sở HĐND huyện Thanh Trì - Ngọc Hồi', N'Đối diện Trụ sở HĐND huyện Thanh Trì - Ngọc Hồi, Hà Nội', 20.9860057, 105.6943696, 1),
(160, N'Qua ngã', N'Qua ngã, Hà Nội', 21.0712960, 105.7305635, 1),
(161, N'Ngọc Hồi - Phan Trọng Tuệ', N'Ngọc Hồi - Phan Trọng Tuệ, Hà Nội', 20.8603563, 105.9138769, 1),
(162, N'Qua Khu tập thể LICÔLA', N'Qua Khu tập thể LICÔLA, Hà Nội', 21.0094454, 105.9180185, 1),
(163, N'Đối diện Vidamco (Văn Điển) - Ngọc Hồi', N'Đối diện Vidamco (Văn Điển) - Ngọc Hồi, Hà Nội', 20.8570800, 105.7871390, 1),
(164, N'Qua Công ty CP Vận tải & Dịch vụ TS', N'Qua Công ty CP Vận tải & Dịch vụ TS, Hà Nội', 20.9428165, 105.6966400, 1),
(165, N'Viện nghiên cứu trồng & phát triển cây trồng', N'Viện nghiên cứu trồng & phát triển cây trồng, Hà Nội', 21.0381239, 105.7885029, 1),
(166, N'Đội', N'Đội, Hà Nội', 21.0542213, 105.8217620, 1),
(167, N'Thôn Ngọc Hồi - Km', N'Thôn Ngọc Hồi - Km, Hà Nội', 21.0345642, 105.8624652, 1),
(168, N'Quốc Lộ', N'Quốc Lộ, Hà Nội', 21.0616364, 105.8057796, 1),
(169, N'Cụm Công nghiệp vừa và nhỏ Ngọc Hồi - Km', N'Cụm Công nghiệp vừa và nhỏ Ngọc Hồi - Km, Hà Nội', 21.0583680, 105.7245304, 1),
(170, N'Cách đường vào UBND xã Liên Ninh', N'Cách đường vào UBND xã Liên Ninh, Hà Nội', 20.9105298, 105.8268268, 1),
(171, N'Đối diện Cây xăng Liên Ninh - Quốc Lộ', N'Đối diện Cây xăng Liên Ninh - Quốc Lộ, Hà Nội', 21.0367633, 105.9136429, 1),
(172, N'Qua lối rẽ vào Đình đền làng Yên Phú', N'Qua lối rẽ vào Đình đền làng Yên Phú, Hà Nội', 21.0135458, 105.9430629, 1),
(173, N'Đường vào Xí Nghiệp', N'Đường vào Xí Nghiệp, Hà Nội', 20.8916386, 105.7488659, 1),
(174, N'- Km', N'- Km, Hà Nội', 21.1038626, 105.8493685, 1),
(175, N'Đường vào Trại tạm giam số', N'Đường vào Trại tạm giam số, Hà Nội', 20.9390306, 105.7198301, 1),
(176, N'Qua lối rẽ trạm biến áp', N'Qua lối rẽ trạm biến áp, Hà Nội', 21.0883679, 105.8447932, 1),
(177, N'Thị trấn Thường Tín - Km', N'Thị trấn Thường Tín - Km, Hà Nội', 20.9457690, 105.7017100, 1),
(178, N'Đường vào Bệnh viện tâm thần Trung ương - Km', N'Đường vào Bệnh viện tâm thần Trung ương - Km, Hà Nội', 20.9659912, 105.8450200, 1),
(179, N'Qua BX Thường Tín', N'Qua BX Thường Tín, Hà Nội', 21.0517354, 105.8310895, 1),
(180, N'Đối diện công ty PTXD Hoàng Long - Quốc Lộ', N'Đối diện công ty PTXD Hoàng Long - Quốc Lộ, Hà Nội', 20.9151094, 105.8743995, 1),
(181, N'Cửa hàng điện thoại di động Minh Thanh - Quốc Lộ', N'Cửa hàng điện thoại di động Minh Thanh - Quốc Lộ, Hà Nội', 21.0469537, 105.7090584, 1),
(182, N'Đông Y Phúc Kiên (Chợ Cầu) - Quốc Lộ', N'Đông Y Phúc Kiên (Chợ Cầu) - Quốc Lộ, Hà Nội', 20.8518899, 105.7067764, 1),
(183, N'Qua đường vào xưởng thêu tay - Quốc Lộ', N'Qua đường vào xưởng thêu tay - Quốc Lộ, Hà Nội', 20.9828684, 105.7122373, 1),
(184, N'Cửa hàng ĐTDĐ Mạnh Cường (', N'Cửa hàng ĐTDĐ Mạnh Cường (, Hà Nội', 21.0187602, 105.6933774, 1),
(185, N'Tô Hiệu - Phố Tía) - Quốc Lộ', N'Tô Hiệu - Phố Tía) - Quốc Lộ, Hà Nội', 20.8966747, 105.8911602, 1),
(186, N'Rặng nhãn - Gần ga Tía - Km', N'Rặng nhãn - Gần ga Tía - Km, Hà Nội', 20.9788923, 105.8194403, 1),
(187, N'- Quốc Lộ', N'- Quốc Lộ, Hà Nội', 20.9364571, 105.9185462, 1),
(188, N'Đối diện đình Nguộn - Quốc Lộ', N'Đối diện đình Nguộn - Quốc Lộ, Hà Nội', 20.8686637, 105.7690646, 1),
(189, N'Cửa hàng đồ gỗ Thanh Bình, qua cầu Đỗ Xá - Quốc lộ', N'Cửa hàng đồ gỗ Thanh Bình, qua cầu Đỗ Xá - Quốc lộ, Hà Nội', 20.9931480, 105.9174773, 1),
(190, N'Đối diện café Mê Trang - Quốc Lộ', N'Đối diện café Mê Trang - Quốc Lộ, Hà Nội', 20.9955064, 105.7499265, 1),
(191, N'Cửa hàng điện lạnh Hằng - Dịu - Quốc Lộ', N'Cửa hàng điện lạnh Hằng - Dịu - Quốc Lộ, Hà Nội', 20.9729614, 105.6513490, 1),
(192, N'Đối diện đồ gỗ Ích Bùi (H', N'Đối diện đồ gỗ Ích Bùi (H, Hà Nội', 20.8633807, 105.9360473, 1),
(193, N'Đồ gỗ Mỹ Hà - Quốc Lộ', N'Đồ gỗ Mỹ Hà - Quốc Lộ, Hà Nội', 20.9809621, 105.6936948, 1),
(194, N'Bưu điện Phú Xuyên - Quốc Lộ', N'Bưu điện Phú Xuyên - Quốc Lộ, Hà Nội', 20.8623073, 105.8277205, 1),
(195, N'Đối diện công ty giống cây trồng Nam Dương - Quốc Lộ', N'Đối diện công ty giống cây trồng Nam Dương - Quốc Lộ, Hà Nội', 20.9328231, 105.7165912, 1),
(196, N'Phố Guột - Quốc Lộ', N'Phố Guột - Quốc Lộ, Hà Nội', 21.0719678, 105.8029963, 1),
(197, N'Ngã', N'Ngã, Hà Nội', 20.8675811, 105.8413266, 1),
(198, N'đường ra Cao tốc Pháp Vân - Cầu Giẽ - Quốc Lộ', N'đường ra Cao tốc Pháp Vân - Cầu Giẽ - Quốc Lộ, Hà Nội', 21.0023317, 105.9447903, 1),
(199, N'Gần cửa hàng thời trang Zulia’s (đối diện cột mốc H', N'Gần cửa hàng thời trang Zulia’s (đối diện cột mốc H, Hà Nội', 21.0993400, 105.6843779, 1),
(200, N'Qua Siêu thị Lanchi Mart', N'Qua Siêu thị Lanchi Mart, Hà Nội', 21.0265922, 105.8717273, 1),
(201, N'- TL', N'- TL, Hà Nội', 21.0203827, 105.8054652, 1),
(202, N'Cạnh cửa hàng đồ gỗ Điệp Trang (đối diện cột mốc H', N'Cạnh cửa hàng đồ gỗ Điệp Trang (đối diện cột mốc H, Hà Nội', 20.9533938, 105.8792455, 1),
(203, N'Trước nhà', N'Trước nhà, Hà Nội', 21.0520367, 105.7225622, 1),
(204, N'Thôn Vân Hoà - Xã Vân Tảo (Đường', N'Thôn Vân Hoà - Xã Vân Tảo (Đường, Hà Nội', 21.0364054, 105.9102844, 1),
(205, N'Đối diện Trường mầm non tư thục Bình Minh - TL', N'Đối diện Trường mầm non tư thục Bình Minh - TL, Hà Nội', 21.1329048, 105.9012210, 1),
(206, N'Cạnh cột mốc H', N'Cạnh cột mốc H, Hà Nội', 20.9297469, 105.8220431, 1),
(207, N'xã Vạn Điểm', N'xã Vạn Điểm, Hà Nội', 21.1367042, 105.6524228, 1),
(208, N'Đối diện đồ gỗ Đốc Hằng - TL', N'Đối diện đồ gỗ Đốc Hằng - TL, Hà Nội', 21.0675970, 105.8968418, 1),
(209, N'thôn Phú Thịnh - Phú Minh - TL', N'thôn Phú Thịnh - Phú Minh - TL, Hà Nội', 21.1239718, 105.8843996, 1),
(210, N'Nhà hàng Bằng Liễu - Đường trục huyện Thao Chính', N'Nhà hàng Bằng Liễu - Đường trục huyện Thao Chính, Hà Nội', 20.8755108, 105.8610355, 1),
(211, N'Túi xách Tiến Thắm - Đường trục huyện Thao Chính', N'Túi xách Tiến Thắm - Đường trục huyện Thao Chính, Hà Nội', 20.8532805, 105.8494765, 1),
(212, N'Đối diện trạm y tế xã Sơn Hà - Đường trục huyện Thao Chính', N'Đối diện trạm y tế xã Sơn Hà - Đường trục huyện Thao Chính, Hà Nội', 21.1095515, 105.9262222, 1),
(213, N'Đối diện gần cửa hàng xăng dầu xã Tân Dân - Đường trục huyện Thao Chính', N'Đối diện gần cửa hàng xăng dầu xã Tân Dân - Đường trục huyện Thao Chính, Hà Nội', 21.0083712, 105.9069618, 1),
(214, N'Qua cầu anh Trỗi', N'Qua cầu anh Trỗi, Hà Nội', 20.9672869, 105.6516576, 1),
(215, N'Nhà văn hoá thôn Tử Dương - TL', N'Nhà văn hoá thôn Tử Dương - TL, Hà Nội', 21.1377428, 105.6874737, 1),
(216, N'Đối diện cột mốc Km', N'Đối diện cột mốc Km, Hà Nội', 21.0220281, 105.7458274, 1),
(217, N'Đối diện gần trường THPT Đồng Quan - TL', N'Đối diện gần trường THPT Đồng Quan - TL, Hà Nội', 21.0527553, 105.8928155, 1),
(218, N'Trước cầu Đồng Quan', N'Trước cầu Đồng Quan, Hà Nội', 20.9983847, 105.8785509, 1),
(219, N'Gần cột mốc Km', N'Gần cột mốc Km, Hà Nội', 21.0891850, 105.7986229, 1),
(220, N'Gần mốc Km', N'Gần mốc Km, Hà Nội', 20.9332879, 105.8627791, 1),
(221, N'đi Phú Túc -', N'đi Phú Túc -, Hà Nội', 20.9054369, 105.7444845, 1),
(222, N'Gần ngã', N'Gần ngã, Hà Nội', 20.9520789, 105.6874200, 1),
(223, N'vào làng Phú Túc', N'vào làng Phú Túc, Hà Nội', 21.0682505, 105.7980909, 1),
(224, N'Gần đối diện cổng làng Lưu Thượng', N'Gần đối diện cổng làng Lưu Thượng, Hà Nội', 20.9340875, 105.9390663, 1),
(225, N'A CV Thủ Lệ (Cột', N'A CV Thủ Lệ (Cột, Hà Nội', 20.9637526, 105.8662025, 1),
(226, N'Cầu Giấy - Khách sạn Cầu Giấy', N'Cầu Giấy - Khách sạn Cầu Giấy, Hà Nội', 20.9463214, 105.9414196, 1),
(227, N'Đối diện Trường Cao đẳng Điện tử - Điện lạnh Hà Nội', N'Đối diện Trường Cao đẳng Điện tử - Điện lạnh Hà Nội, Hà Nội', 21.0680935, 105.6958265, 1),
(228, N'Bảo tàng dân tộc học Việt Nam - Nguyễn Văn Huyên', N'Bảo tàng dân tộc học Việt Nam - Nguyễn Văn Huyên, Hà Nội', 20.9874642, 105.8664957, 1),
(229, N'Hoàng Quốc Việt - Ngã', N'Hoàng Quốc Việt - Ngã, Hà Nội', 20.9176654, 105.7639781, 1),
(230, N'Nguyễn Văn Huyên', N'Nguyễn Văn Huyên, Hà Nội', 20.9073282, 105.7313680, 1),
(231, N'Hoàng Quốc Việt', N'Hoàng Quốc Việt, Hà Nội', 21.0340408, 105.7937540, 1),
(232, N'Hoàng Quốc Việt - Đối diện HV Chính trị Quốc Gia Hồ Chí Minh', N'Hoàng Quốc Việt - Đối diện HV Chính trị Quốc Gia Hồ Chí Minh, Hà Nội', 21.1492309, 105.6882429, 1),
(233, N'Trung chuyển xe buýt Hoàng Quốc Việt (Cột', N'Trung chuyển xe buýt Hoàng Quốc Việt (Cột, Hà Nội', 20.9832773, 105.7581782, 1),
(234, N'Phạm Văn Đồng', N'Phạm Văn Đồng, Hà Nội', 21.0044650, 105.7440853, 1),
(235, N'Qua', N'Qua, Hà Nội', 20.8831240, 105.9413837, 1),
(236, N'Hải Bối, Vĩnh Ngọc', N'Hải Bối, Vĩnh Ngọc, Hà Nội', 21.0691064, 105.7088006, 1),
(237, N'Qua ngã tư khu CN Thăng Long', N'Qua ngã tư khu CN Thăng Long, Hà Nội', 20.9149256, 105.8191769, 1),
(238, N'Đối diện UBND xã Kim Chung- Km', N'Đối diện UBND xã Kim Chung- Km, Hà Nội', 20.9538510, 105.7681506, 1),
(239, N'Cao tốc BTL-NB', N'Cao tốc BTL-NB, Hà Nội', 21.0496570, 105.6978848, 1),
(240, N'Qua cầu chu dân sinh số', N'Qua cầu chu dân sinh số, Hà Nội', 21.1173995, 105.8091209, 1),
(241, N'- Đường vào thôn Nhuế, Km', N'- Đường vào thôn Nhuế, Km, Hà Nội', 20.9595335, 105.8116156, 1),
(242, N'(chiều Hà Nội đi sân bay Nội Bài)', N'(chiều Hà Nội đi sân bay Nội Bài), Hà Nội', 20.8731047, 105.8913785, 1),
(243, N'Cầu Vân Trì- Km', N'Cầu Vân Trì- Km, Hà Nội', 20.8580278, 105.8236706, 1),
(244, N'Trước', N'Trước, Hà Nội', 20.9571719, 105.7587487, 1),
(245, N'Công ty cơ khí Nam Hồng- Km', N'Công ty cơ khí Nam Hồng- Km, Hà Nội', 20.8918869, 105.8078234, 1),
(246, N'Đối diện KCN Quang Minh (Melinh Palaza) - Km', N'Đối diện KCN Quang Minh (Melinh Palaza) - Km, Hà Nội', 21.0446534, 105.7193091, 1),
(247, N'Nhà máy tấm lợp VitMetal- Km', N'Nhà máy tấm lợp VitMetal- Km, Hà Nội', 21.0988787, 105.8995399, 1),
(248, N'Soát vé cao tốc Bắc Thăng Long - Km', N'Soát vé cao tốc Bắc Thăng Long - Km, Hà Nội', 21.0567989, 105.6917430, 1),
(249, N'Ngã tư Cao tốc TL- Phúc Yên - Km', N'Ngã tư Cao tốc TL- Phúc Yên - Km, Hà Nội', 21.1445102, 105.8059419, 1),
(250, N'vào thôn Điền Xá', N'vào thôn Điền Xá, Hà Nội', 21.0200268, 105.9190092, 1),
(251, N'Đối diện nhà ga T', N'Đối diện nhà ga T, Hà Nội', 21.0598452, 105.8464226, 1),
(252, N'sân bay Nội Bài', N'sân bay Nội Bài, Hà Nội', 21.0128521, 105.6881823, 1),
(253, N'Ngô Quyền - TT Giao Dịch Công Nghệ', N'Ngô Quyền - TT Giao Dịch Công Nghệ, Hà Nội', 21.1208119, 105.7633036, 1),
(254, N'Lý Thường Kiệt - Trường THCS Trưng Vương', N'Lý Thường Kiệt - Trường THCS Trưng Vương, Hà Nội', 20.9725584, 105.6674817, 1),
(255, N'Bà Triệu', N'Bà Triệu, Hà Nội', 21.0370265, 105.6937773, 1),
(256, N'Đối diện Vincom Tower - Bà Triệu', N'Đối diện Vincom Tower - Bà Triệu, Hà Nội', 20.9282245, 105.8780526, 1),
(257, N'Bạch Mai', N'Bạch Mai, Hà Nội', 20.9551723, 105.7306098, 1),
(258, N'Lê Thanh Nghị', N'Lê Thanh Nghị, Hà Nội', 21.0809152, 105.8589807, 1),
(259, N'Qua Viện tin học pháp ngữ', N'Qua Viện tin học pháp ngữ, Hà Nội', 21.0283584, 105.8196857, 1),
(260, N'Kí túc xá ĐH Xây Dựng', N'Kí túc xá ĐH Xây Dựng, Hà Nội', 21.0654208, 105.8593130, 1),
(261, N'Trần Đại Nghĩa', N'Trần Đại Nghĩa, Hà Nội', 21.0586456, 105.9474541, 1),
(262, N'Giải Phóng - Ngân hàng Nông nghiệp & PTNT Chi nhánh Nam Hà Nội', N'Giải Phóng - Ngân hàng Nông nghiệp & PTNT Chi nhánh Nam Hà Nội, Hà Nội', 21.1008785, 105.8005277, 1),
(263, N'Đối diện Công ty CP XNK vật tư Nông Nghiệp - Ngũ Hiệp', N'Đối diện Công ty CP XNK vật tư Nông Nghiệp - Ngũ Hiệp, Hà Nội', 21.0850624, 105.7606932, 1),
(264, N'XN thiết bị y tế', N'XN thiết bị y tế, Hà Nội', 21.0699339, 105.8969370, 1),
(265, N'- Ngũ Hiệp', N'- Ngũ Hiệp, Hà Nội', 21.0639476, 105.9347405, 1),
(266, N'Đối diện làng Tương Chúc - Ngũ Hiệp', N'Đối diện làng Tương Chúc - Ngũ Hiệp, Hà Nội', 20.8577975, 105.7999267, 1),
(267, N'Cầu Đông Mỹ- Ngũ Hiệp (Chiều Long Biên - Đông Mỹ)', N'Cầu Đông Mỹ- Ngũ Hiệp (Chiều Long Biên - Đông Mỹ), Hà Nội', 21.0723403, 105.7644400, 1),
(268, N'Trung tâm giáo dục thường xuyên Đông Mỹ - Ngũ Hiệp', N'Trung tâm giáo dục thường xuyên Đông Mỹ - Ngũ Hiệp, Hà Nội', 21.0336304, 105.8447262, 1),
(269, N'A (A) Bờ Hồ', N'A (A) Bờ Hồ, Hà Nội', 21.0584014, 105.8945405, 1),
(270, N'Lê Thái Tổ - Hàng Trống', N'Lê Thái Tổ - Hàng Trống, Hà Nội', 20.9671363, 105.9255755, 1),
(271, N'Đối diện Trung tâm giải trí Ngôi Sao Xanh (Hồ Thiền Quang) - Trần Nhân Tông', N'Đối diện Trung tâm giải trí Ngôi Sao Xanh (Hồ Thiền Quang) - Trần Nhân Tông, Hà Nội', 20.9654881, 105.7331317, 1),
(272, N'Flatfom dành riêng cho xe buýt trước nhà', N'Flatfom dành riêng cho xe buýt trước nhà, Hà Nội', 21.0430663, 105.9066926, 1),
(273, N'Đường Láng', N'Đường Láng, Hà Nội', 20.8685121, 105.7029383, 1),
(274, N'đường Láng - Trường Đảng Lê Hồng Phong', N'đường Láng - Trường Đảng Lê Hồng Phong, Hà Nội', 21.0655389, 105.6923688, 1),
(275, N'Láng Hạ', N'Láng Hạ, Hà Nội', 21.0826010, 105.8808951, 1),
(276, N'Đối diện Đài Truyền hình Hà Nội', N'Đối diện Đài Truyền hình Hà Nội, Hà Nội', 21.0326548, 105.9298073, 1),
(277, N'Huỳnh Thúc Kháng', N'Huỳnh Thúc Kháng, Hà Nội', 21.0348441, 105.8564089, 1),
(278, N'Nguyễn Chí Thanh - KTX Đại học Luật', N'Nguyễn Chí Thanh - KTX Đại học Luật, Hà Nội', 21.0098310, 105.9029915, 1),
(279, N'Đối diện Học viện Quan hệ quốc tế -', N'Đối diện Học viện Quan hệ quốc tế -, Hà Nội', 21.1300395, 105.7030660, 1),
(280, N'Chùa Láng', N'Chùa Láng, Hà Nội', 21.0376087, 105.6949118, 1),
(281, N'Đối diện THCS Láng Thượng - Chùa Láng', N'Đối diện THCS Láng Thượng - Chùa Láng, Hà Nội', 21.0908708, 105.8072777, 1),
(282, N'ĐH Giao Thông Vận Tải - Điểm số', N'ĐH Giao Thông Vận Tải - Điểm số, Hà Nội', 20.9763826, 105.8488971, 1),
(283, N'Kim Mã', N'Kim Mã, Hà Nội', 20.9118312, 105.7304572, 1),
(284, N'Đại sứ quán Nhật Bản -', N'Đại sứ quán Nhật Bản -, Hà Nội', 21.1165786, 105.7475894, 1),
(285, N'Liễu Giai', N'Liễu Giai, Hà Nội', 21.0344700, 105.6988078, 1),
(286, N'Viện Khoa học Xã Hội Việt Nam - số', N'Viện Khoa học Xã Hội Việt Nam - số, Hà Nội', 20.9682526, 105.6502710, 1),
(287, N'Văn Cao - Đối diện Cung thể thao Quần Ngựa Hà Nội', N'Văn Cao - Đối diện Cung thể thao Quần Ngựa Hà Nội, Hà Nội', 21.1291780, 105.8166513, 1),
(288, N'Hoàng Hoa Thám', N'Hoàng Hoa Thám, Hà Nội', 20.8889090, 105.6857924, 1),
(289, N'Trường THCS Ba Đình -', N'Trường THCS Ba Đình -, Hà Nội', 20.8557364, 105.8854614, 1),
(290, N'Ngọc Hà', N'Ngọc Hà, Hà Nội', 20.9125368, 105.8892717, 1),
(291, N'Lê Hồng Phong', N'Lê Hồng Phong, Hà Nội', 20.9712418, 105.7813680, 1),
(292, N'Điện Biên Phủ', N'Điện Biên Phủ, Hà Nội', 21.1064341, 105.8960237, 1),
(293, N'Hai Bà Trưng - Tháp Hà Nội', N'Hai Bà Trưng - Tháp Hà Nội, Hà Nội', 20.8597831, 105.8988831, 1),
(294, N'Hai Bà Trưng - Bệnh viện Việt Nam Cu Ba', N'Hai Bà Trưng - Bệnh viện Việt Nam Cu Ba, Hà Nội', 21.1053423, 105.7658511, 1),
(295, N'Bưu điện Thành phố Hà Nội -', N'Bưu điện Thành phố Hà Nội -, Hà Nội', 20.9733796, 105.9079500, 1),
(296, N'Ngô Gia Tự - gần đường lên Cầu Đuống', N'Ngô Gia Tự - gần đường lên Cầu Đuống, Hà Nội', 21.0547357, 105.9048681, 1),
(297, N'Cạnh đường vào Phù Đổng -', N'Cạnh đường vào Phù Đổng -, Hà Nội', 21.0982042, 105.7951513, 1),
(298, N'Hà Huy Tập', N'Hà Huy Tập, Hà Nội', 21.0368090, 105.8804468, 1),
(299, N'Công ty Giầy Yên Viên -', N'Công ty Giầy Yên Viên -, Hà Nội', 21.0940011, 105.7680160, 1),
(300, N'Dốc Lã - Hà Huy Tập', N'Dốc Lã - Hà Huy Tập, Hà Nội', 20.9537841, 105.7876709, 1),
(301, N'Hè trước chợ Trùng Quán - QL', N'Hè trước chợ Trùng Quán - QL, Hà Nội', 20.9978694, 105.6938445, 1),
(302, N'(chiều Hà Nội - Băc Ninh)', N'(chiều Hà Nội - Băc Ninh), Hà Nội', 21.0036006, 105.9228458, 1),
(303, N'Đường vào Trường CĐ Thuỷ sản - Bắc Ninh - Quốc Lộ', N'Đường vào Trường CĐ Thuỷ sản - Bắc Ninh - Quốc Lộ, Hà Nội', 21.1362196, 105.9213282, 1),
(304, N'Cầu Chùa Dận - Quốc lộ', N'Cầu Chùa Dận - Quốc lộ, Hà Nội', 20.9028849, 105.7511611, 1),
(305, N'Đường vào Đình Bảng - Quốc Lộ', N'Đường vào Đình Bảng - Quốc Lộ, Hà Nội', 20.9507243, 105.6944703, 1),
(306, N'Bưu điện Từ Sơn (', N'Bưu điện Từ Sơn (, Hà Nội', 21.0912873, 105.9215161, 1),
(307, N'Trần Phú - Từ Sơn) - Quốc Lộ', N'Trần Phú - Từ Sơn) - Quốc Lộ, Hà Nội', 21.1154684, 105.7139187, 1),
(308, N'Trần Phú - Từ Sơn - Quốc Lộ', N'Trần Phú - Từ Sơn - Quốc Lộ, Hà Nội', 20.8898528, 105.6818148, 1),
(309, N'Minh Khai', N'Minh Khai, Hà Nội', 21.1032666, 105.7308032, 1),
(310, N'Nguyễn Khoái (Ngã', N'Nguyễn Khoái (Ngã, Hà Nội', 20.8840412, 105.6827019, 1),
(311, N'Dốc Minh Khai)', N'Dốc Minh Khai), Hà Nội', 21.0492550, 105.7725250, 1),
(312, N'Đối diện BX Lương Yên (Trước nhà', N'Đối diện BX Lương Yên (Trước nhà, Hà Nội', 21.0593342, 105.9267571, 1),
(313, N'Đầm Trấu) - Nguyễn Khoái', N'Đầm Trấu) - Nguyễn Khoái, Hà Nội', 21.0593706, 105.8986771, 1),
(314, N'Bộ đội biên phòng - Ngõ', N'Bộ đội biên phòng - Ngõ, Hà Nội', 20.9340677, 105.8235806, 1),
(315, N'Nguyễn Khoái', N'Nguyễn Khoái, Hà Nội', 20.9202246, 105.8683779, 1),
(316, N'Đối diện Xưởng vẽ Tranh sơn dầu Mai Hồng - Yên Thường', N'Đối diện Xưởng vẽ Tranh sơn dầu Mai Hồng - Yên Thường, Hà Nội', 20.9102022, 105.8489981, 1),
(317, N'Giáp cửa hàng vải Dũng Thúy - Đầu chợ vải Ninh Hiệp', N'Giáp cửa hàng vải Dũng Thúy - Đầu chợ vải Ninh Hiệp, Hà Nội', 20.9851323, 105.7677826, 1),
(318, N'Trạm biến áp số', N'Trạm biến áp số, Hà Nội', 21.0981926, 105.7787781, 1),
(319, N'- Chợ vải Ninh Hiệp', N'- Chợ vải Ninh Hiệp, Hà Nội', 21.0387039, 105.6983926, 1),
(320, N'Bưu điện xã Ninh Hiệp', N'Bưu điện xã Ninh Hiệp, Hà Nội', 20.9669427, 105.7738014, 1),
(321, N'Xóm', N'Xóm, Hà Nội', 21.0794065, 105.7630117, 1),
(322, N'- Gần đường vào Đình Xuyên - xã Ninh Hiệp', N'- Gần đường vào Đình Xuyên - xã Ninh Hiệp, Hà Nội', 21.1240295, 105.9345381, 1),
(323, N'Khu Sinh thái Cánh buồm Xanh - Ninh Hiệp', N'Khu Sinh thái Cánh buồm Xanh - Ninh Hiệp, Hà Nội', 21.0058998, 105.7068057, 1),
(324, N'Qua đường vào hầm chui Quốc lộ', N'Qua đường vào hầm chui Quốc lộ, Hà Nội', 20.9449568, 105.7179798, 1),
(325, N'Qua đường vào Trường THCS Phù Đổng', N'Qua đường vào Trường THCS Phù Đổng, Hà Nội', 20.9487076, 105.6759003, 1),
(326, N'A Công Viên Thống Nhất - Trần Nhân Tông', N'A Công Viên Thống Nhất - Trần Nhân Tông, Hà Nội', 21.1431464, 105.8198450, 1),
(327, N'Quang Trung - Đối diện Hồ Thiền Quang', N'Quang Trung - Đối diện Hồ Thiền Quang, Hà Nội', 20.9539211, 105.7453090, 1),
(328, N'Lý Thái Tổ - Ngân hàng Nhà nước Việt Nam', N'Lý Thái Tổ - Ngân hàng Nhà nước Việt Nam, Hà Nội', 21.1046989, 105.7689175, 1),
(329, N'Hàng Tre', N'Hàng Tre, Hà Nội', 21.1001472, 105.9417136, 1),
(330, N'Hàng Muối', N'Hàng Muối, Hà Nội', 21.0036566, 105.6587941, 1),
(331, N'Công ty CP nhựa Hàm Rồng - Đối diện', N'Công ty CP nhựa Hàm Rồng - Đối diện, Hà Nội', 21.0137980, 105.7447233, 1),
(332, N'đường Long Biên', N'đường Long Biên, Hà Nội', 20.9645741, 105.8551140, 1),
(333, N'Ngọc Lâm - Dốc Cẩm', N'Ngọc Lâm - Dốc Cẩm, Hà Nội', 21.0410784, 105.6927215, 1),
(334, N'Ngọc Lâm', N'Ngọc Lâm, Hà Nội', 21.0496523, 105.7635078, 1),
(335, N'Đối diện siêu thị BigC Long Biên - Nguyễn Văn Linh', N'Đối diện siêu thị BigC Long Biên - Nguyễn Văn Linh, Hà Nội', 21.0376707, 105.7462623, 1),
(336, N'Đối diện Công ty nước sạch - Nguyễn Văn Linh', N'Đối diện Công ty nước sạch - Nguyễn Văn Linh, Hà Nội', 21.0175150, 105.7250471, 1),
(337, N'Đối diện UBND phường Phúc Đồng -', N'Đối diện UBND phường Phúc Đồng -, Hà Nội', 21.1491201, 105.7732115, 1),
(338, N'Nguyễn Văn Linh', N'Nguyễn Văn Linh, Hà Nội', 21.0299062, 105.8218953, 1),
(339, N'Khu CN Sài Đồng - Hanel - Đối diện', N'Khu CN Sài Đồng - Hanel - Đối diện, Hà Nội', 20.8763176, 105.7154310, 1),
(340, N'Đường vào đường Thạch Bàn - Đối diện', N'Đường vào đường Thạch Bàn - Đối diện, Hà Nội', 20.8711622, 105.7261517, 1),
(341, N'Đối diện Công ty May', N'Đối diện Công ty May, Hà Nội', 20.8512334, 105.7767852, 1),
(342, N'- Nguyễn Văn Linh', N'- Nguyễn Văn Linh, Hà Nội', 21.0932600, 105.9095499, 1),
(343, N'cầu Thanh Trì - Nguyễn Đức Thuận', N'cầu Thanh Trì - Nguyễn Đức Thuận, Hà Nội', 20.9881965, 105.9366069, 1),
(344, N'Đối diện bưu điện Trâu Quỳ - Nguyễn Đức Thuận', N'Đối diện bưu điện Trâu Quỳ - Nguyễn Đức Thuận, Hà Nội', 21.1065677, 105.7507122, 1),
(345, N'Ngô Xuân Quảng', N'Ngô Xuân Quảng, Hà Nội', 21.0255205, 105.8414855, 1),
(346, N'Đối diện Cty Tư vấn dịch vụ khoa học Nông nghiệp - Ngô Xuân Quảng B HV Nông Nghiệp Việt Nam', N'Đối diện Cty Tư vấn dịch vụ khoa học Nông nghiệp - Ngô Xuân Quảng B HV Nông Nghiệp Việt Nam, Hà Nội', 21.1031240, 105.7300846, 1),
(347, N'A CV Nghĩa Đô', N'A CV Nghĩa Đô, Hà Nội', 21.1311702, 105.8613505, 1),
(348, N'Nguyễn Khánh Toàn', N'Nguyễn Khánh Toàn, Hà Nội', 20.9253449, 105.7904634, 1),
(349, N'Hè trước đối diện số nhà', N'Hè trước đối diện số nhà, Hà Nội', 20.9144192, 105.7133018, 1),
(350, N'Đào Tấn (đối diện', N'Đào Tấn (đối diện, Hà Nội', 20.8785081, 105.8631991, 1),
(351, N'Đào Tấn)', N'Đào Tấn), Hà Nội', 20.9630880, 105.6584917, 1),
(352, N'Hồ Ngọc Khánh - Đối diện', N'Hồ Ngọc Khánh - Đối diện, Hà Nội', 21.1301867, 105.9166993, 1),
(353, N'Nguyễn Chí Thanh', N'Nguyễn Chí Thanh, Hà Nội', 20.9129650, 105.6635997, 1),
(354, N'Nguyễn Chí Thanh - Cạnh Khách Sạn Bảo Sơn', N'Nguyễn Chí Thanh - Cạnh Khách Sạn Bảo Sơn, Hà Nội', 21.0440067, 105.8747780, 1),
(355, N'Đối diện Đại học Luật Hà Nội - Nguyễn Chí Thanh', N'Đối diện Đại học Luật Hà Nội - Nguyễn Chí Thanh, Hà Nội', 21.0523955, 105.7890392, 1),
(356, N'Trung tâm y tế dự phòng HN -', N'Trung tâm y tế dự phòng HN -, Hà Nội', 21.0586728, 105.6776841, 1),
(357, N'KTX Đại học Giao thông Vận tải -', N'KTX Đại học Giao thông Vận tải -, Hà Nội', 21.0707914, 105.8210222, 1),
(358, N'Huỳnh Thúc Kháng - Cạnh Đài Truyền hình Hà Nội', N'Huỳnh Thúc Kháng - Cạnh Đài Truyền hình Hà Nội, Hà Nội', 20.9461598, 105.9183154, 1),
(359, N'Trạm biến áp F', N'Trạm biến áp F, Hà Nội', 21.0749442, 105.7039599, 1),
(360, N'Thành Công -', N'Thành Công -, Hà Nội', 20.9652894, 105.6801648, 1),
(361, N'Thái Hà', N'Thái Hà, Hà Nội', 21.1215419, 105.6534086, 1),
(362, N'Bể bơi Thái Hà', N'Bể bơi Thái Hà, Hà Nội', 20.9686111, 105.9319634, 1),
(363, N'Chùa Bộc', N'Chùa Bộc, Hà Nội', 21.0481730, 105.8378754, 1),
(364, N'Tôn Thất Tùng - Đối diện Đại học Y Hà Nội', N'Tôn Thất Tùng - Đối diện Đại học Y Hà Nội, Hà Nội', 21.0215817, 105.7967800, 1),
(365, N'Lê Trọng Tấn', N'Lê Trọng Tấn, Hà Nội', 21.0283639, 105.7102798, 1),
(366, N'Đối diện siêu thị ACE Mart - Định Công', N'Đối diện siêu thị ACE Mart - Định Công, Hà Nội', 21.0534857, 105.9105011, 1),
(367, N'Công viên Định Công', N'Công viên Định Công, Hà Nội', 21.0288335, 105.7467211, 1),
(368, N'Đối diện Chợ xanh Định Công', N'Đối diện Chợ xanh Định Công, Hà Nội', 21.0793627, 105.9161632, 1),
(369, N'Qua cầu Định Công', N'Qua cầu Định Công, Hà Nội', 21.1091582, 105.7114340, 1),
(370, N'Nhà A', N'Nhà A, Hà Nội', 21.1114099, 105.7065214, 1),
(371, N'Đại Kim - Nguyễn Cảnh Dị', N'Đại Kim - Nguyễn Cảnh Dị, Hà Nội', 21.0754308, 105.7124169, 1),
(372, N'Đối diện Cty cổ phẩn tập đoàn đầu tư - số', N'Đối diện Cty cổ phẩn tập đoàn đầu tư - số, Hà Nội', 20.9168983, 105.9275373, 1),
(373, N'lô F', N'lô F, Hà Nội', 20.8802541, 105.7422032, 1),
(374, N'Nguyễn Cảnh Dị', N'Nguyễn Cảnh Dị, Hà Nội', 20.9775930, 105.8901320, 1),
(375, N'Đối diện đài tưởng niệm chủ tịch HCM - đường Nguyễn Hữu Thọ', N'Đối diện đài tưởng niệm chủ tịch HCM - đường Nguyễn Hữu Thọ, Hà Nội', 20.9515514, 105.7125947, 1),
(376, N'Bãi đỗ xe KĐT Linh Đàm - Nguyễn Hữu Thọ', N'Bãi đỗ xe KĐT Linh Đàm - Nguyễn Hữu Thọ, Hà Nội', 21.0629920, 105.9065964, 1),
(377, N'Nhà HH', N'Nhà HH, Hà Nội', 20.9321834, 105.6909139, 1),
(378, N'Gần công ty lưới điện Miền Bắc', N'Gần công ty lưới điện Miền Bắc, Hà Nội', 20.9463951, 105.8714676, 1),
(379, N'Qua chợ Xanh Linh Đàm', N'Qua chợ Xanh Linh Đàm, Hà Nội', 20.9212513, 105.9284302, 1),
(380, N'Đối diện tượng đài Liệt sỹ phường Hoàng Liệt', N'Đối diện tượng đài Liệt sỹ phường Hoàng Liệt, Hà Nội', 21.0688914, 105.7444727, 1),
(381, N'Chùa Ngọc Hồi - Đường mới', N'Chùa Ngọc Hồi - Đường mới, Hà Nội', 21.1262250, 105.9391016, 1),
(382, N'Đối diện trường THCS Ngọc Hồi - Đường mới', N'Đối diện trường THCS Ngọc Hồi - Đường mới, Hà Nội', 20.9918018, 105.7653108, 1),
(383, N'Trước ngã', N'Trước ngã, Hà Nội', 20.8626743, 105.8386258, 1),
(384, N'Lạc Thị', N'Lạc Thị, Hà Nội', 20.8729362, 105.9365851, 1),
(385, N'Qua Chợ Lạc Thị', N'Qua Chợ Lạc Thị, Hà Nội', 21.0753904, 105.7900242, 1),
(386, N'Qua lối vào Chùa Thanh Dương', N'Qua lối vào Chùa Thanh Dương, Hà Nội', 21.0562272, 105.6521172, 1),
(387, N'Đại lý thuốc tân dược thôn Vĩnh Thịnh', N'Đại lý thuốc tân dược thôn Vĩnh Thịnh, Hà Nội', 21.0010739, 105.9225919, 1),
(388, N'Cổng làng Vĩnh Trung', N'Cổng làng Vĩnh Trung, Hà Nội', 21.0778721, 105.9231657, 1),
(389, N'A (A) Công Viên Nước Hồ Tây', N'A (A) Công Viên Nước Hồ Tây, Hà Nội', 21.1485249, 105.7960221, 1),
(390, N'Lạc Long Quân (đối diện trường THCS Nhật Tân -', N'Lạc Long Quân (đối diện trường THCS Nhật Tân -, Hà Nội', 20.9650686, 105.8647430, 1),
(391, N'Lạc Long Quân)', N'Lạc Long Quân), Hà Nội', 21.0374104, 105.8708725, 1),
(392, N'Trụ sở Quận uỷ Tây Hồ -', N'Trụ sở Quận uỷ Tây Hồ -, Hà Nội', 21.0357507, 105.7482624, 1),
(393, N'Lạc Long Quân', N'Lạc Long Quân, Hà Nội', 21.1111930, 105.8202713, 1),
(394, N'Xuân La', N'Xuân La, Hà Nội', 20.9994324, 105.7051712, 1),
(395, N'Lạc Long Quân (Gần đối diện ngã', N'Lạc Long Quân (Gần đối diện ngã, Hà Nội', 21.1236940, 105.8758628, 1),
(396, N'Thụy Khuê)', N'Thụy Khuê), Hà Nội', 20.9103386, 105.7790130, 1),
(397, N'Trung tâm KHTN Công nghệ Quốc Gia -', N'Trung tâm KHTN Công nghệ Quốc Gia -, Hà Nội', 21.0920232, 105.7434777, 1),
(398, N'Trường THCS Nghĩa Tân - Đối diện', N'Trường THCS Nghĩa Tân - Đối diện, Hà Nội', 20.9344561, 105.8705336, 1),
(399, N'Tô Hiệu', N'Tô Hiệu, Hà Nội', 21.0112477, 105.6508654, 1),
(400, N'Trường Trung cấp Tư thục Kinh tế Công nghệ Nguyễn Bình Khiêm - Số', N'Trường Trung cấp Tư thục Kinh tế Công nghệ Nguyễn Bình Khiêm - Số, Hà Nội', 21.0619563, 105.9019888, 1),
(401, N'Trần Quốc Hoàn', N'Trần Quốc Hoàn, Hà Nội', 20.9381807, 105.9010569, 1),
(402, N'Câu lạc bộ rèn luyện sức khỏe Công đoàn Bộ ngoại Giao - Đối diện', N'Câu lạc bộ rèn luyện sức khỏe Công đoàn Bộ ngoại Giao - Đối diện, Hà Nội', 21.1256455, 105.8427249, 1),
(403, N'Đối diện ĐH Thương Mại -', N'Đối diện ĐH Thương Mại -, Hà Nội', 20.9730596, 105.8005323, 1),
(404, N'Hồ Tùng Mậu (Cột', N'Hồ Tùng Mậu (Cột, Hà Nội', 20.8746697, 105.6884042, 1),
(405, N'Giữa nhà', N'Giữa nhà, Hà Nội', 20.9986435, 105.9113491, 1),
(406, N'Đối diện Doanh trại Quân đội nhân dân Việt Nam (Cách cột điện CN', N'Đối diện Doanh trại Quân đội nhân dân Việt Nam (Cách cột điện CN, Hà Nội', 20.9006506, 105.8709067, 1),
(407, N'Đường Tập thể Học viện Cảnh sát', N'Đường Tập thể Học viện Cảnh sát, Hà Nội', 20.9763987, 105.7407387, 1),
(408, N'Quán Thánh', N'Quán Thánh, Hà Nội', 21.0207556, 105.8949892, 1),
(409, N'Quán Thánh - Bộ chỉ huy Quân sự Quận Ba Đình', N'Quán Thánh - Bộ chỉ huy Quân sự Quận Ba Đình, Hà Nội', 21.1489500, 105.7304146, 1),
(410, N'Thụy Khuê -Cạnh Trường THPT Chu Văn An.', N'Thụy Khuê -Cạnh Trường THPT Chu Văn An., Hà Nội', 20.9889011, 105.8511975, 1),
(411, N'Thụy Khuê (Đối diện XN xe điện Hà Nội)', N'Thụy Khuê (Đối diện XN xe điện Hà Nội), Hà Nội', 20.9568642, 105.9409363, 1),
(412, N'Hè trước nhà', N'Hè trước nhà, Hà Nội', 20.9323638, 105.7423208, 1),
(413, N'Thụy Khuê', N'Thụy Khuê, Hà Nội', 20.9460934, 105.9439565, 1),
(414, N'Thiên Đức, Yên Viên - Quốc lộ', N'Thiên Đức, Yên Viên - Quốc lộ, Hà Nội', 20.8965251, 105.7828460, 1),
(415, N'Cạnh ngõ vào Cty CP vật tư Mỏ Địa chất - Quốc lộ', N'Cạnh ngõ vào Cty CP vật tư Mỏ Địa chất - Quốc lộ, Hà Nội', 20.9200417, 105.8370332, 1),
(416, N'Đối diện Công ty Đúc Mai Lâm - Quốc lộ', N'Đối diện Công ty Đúc Mai Lâm - Quốc lộ, Hà Nội', 21.0252961, 105.7874123, 1),
(417, N'Đối diện Trung tâm lưu trú Lộc Hà - Quốc lộ', N'Đối diện Trung tâm lưu trú Lộc Hà - Quốc lộ, Hà Nội', 20.8772325, 105.8819188, 1),
(418, N'Đường vào khu di tích Cổ Loa - Km', N'Đường vào khu di tích Cổ Loa - Km, Hà Nội', 21.1089701, 105.6551842, 1),
(419, N'Cây đa Bác Hồ - Km', N'Cây đa Bác Hồ - Km, Hà Nội', 20.8719370, 105.9378457, 1),
(420, N'Cạnh Công Ty Bê Tông Appha, Đông Hội - Km', N'Cạnh Công Ty Bê Tông Appha, Đông Hội - Km, Hà Nội', 20.9948260, 105.8823549, 1),
(421, N'Thôn Vạn Lộc (Qua đối diện ngã', N'Thôn Vạn Lộc (Qua đối diện ngã, Hà Nội', 21.1408913, 105.7163048, 1),
(422, N'đường tránh QL', N'đường tránh QL, Hà Nội', 20.8787509, 105.6946579, 1),
(423, N'Trước cổng công ty Minh Cường', N'Trước cổng công ty Minh Cường, Hà Nội', 20.9543598, 105.9231715, 1),
(424, N'Đối diện Khách sạn Hà Anh - Km', N'Đối diện Khách sạn Hà Anh - Km, Hà Nội', 20.8784799, 105.7858108, 1),
(425, N'Đối diện Cty xây lắp Điện', N'Đối diện Cty xây lắp Điện, Hà Nội', 21.0743204, 105.8777649, 1),
(426, N'Nhà máy tấm lợp Đông Anh - Km', N'Nhà máy tấm lợp Đông Anh - Km, Hà Nội', 21.0307445, 105.8762303, 1),
(427, N'Nhà máy kết cấu thép Kim Khí Đông Anh - Km', N'Nhà máy kết cấu thép Kim Khí Đông Anh - Km, Hà Nội', 21.0364297, 105.9065278, 1),
(428, N'Qua đường vào Cty CP chế tạo thiết bị điện Đông Anh', N'Qua đường vào Cty CP chế tạo thiết bị điện Đông Anh, Hà Nội', 20.8557011, 105.8691520, 1),
(429, N'Công ty Chế tạo máy điện Việt Hung - Km', N'Công ty Chế tạo máy điện Việt Hung - Km, Hà Nội', 20.9156900, 105.9014992, 1),
(430, N'Đường vào Trại gà Nguyên Khê - Km', N'Đường vào Trại gà Nguyên Khê - Km, Hà Nội', 20.8924546, 105.7784565, 1),
(431, N'Gần cầu Phù Lỗ – Km', N'Gần cầu Phù Lỗ – Km, Hà Nội', 20.8883755, 105.8106048, 1),
(432, N'Đối diện Trường THPT Lam Hồng - Km', N'Đối diện Trường THPT Lam Hồng - Km, Hà Nội', 20.9293207, 105.7340448, 1),
(433, N'Đối diện chợ Phủ Lỗ - Km', N'Đối diện chợ Phủ Lỗ - Km, Hà Nội', 21.0647884, 105.7880217, 1),
(434, N'Đối diện Công ty CTGT', N'Đối diện Công ty CTGT, Hà Nội', 21.0316678, 105.9365262, 1),
(435, N'Cty xây dựng Sông Đà số', N'Cty xây dựng Sông Đà số, Hà Nội', 20.9388002, 105.6784786, 1),
(436, N'(Nội Phật) - Km', N'(Nội Phật) - Km, Hà Nội', 21.1087540, 105.8332739, 1),
(437, N'Thôn Dược Hạ, Tiên Dược - Km', N'Thôn Dược Hạ, Tiên Dược - Km, Hà Nội', 20.9808970, 105.8393343, 1),
(438, N'Đối diện đường vào thôn Đông Lạc - Km', N'Đối diện đường vào thôn Đông Lạc - Km, Hà Nội', 21.0589226, 105.9225697, 1),
(439, N'Trung tâm GDTX Sóc Sơn, Tiên Dược - Km', N'Trung tâm GDTX Sóc Sơn, Tiên Dược - Km, Hà Nội', 20.9915835, 105.9186317, 1),
(440, N'Bệnh viện đa khoa Sóc Sơn - Km', N'Bệnh viện đa khoa Sóc Sơn - Km, Hà Nội', 20.9898475, 105.8616057, 1),
(441, N'Đa Phúc, Thị trấn Sóc Sơn - Km', N'Đa Phúc, Thị trấn Sóc Sơn - Km, Hà Nội', 21.1315127, 105.8060556, 1),
(442, N'Đối diện Cty CP Đầu tư thương mại và khoáng sản Sóc Sơn - Km', N'Đối diện Cty CP Đầu tư thương mại và khoáng sản Sóc Sơn - Km, Hà Nội', 21.0272136, 105.8575258, 1),
(443, N'Phố Mã - Phù Linh (Km', N'Phố Mã - Phù Linh (Km, Hà Nội', 20.9535935, 105.6568279, 1),
(444, N'Ấp Vuông - Tân Minh (Km', N'Ấp Vuông - Tân Minh (Km, Hà Nội', 21.0012965, 105.7584847, 1),
(445, N'Cty cơ khí & xây dựng Thủy lợi', N'Cty cơ khí & xây dựng Thủy lợi, Hà Nội', 20.9805922, 105.7560536, 1),
(446, N'Trước hè giữa số nhà', N'Trước hè giữa số nhà, Hà Nội', 20.9363528, 105.8338681, 1),
(447, N'phố Gò Sỏi - Thôn', N'phố Gò Sỏi - Thôn, Hà Nội', 21.0993796, 105.8428884, 1),
(448, N'Qua trạm thu phí Sóc Sơn, Hồng Kỳ - Km', N'Qua trạm thu phí Sóc Sơn, Hồng Kỳ - Km, Hà Nội', 21.0625552, 105.9393632, 1),
(449, N'Xuân Sơn - Trung Giã (Km', N'Xuân Sơn - Trung Giã (Km, Hà Nội', 21.0799867, 105.7501266, 1),
(450, N'Dốc', N'Dốc, Hà Nội', 21.0244097, 105.9034853, 1),
(451, N'Đối diện UBND xã Trung Giã, chợ Nỉ - Km', N'Đối diện UBND xã Trung Giã, chợ Nỉ - Km, Hà Nội', 20.9740188, 105.8354154, 1),
(452, N'đường vào thôn Bình An, Trung Giã - Km', N'đường vào thôn Bình An, Trung Giã - Km, Hà Nội', 20.8731620, 105.8474580, 1),
(453, N'A (B) Bến xe Mỹ Đình', N'A (B) Bến xe Mỹ Đình, Hà Nội', 20.9027418, 105.6852817, 1),
(454, N'Phạm Hùng - Đình Thôn - Biển báo số', N'Phạm Hùng - Đình Thôn - Biển báo số, Hà Nội', 21.1036523, 105.7600151, 1),
(455, N'Đối diện Bến xe khách Mỹ Đình - Phạm Hùng (Cột', N'Đối diện Bến xe khách Mỹ Đình - Phạm Hùng (Cột, Hà Nội', 20.9102865, 105.6625116, 1),
(456, N'Đối diện Bệnh viện đa khoa y học cổ truyền - Phạm Hùng', N'Đối diện Bệnh viện đa khoa y học cổ truyền - Phạm Hùng, Hà Nội', 21.0284017, 105.6927334, 1),
(457, N'Xuân Thủy (Đối diện Đại học Sư phạm Hà Nội)', N'Xuân Thủy (Đối diện Đại học Sư phạm Hà Nội), Hà Nội', 20.9319334, 105.8411561, 1),
(458, N'Xuân Thủy (Đối diện Học viện Báo chí và Tuyên truyền)', N'Xuân Thủy (Đối diện Học viện Báo chí và Tuyên truyền), Hà Nội', 20.8734103, 105.7199247, 1),
(459, N'Cầu Giấy - Bưu điện Cầu Giấy', N'Cầu Giấy - Bưu điện Cầu Giấy, Hà Nội', 20.9113243, 105.8315397, 1),
(460, N'Đường Láng - Cầu Yên Hoà', N'Đường Láng - Cầu Yên Hoà, Hà Nội', 20.9312256, 105.8199061, 1),
(461, N'Đường Láng - Cầu Cót', N'Đường Láng - Cầu Cót, Hà Nội', 21.0937098, 105.7401284, 1),
(462, N'Đối diện Chợ Láng Hạ B -', N'Đối diện Chợ Láng Hạ B -, Hà Nội', 21.1172832, 105.8816393, 1),
(463, N'Trường Chinh', N'Trường Chinh, Hà Nội', 21.0249768, 105.9359727, 1),
(464, N'A Bến xe Nước Ngầm', N'A Bến xe Nước Ngầm, Hà Nội', 20.9453526, 105.7222690, 1),
(465, N'Đối diện Trụ sở Công an Phường Hoàng Liệt-', N'Đối diện Trụ sở Công an Phường Hoàng Liệt-, Hà Nội', 20.8982156, 105.9066673, 1),
(466, N'Dải đỗ số', N'Dải đỗ số, Hà Nội', 20.9671143, 105.8170110, 1),
(467, N'Phố Vọng', N'Phố Vọng, Hà Nội', 21.1109683, 105.7823779, 1),
(468, N'Đối diện Bảo tàng phòng không không quân - Trường Chinh', N'Đối diện Bảo tàng phòng không không quân - Trường Chinh, Hà Nội', 21.0094723, 105.6931314, 1),
(469, N'Platform dành riêng cho xe buýt trước nhà', N'Platform dành riêng cho xe buýt trước nhà, Hà Nội', 21.0270654, 105.7864641, 1),
(470, N'Chợ Láng Hạ A -', N'Chợ Láng Hạ A -, Hà Nội', 20.8911537, 105.7244287, 1),
(471, N'Cầu Giấy', N'Cầu Giấy, Hà Nội', 20.9770926, 105.9355841, 1),
(472, N'Hè trước số', N'Hè trước số, Hà Nội', 20.9074723, 105.7816714, 1),
(473, N'Cầu Giấy - Nhà khách quốc tế Bộ Công an', N'Cầu Giấy - Nhà khách quốc tế Bộ Công an, Hà Nội', 21.0810418, 105.8608962, 1),
(474, N'Học viện Báo chí và Tuyên truyền -', N'Học viện Báo chí và Tuyên truyền -, Hà Nội', 21.0388306, 105.8478632, 1),
(475, N'Xuân Thủy', N'Xuân Thủy, Hà Nội', 21.0355870, 105.8550782, 1),
(476, N'Gần nhà sách Sư phạm (Đại học Sư phạm Hà Nội) -', N'Gần nhà sách Sư phạm (Đại học Sư phạm Hà Nội) -, Hà Nội', 20.8646116, 105.7949991, 1),
(477, N'Bệnh viện đa khoa y học cổ truyền -', N'Bệnh viện đa khoa y học cổ truyền -, Hà Nội', 20.8766884, 105.8673677, 1),
(478, N'Phạm Hùng', N'Phạm Hùng, Hà Nội', 21.1495578, 105.8411464, 1),
(479, N'Đối diện Bưu cục Thăng Long - đường Phạm Hùng', N'Đối diện Bưu cục Thăng Long - đường Phạm Hùng, Hà Nội', 21.0058622, 105.6706773, 1),
(480, N'Cổ Loa - QL', N'Cổ Loa - QL, Hà Nội', 20.9145619, 105.6632248, 1),
(481, N'Đầu Làng Cổ Loa', N'Đầu Làng Cổ Loa, Hà Nội', 21.0554697, 105.8110755, 1),
(482, N'Qua đường vào Thành Cổ Loa', N'Qua đường vào Thành Cổ Loa, Hà Nội', 21.1079905, 105.8317794, 1),
(483, N'Trước trường Tiểu học Cổ Loa', N'Trước trường Tiểu học Cổ Loa, Hà Nội', 20.8647604, 105.7205241, 1),
(484, N'Qua cổng vào Xóm Bãi', N'Qua cổng vào Xóm Bãi, Hà Nội', 20.8572387, 105.8593324, 1),
(485, N'Trước đối diện trụ sở Hội người mù Đông Anh', N'Trước đối diện trụ sở Hội người mù Đông Anh, Hà Nội', 20.9441706, 105.7287459, 1),
(486, N'xay sát Đông Quan', N'xay sát Đông Quan, Hà Nội', 21.0031603, 105.9135687, 1),
(487, N'Cao Lỗ (cắm mới)', N'Cao Lỗ (cắm mới), Hà Nội', 21.1205134, 105.8494525, 1),
(488, N'Phố Tó, Uy Nỗ - Cao Lỗ', N'Phố Tó, Uy Nỗ - Cao Lỗ, Hà Nội', 20.9023442, 105.8406517, 1),
(489, N'Uy Nỗ - Cao Lỗ (Viện kiểm sát)', N'Uy Nỗ - Cao Lỗ (Viện kiểm sát), Hà Nội', 20.9802063, 105.9398901, 1),
(490, N'Cửa hàng KD tổng hợp số', N'Cửa hàng KD tổng hợp số, Hà Nội', 21.1239069, 105.6723853, 1),
(491, N'Sân vận động xã Phù Lỗ - Km', N'Sân vận động xã Phù Lỗ - Km, Hà Nội', 21.0615730, 105.9407696, 1),
(492, N'Cạnh cây xăng Vinapco - Km', N'Cạnh cây xăng Vinapco - Km, Hà Nội', 21.0685433, 105.7537291, 1),
(493, N'Công ty chè Kim Anh - Km', N'Công ty chè Kim Anh - Km, Hà Nội', 20.8905148, 105.6961248, 1),
(494, N'Phủ Lỗ - Km', N'Phủ Lỗ - Km, Hà Nội', 20.8980298, 105.7243448, 1),
(495, N'Đối diện bưu điện Phú Minh - Km', N'Đối diện bưu điện Phú Minh - Km, Hà Nội', 20.9064840, 105.9295011, 1),
(496, N'Đối diện Cty CP giao nhận kho vận hàng không TBS - Nội Bài', N'Đối diện Cty CP giao nhận kho vận hàng không TBS - Nội Bài, Hà Nội', 21.0831957, 105.9193911, 1),
(497, N'Công ty xăng dầu hàng không Việt Nam (Vinapco)', N'Công ty xăng dầu hàng không Việt Nam (Vinapco), Hà Nội', 21.0877050, 105.7141044, 1),
(498, N'A Đầu A: ĐH Kinh tế Quốc dân', N'A Đầu A: ĐH Kinh tế Quốc dân, Hà Nội', 20.9575804, 105.8207051, 1),
(499, N'Phương Mai', N'Phương Mai, Hà Nội', 20.9559738, 105.7201478, 1),
(500, N'- C', N'- C, Hà Nội', 21.1025646, 105.8898002, 1);
INSERT INTO Stops (StopID, StopName, Address, Latitude, Longitude, IsActive) VALUES 
(501, N'Lương Định Của', N'Lương Định Của, Hà Nội', 21.0221298, 105.7526130, 1),
(502, N'Trạm xử lý nước sạch Kim Liên - Đông Tác', N'Trạm xử lý nước sạch Kim Liên - Đông Tác, Hà Nội', 20.8877182, 105.8487783, 1),
(503, N'Công ty in thương mại & dịch vụ ngân hàng - Số', N'Công ty in thương mại & dịch vụ ngân hàng - Số, Hà Nội', 21.1234288, 105.8069990, 1),
(504, N'Café Don', N'Café Don, Hà Nội', 20.9474251, 105.8442976, 1),
(505, N'Thái Thịnh - Đối diện Bệnh viện Châm cứu Trung ương', N'Thái Thịnh - Đối diện Bệnh viện Châm cứu Trung ương, Hà Nội', 20.9035594, 105.8693612, 1),
(506, N'Thái Thịnh', N'Thái Thịnh, Hà Nội', 20.8915517, 105.9331541, 1),
(507, N'Hè gần ngõ', N'Hè gần ngõ, Hà Nội', 20.9949309, 105.8700501, 1),
(508, N'Hè giữa nhà số', N'Hè giữa nhà số, Hà Nội', 21.0239934, 105.6658307, 1),
(509, N'Nhà sách Trí Tuệ -', N'Nhà sách Trí Tuệ -, Hà Nội', 20.9811230, 105.6680367, 1),
(510, N'Giảng Võ', N'Giảng Võ, Hà Nội', 20.9783867, 105.8165310, 1),
(511, N'Tòa nhà PTA - Số', N'Tòa nhà PTA - Số, Hà Nội', 20.9450239, 105.8945721, 1),
(512, N'Nguyễn Thái Học', N'Nguyễn Thái Học, Hà Nội', 20.9750988, 105.8147631, 1),
(513, N'Nguyễn Thái Học - Trường TH Lý Thường Kiệt', N'Nguyễn Thái Học - Trường TH Lý Thường Kiệt, Hà Nội', 21.0451943, 105.8211532, 1),
(514, N'Phùng Hưng', N'Phùng Hưng, Hà Nội', 20.9578023, 105.8744529, 1),
(515, N'Phùng Hưng (đường trong)', N'Phùng Hưng (đường trong), Hà Nội', 21.0093846, 105.7373778, 1),
(516, N'Trần Khát Trân', N'Trần Khát Trân, Hà Nội', 20.8815210, 105.7918616, 1),
(517, N'Hồ Thanh Nhàn - Võ Thị Sáu', N'Hồ Thanh Nhàn - Võ Thị Sáu, Hà Nội', 21.0898897, 105.7292470, 1),
(518, N'Võ Thị Sáu', N'Võ Thị Sáu, Hà Nội', 20.9969794, 105.8932477, 1),
(519, N'Gần chung cư A', N'Gần chung cư A, Hà Nội', 20.8905673, 105.7378342, 1),
(520, N'Trung tâm kỹ thuật cao Viện', N'Trung tâm kỹ thuật cao Viện, Hà Nội', 20.9084135, 105.6572602, 1),
(521, N'(Qua ngã', N'(Qua ngã, Hà Nội', 21.1498532, 105.6519657, 1),
(522, N'Trần Khánh Dư - Trần Hưng Đạo', N'Trần Khánh Dư - Trần Hưng Đạo, Hà Nội', 21.0737002, 105.9154640, 1),
(523, N'Bệnh viện Hữu Nghị Việt Xô -', N'Bệnh viện Hữu Nghị Việt Xô -, Hà Nội', 20.9479966, 105.9466656, 1),
(524, N'Trần Khánh Dư', N'Trần Khánh Dư, Hà Nội', 21.0667356, 105.9471946, 1),
(525, N'Cạnh ngõ', N'Cạnh ngõ, Hà Nội', 21.0999990, 105.8215983, 1),
(526, N'Nguyễn Khoái (Đối diện Vân Đồn Hotel)', N'Nguyễn Khoái (Đối diện Vân Đồn Hotel), Hà Nội', 21.0324432, 105.7321041, 1),
(527, N'Nguyễn Khoái (Gần Ngã', N'Nguyễn Khoái (Gần Ngã, Hà Nội', 21.0983773, 105.8205960, 1),
(528, N'Nguyễn Khoái- Dốc Minh Khai)', N'Nguyễn Khoái- Dốc Minh Khai), Hà Nội', 21.0346155, 105.9053073, 1),
(529, N'Vĩnh Tuy', N'Vĩnh Tuy, Hà Nội', 20.9818830, 105.9245913, 1),
(530, N'XN liên doanh ô tô Hoà Bình -', N'XN liên doanh ô tô Hoà Bình -, Hà Nội', 20.9259940, 105.6759496, 1),
(531, N'Minh Khai (Qua cầu Mai Động)', N'Minh Khai (Qua cầu Mai Động), Hà Nội', 20.9276964, 105.7058768, 1),
(532, N'Bưu điện Chợ Mơ -', N'Bưu điện Chợ Mơ -, Hà Nội', 20.9585645, 105.7203177, 1),
(533, N'Đại La', N'Đại La, Hà Nội', 20.9953770, 105.7115994, 1),
(534, N'Chợ Thượng Đình -', N'Chợ Thượng Đình -, Hà Nội', 21.0999947, 105.7452755, 1),
(535, N'Bảo tàng tổng hợp Tỉnh Hà Tây - Cầu Am (đường Vạn Phúc - Hà Đông)', N'Bảo tàng tổng hợp Tỉnh Hà Tây - Cầu Am (đường Vạn Phúc - Hà Đông), Hà Nội', 21.0909866, 105.8087466, 1),
(536, N'Cầu Am (đường Vạn Phúc - Hà Đông)', N'Cầu Am (đường Vạn Phúc - Hà Đông), Hà Nội', 20.9294667, 105.9368556, 1),
(537, N'Đường', N'Đường, Hà Nội', 20.9693151, 105.7716169, 1),
(538, N'Vạn Phúc (Hà Đông)', N'Vạn Phúc (Hà Đông), Hà Nội', 20.9528532, 105.8622520, 1),
(539, N'Điểm xén hè qua ngã', N'Điểm xén hè qua ngã, Hà Nội', 21.0510243, 105.9258706, 1),
(540, N'Vạn Phúc - Tố Hữu', N'Vạn Phúc - Tố Hữu, Hà Nội', 21.1032638, 105.6812539, 1),
(541, N'Điểm xén hè gần đường vào KĐT Dương Nội - đường Tố Hữu', N'Điểm xén hè gần đường vào KĐT Dương Nội - đường Tố Hữu, Hà Nội', 20.9997865, 105.7807363, 1),
(542, N'Nhà chờ gần Nam Cường Building - Tố Hữu', N'Nhà chờ gần Nam Cường Building - Tố Hữu, Hà Nội', 21.0784343, 105.9453278, 1),
(543, N'Nhà chờ gần đường vào KĐT An Hưng - Tố Hữu', N'Nhà chờ gần đường vào KĐT An Hưng - Tố Hữu, Hà Nội', 20.8821342, 105.6828062, 1),
(544, N'Gần Ngõ', N'Gần Ngõ, Hà Nội', 20.9112580, 105.9190983, 1),
(545, N'Lê Trọng Tấn - Hà Đông', N'Lê Trọng Tấn - Hà Đông, Hà Nội', 21.1197442, 105.7110822, 1),
(546, N'Gần ngõ Chùa Phổ Quang - Lê Trọng Tấn - Hà Đông', N'Gần ngõ Chùa Phổ Quang - Lê Trọng Tấn - Hà Đông, Hà Nội', 20.9739553, 105.7498953, 1),
(547, N'Gần đường vào trường Tiểu học Dương Nội -Lê Trọng Tấn - Hà Đông', N'Gần đường vào trường Tiểu học Dương Nội -Lê Trọng Tấn - Hà Đông, Hà Nội', 21.1402714, 105.7035410, 1),
(548, N'Qua ngã tư đường', N'Qua ngã tư đường, Hà Nội', 20.9799550, 105.7363305, 1),
(549, N'cũ - Lê Trọng Tấn - Hà Đông B Thiên Đường Bảo Sơn', N'cũ - Lê Trọng Tấn - Hà Đông B Thiên Đường Bảo Sơn, Hà Nội', 20.9386039, 105.6604661, 1),
(550, N'Trung tâm kiểm định xe máy quân sự (Cầu Diễn) - Đường', N'Trung tâm kiểm định xe máy quân sự (Cầu Diễn) - Đường, Hà Nội', 21.0705065, 105.7065307, 1),
(551, N'Cạnh Trung đoàn thông tin', N'Cạnh Trung đoàn thông tin, Hà Nội', 20.8755538, 105.7091514, 1),
(552, N'(Đối diện trường mầm non Sao Mai - Kiều Mai) - Đường', N'(Đối diện trường mầm non Sao Mai - Kiều Mai) - Đường, Hà Nội', 20.9553687, 105.8107012, 1),
(553, N'Đối diện Cty CP chế tạo điện cơ Hà Nội - Đường', N'Đối diện Cty CP chế tạo điện cơ Hà Nội - Đường, Hà Nội', 20.8655030, 105.7383099, 1),
(554, N'Đình và Miếu Đồng Cổ (Thôn Nguyên Xá) - Đường', N'Đình và Miếu Đồng Cổ (Thôn Nguyên Xá) - Đường, Hà Nội', 21.1186202, 105.8611094, 1),
(555, N'Trung chuyển Nhổn - Đường', N'Trung chuyển Nhổn - Đường, Hà Nội', 21.1384165, 105.8186276, 1),
(556, N'phố Nhổn', N'phố Nhổn, Hà Nội', 20.9017087, 105.7153712, 1),
(557, N'Công ty CP xây dựng Thăng Long - Quốc lộ', N'Công ty CP xây dựng Thăng Long - Quốc lộ, Hà Nội', 20.9048927, 105.7183840, 1),
(558, N'Nhà hàng Thăng Long - Quốc lộ', N'Nhà hàng Thăng Long - Quốc lộ, Hà Nội', 21.1363081, 105.7960918, 1),
(559, N'Ảnh màu kỹ thuật Thủ Đô (Phố Lai Xá) - Quốc lộ', N'Ảnh màu kỹ thuật Thủ Đô (Phố Lai Xá) - Quốc lộ, Hà Nội', 21.0055593, 105.6999121, 1),
(560, N'Qua lối rẽ HV Khoa học Quân Sự - Quốc lộ', N'Qua lối rẽ HV Khoa học Quân Sự - Quốc lộ, Hà Nội', 21.1193741, 105.7714556, 1),
(561, N'Bưu điện Hoài Đức - Quốc lộ', N'Bưu điện Hoài Đức - Quốc lộ, Hà Nội', 20.8881346, 105.7439082, 1),
(562, N'Công ty Đông Thành (Thị trấn Trôi) - Quốc lộ', N'Công ty Đông Thành (Thị trấn Trôi) - Quốc lộ, Hà Nội', 21.0019911, 105.7872757, 1),
(563, N'Trường THPT Bình Minh - Quốc lộ', N'Trường THPT Bình Minh - Quốc lộ, Hà Nội', 21.1268602, 105.8941989, 1),
(564, N'XN thuốc thú y Trung ương (Đức Thượng Hoài Đức) - Quốc lộ', N'XN thuốc thú y Trung ương (Đức Thượng Hoài Đức) - Quốc lộ, Hà Nội', 21.0021742, 105.9413097, 1),
(565, N'Đối diện XN May Mỹ Anh (Xã Đức Phượng) – Quốc lộ', N'Đối diện XN May Mỹ Anh (Xã Đức Phượng) – Quốc lộ, Hà Nội', 20.9797738, 105.8455611, 1),
(566, N'Đối diện đường vào Chùa Diên Phúc (Cạnh Thạch Thảo Lisa) - Quốc lộ', N'Đối diện đường vào Chùa Diên Phúc (Cạnh Thạch Thảo Lisa) - Quốc lộ, Hà Nội', 21.1497419, 105.9253141, 1),
(567, N'Cty CP Xây dựng & TM Sông Hồng - Quốc lộ', N'Cty CP Xây dựng & TM Sông Hồng - Quốc lộ, Hà Nội', 21.0694265, 105.8115400, 1),
(568, N'Phan Đình Phùng (Thị trấn Phùng) - Quốc lộ', N'Phan Đình Phùng (Thị trấn Phùng) - Quốc lộ, Hà Nội', 20.9286984, 105.7293526, 1),
(569, N'Đối diện Công an Thị trấn Phùng - Quốc lộ', N'Đối diện Công an Thị trấn Phùng - Quốc lộ, Hà Nội', 21.0721609, 105.7079451, 1),
(570, N'(Cọc tiêu H', N'(Cọc tiêu H, Hà Nội', 20.8992625, 105.7062941, 1),
(571, N'Viện nghiên cứu ngô Quốc Gia - Quốc lộ', N'Viện nghiên cứu ngô Quốc Gia - Quốc lộ, Hà Nội', 21.1099548, 105.8708063, 1),
(572, N'Gần đường vào thôn Ngoại xã Tam Thuấn', N'Gần đường vào thôn Ngoại xã Tam Thuấn, Hà Nội', 21.0577571, 105.8322252, 1),
(573, N'Gần dốc Quai Chè xã Tam Hiệp', N'Gần dốc Quai Chè xã Tam Hiệp, Hà Nội', 21.0570933, 105.8950549, 1),
(574, N'Qua đường vào Khu sinh thái Cẩm Đình Hiệp Thuận', N'Qua đường vào Khu sinh thái Cẩm Đình Hiệp Thuận, Hà Nội', 20.9280189, 105.7706736, 1),
(575, N'Qua đường vào chợ Ngọc Tảo - Quốc lộ', N'Qua đường vào chợ Ngọc Tảo - Quốc lộ, Hà Nội', 20.9015727, 105.7320493, 1),
(576, N'Trường THCS Phụng Thượng - Quốc lộ', N'Trường THCS Phụng Thượng - Quốc lộ, Hà Nội', 20.8728156, 105.7550800, 1),
(577, N'Đối diện cây xăng xã Phụng Thượng - Quốc lộ', N'Đối diện cây xăng xã Phụng Thượng - Quốc lộ, Hà Nội', 21.0381493, 105.8202944, 1),
(578, N'Đối diện cửa hàng đồ gỗ Chúc Hiền - Phố Quạt xã Đại Đồng - Quốc lộ', N'Đối diện cửa hàng đồ gỗ Chúc Hiền - Phố Quạt xã Đại Đồng - Quốc lộ, Hà Nội', 20.8679547, 105.7448733, 1),
(579, N'Đối diện Công an huyện Phúc Thọ - Quốc lộ', N'Đối diện Công an huyện Phúc Thọ - Quốc lộ, Hà Nội', 21.0163327, 105.9443111, 1),
(580, N'Trường Mầm non thị trấn Phúc Thọ - Quốc lộ', N'Trường Mầm non thị trấn Phúc Thọ - Quốc lộ, Hà Nội', 20.9953430, 105.7857997, 1),
(581, N'Đối diện hiệu sách nhân dân Phúc Thọ - Quốc lộ', N'Đối diện hiệu sách nhân dân Phúc Thọ - Quốc lộ, Hà Nội', 20.9223863, 105.8215911, 1),
(582, N'Công ty TNHH Duy Thịnh', N'Công ty TNHH Duy Thịnh, Hà Nội', 21.0842056, 105.7148205, 1),
(583, N'Trường Hữu Nghị T', N'Trường Hữu Nghị T, Hà Nội', 21.1395324, 105.7069291, 1),
(584, N'- QL', N'- QL, Hà Nội', 21.0619971, 105.8939403, 1),
(585, N'May Minh Phương - QL', N'May Minh Phương - QL, Hà Nội', 21.0050744, 105.7771533, 1),
(586, N'Cửa hàng xăng dầu số', N'Cửa hàng xăng dầu số, Hà Nội', 20.9682359, 105.7357415, 1),
(587, N'B Bến xe Sơn Tây', N'B Bến xe Sơn Tây, Hà Nội', 21.0670302, 105.7173826, 1),
(588, N'Đối diện cổng nghĩa trang liệt sĩ Tây Tựu - Tây Tựu', N'Đối diện cổng nghĩa trang liệt sĩ Tây Tựu - Tây Tựu, Hà Nội', 21.0355687, 105.8961974, 1),
(589, N'Qua đối diện', N'Qua đối diện, Hà Nội', 21.0361382, 105.6724174, 1),
(590, N'Kỳ Vũ - Tây Tựu (qua lối vào trường CĐ Công nghệ HN', N'Kỳ Vũ - Tây Tựu (qua lối vào trường CĐ Công nghệ HN, Hà Nội', 20.8528200, 105.6575005, 1),
(591, N'Đối diện cổng làng Thượng Cát', N'Đối diện cổng làng Thượng Cát, Hà Nội', 21.1317303, 105.6537279, 1),
(592, N'- đê Thượng Cát', N'- đê Thượng Cát, Hà Nội', 21.0946058, 105.9051908, 1),
(593, N'Thôn Trung - đê Thượng Cát', N'Thôn Trung - đê Thượng Cát, Hà Nội', 21.0319781, 105.8037328, 1),
(594, N'UBND Xã Liên Trung', N'UBND Xã Liên Trung, Hà Nội', 20.9312903, 105.8197798, 1),
(595, N'Làng Quý', N'Làng Quý, Hà Nội', 20.8604086, 105.7146688, 1),
(596, N'Qua trường THCS Liên Hà', N'Qua trường THCS Liên Hà, Hà Nội', 21.0216398, 105.8533658, 1),
(597, N'Đối diện Làng Tổ - xã Liên Hà', N'Đối diện Làng Tổ - xã Liên Hà, Hà Nội', 20.8713429, 105.8793296, 1),
(598, N'Đối diện làng Hữu Cước (gần đối diện điếm canh đê số', N'Đối diện làng Hữu Cước (gần đối diện điếm canh đê số, Hà Nội', 21.1384729, 105.9464000, 1),
(599, N'Xóm Bắc - Xã Liên Hồng', N'Xóm Bắc - Xã Liên Hồng, Hà Nội', 21.0370506, 105.8153098, 1),
(600, N'Đối diện cổng làng Bồng Lai', N'Đối diện cổng làng Bồng Lai, Hà Nội', 20.9849371, 105.6588062, 1),
(601, N'Đối diện cổng Đông làng Bá Dương Nội', N'Đối diện cổng Đông làng Bá Dương Nội, Hà Nội', 20.8889260, 105.6531189, 1),
(602, N'Đối diện trường THPT Hồng Thái', N'Đối diện trường THPT Hồng Thái, Hà Nội', 20.9257339, 105.9430769, 1),
(603, N'Gần cột mốc Vân Cốc', N'Gần cột mốc Vân Cốc, Hà Nội', 20.9238733, 105.7116381, 1),
(604, N'Làng Hương Luy - Xã Trung Châu (gần cột mốc Vân Cốc', N'Làng Hương Luy - Xã Trung Châu (gần cột mốc Vân Cốc, Hà Nội', 20.8836951, 105.8747587, 1),
(605, N'(UBND Xã Trung Châu)', N'(UBND Xã Trung Châu), Hà Nội', 20.9553570, 105.9018689, 1),
(606, N'Sân vận động TDTT Xã Thọ An - gần cột mốc Vân Cốc', N'Sân vận động TDTT Xã Thọ An - gần cột mốc Vân Cốc, Hà Nội', 20.9375571, 105.7779110, 1),
(607, N'Đối diện điếm canh đê số', N'Đối diện điếm canh đê số, Hà Nội', 21.0662042, 105.8017824, 1),
(608, N'- Xã Thọ An (gần cột mốc Vân Cốc', N'- Xã Thọ An (gần cột mốc Vân Cốc, Hà Nội', 20.9016075, 105.7396621, 1),
(609, N'- đường', N'- đường, Hà Nội', 21.0072603, 105.9313066, 1),
(610, N'( đối diện trường THCS Trung Châu)', N'( đối diện trường THCS Trung Châu), Hà Nội', 20.8720763, 105.8989068, 1),
(611, N'Đối diện xóm Cả - làng Hưu Trung', N'Đối diện xóm Cả - làng Hưu Trung, Hà Nội', 20.8823876, 105.7270937, 1),
(612, N'Qua đối diện trường THPT Vân Cốc', N'Qua đối diện trường THPT Vân Cốc, Hà Nội', 20.8887184, 105.8194812, 1),
(613, N'Đối diện UBND Xã Vân Nam', N'Đối diện UBND Xã Vân Nam, Hà Nội', 20.9660525, 105.8716913, 1),
(614, N'Qua lối vào trường THCS Vân Cốc', N'Qua lối vào trường THCS Vân Cốc, Hà Nội', 21.0829828, 105.8178198, 1),
(615, N'UBND Xã Vân Phúc (cột mốc H', N'UBND Xã Vân Phúc (cột mốc H, Hà Nội', 21.0148914, 105.7710971, 1),
(616, N'Xuân Phú', N'Xuân Phú, Hà Nội', 21.0664890, 105.7091408, 1),
(617, N'UBND xã Xuân Phú (gần trường TH Xuân Phú)', N'UBND xã Xuân Phú (gần trường TH Xuân Phú), Hà Nội', 21.0591507, 105.8984050, 1),
(618, N'Gần cửa khẩu Xã Cẩm Đình', N'Gần cửa khẩu Xã Cẩm Đình, Hà Nội', 20.8552304, 105.7646267, 1),
(619, N'TT Trung Tự - Phạm Ngọc Thạch', N'TT Trung Tự - Phạm Ngọc Thạch, Hà Nội', 20.9937854, 105.9293593, 1),
(620, N'Tập thể Trung Tự - Phạm Ngọc Thạch', N'Tập thể Trung Tự - Phạm Ngọc Thạch, Hà Nội', 20.9259968, 105.9348564, 1),
(621, N'Đối diện bãi đỗ xe Công ty Hino', N'Đối diện bãi đỗ xe Công ty Hino, Hà Nội', 20.9322644, 105.6881096, 1),
(622, N'Công viên khu đô thị Pháp Vân Tứ Hiệp (đối diện tòa nhà Nơ', N'Công viên khu đô thị Pháp Vân Tứ Hiệp (đối diện tòa nhà Nơ, Hà Nội', 21.0619605, 105.8919164, 1),
(623, N'Phòng trưng bày sản phẩm ôtô Ford - Ngọc Hồi', N'Phòng trưng bày sản phẩm ôtô Ford - Ngọc Hồi, Hà Nội', 21.1387632, 105.6983206, 1),
(624, N'Hoàng Diệu - Hoàng Văn Thụ', N'Hoàng Diệu - Hoàng Văn Thụ, Hà Nội', 21.0641913, 105.8741595, 1),
(625, N'Hoàng Diệu', N'Hoàng Diệu, Hà Nội', 21.1164406, 105.6960148, 1),
(626, N'Đối diện Bệnh viện Xanh pôn -', N'Đối diện Bệnh viện Xanh pôn -, Hà Nội', 20.9850680, 105.6834985, 1),
(627, N'Trần Phú (Bộ Tư pháp) B Tòa nhà PTA - Số', N'Trần Phú (Bộ Tư pháp) B Tòa nhà PTA - Số, Hà Nội', 20.9008799, 105.9061368, 1),
(628, N'Nhà CT', N'Nhà CT, Hà Nội', 21.0781259, 105.7854139, 1),
(629, N'Cầu Bươu - Gần đường vào thôn Yên Xá', N'Cầu Bươu - Gần đường vào thôn Yên Xá, Hà Nội', 20.8885369, 105.9148059, 1),
(630, N'Viện', N'Viện, Hà Nội', 21.0568305, 105.6965261, 1),
(631, N'- Phùng Hưng (Hà Đông)', N'- Phùng Hưng (Hà Đông), Hà Nội', 20.9201773, 105.8835789, 1),
(632, N'Công ty CP Xây lắp điện Hà Tây -', N'Công ty CP Xây lắp điện Hà Tây -, Hà Nội', 21.1120902, 105.8136195, 1),
(633, N'Phùng Hưng (Hà Đông)', N'Phùng Hưng (Hà Đông), Hà Nội', 21.0387917, 105.6507772, 1),
(634, N'Trung tâm Văn hóa Thông tin - Phùng Hưng (Hà Đông)', N'Trung tâm Văn hóa Thông tin - Phùng Hưng (Hà Đông), Hà Nội', 20.8550229, 105.7414306, 1),
(635, N'Liên Minh các HTX Hà Nội - Số', N'Liên Minh các HTX Hà Nội - Số, Hà Nội', 20.8503686, 105.8480364, 1),
(636, N'Siêu thị Nguyễn Kim - Km', N'Siêu thị Nguyễn Kim - Km, Hà Nội', 20.9275620, 105.7143007, 1),
(637, N'Nguyễn Trãi, Hà Đông', N'Nguyễn Trãi, Hà Đông, Hà Nội', 20.9341655, 105.8277174, 1),
(638, N'Mỗ Lao - Nguyễn Văn Lộc', N'Mỗ Lao - Nguyễn Văn Lộc, Hà Nội', 20.9589389, 105.6789631, 1),
(639, N'Đối diện UBND phường Mỗ Lao - đường Nguyễn Văn Lộc', N'Đối diện UBND phường Mỗ Lao - đường Nguyễn Văn Lộc, Hà Nội', 20.9767534, 105.8486728, 1),
(640, N'Trung Văn (qua nhà', N'Trung Văn (qua nhà, Hà Nội', 20.9409034, 105.8122774, 1),
(641, N'Đối diện gần lối vào trường THPT Trung Văn - Tố Hữu', N'Đối diện gần lối vào trường THPT Trung Văn - Tố Hữu, Hà Nội', 20.9411243, 105.8040955, 1),
(642, N'Trước chung cư HH', N'Trước chung cư HH, Hà Nội', 21.1487408, 105.7886428, 1),
(643, N'Bắc Hà', N'Bắc Hà, Hà Nội', 21.0285368, 105.8957777, 1),
(644, N'Phạm Hùng - Khuất Duy Tiến (Đối diện Trung tâm Hội nghị Quốc Gia)', N'Phạm Hùng - Khuất Duy Tiến (Đối diện Trung tâm Hội nghị Quốc Gia), Hà Nội', 21.0487209, 105.8871131, 1),
(645, N'Tòa nhà Landmark', N'Tòa nhà Landmark, Hà Nội', 20.9465362, 105.6640928, 1),
(646, N'- đường Phạm Hùng', N'- đường Phạm Hùng, Hà Nội', 21.0055611, 105.8379057, 1),
(647, N'Đối diện nhà CT', N'Đối diện nhà CT, Hà Nội', 21.0617231, 105.6723653, 1),
(648, N'KĐT Sông Đà Mỹ Đình - Phạm Hùng', N'KĐT Sông Đà Mỹ Đình - Phạm Hùng, Hà Nội', 20.9358127, 105.6520393, 1),
(649, N'Phạm Hùng - Đình Thôn (Hướng đi Phạm Văn Đồng)', N'Phạm Hùng - Đình Thôn (Hướng đi Phạm Văn Đồng), Hà Nội', 21.0903553, 105.8180277, 1),
(650, N'Trường Mầm non Hàng Đào', N'Trường Mầm non Hàng Đào, Hà Nội', 20.9447756, 105.6562528, 1),
(651, N'Doanh trại Quân đội nhân dân Mậu Lương', N'Doanh trại Quân đội nhân dân Mậu Lương, Hà Nội', 20.9637561, 105.9010633, 1),
(652, N'Trung tâm TDTT Mậu Lương', N'Trung tâm TDTT Mậu Lương, Hà Nội', 21.1356240, 105.7681515, 1),
(653, N'Miếu làng Mậu Lương - phố Mậu Lương', N'Miếu làng Mậu Lương - phố Mậu Lương, Hà Nội', 20.9987617, 105.7227216, 1),
(654, N'KĐT Xa La', N'KĐT Xa La, Hà Nội', 20.8898718, 105.8936938, 1),
(655, N'Nghĩa trang La Khê - đường Yên Lộ B KĐT Dương Nội', N'Nghĩa trang La Khê - đường Yên Lộ B KĐT Dương Nội, Hà Nội', 20.9060785, 105.7143412, 1),
(656, N'A (A)', N'A (A), Hà Nội', 20.8881335, 105.7106750, 1),
(657, N'Nguyễn Công Trứ', N'Nguyễn Công Trứ, Hà Nội', 21.0814327, 105.7073512, 1),
(658, N'Tuệ Tĩnh', N'Tuệ Tĩnh, Hà Nội', 21.0693332, 105.9177836, 1),
(659, N'Hoa Lư', N'Hoa Lư, Hà Nội', 20.9457813, 105.7511240, 1),
(660, N'KTX Bách Khoa - Tạ Quang Bửu', N'KTX Bách Khoa - Tạ Quang Bửu, Hà Nội', 20.9150910, 105.6790960, 1),
(661, N'Đại học Công Đoàn -', N'Đại học Công Đoàn -, Hà Nội', 21.1316143, 105.7653348, 1),
(662, N'Trường THCS Quang Trung - Số', N'Trường THCS Quang Trung - Số, Hà Nội', 21.0939620, 105.7785477, 1),
(663, N'Đặng Tiến Đông', N'Đặng Tiến Đông, Hà Nội', 21.0525164, 105.7778379, 1),
(664, N'Trần Quang Diệu', N'Trần Quang Diệu, Hà Nội', 21.0075309, 105.7179559, 1),
(665, N'Trung tâm thể thao Hoàng Cầu -', N'Trung tâm thể thao Hoàng Cầu -, Hà Nội', 21.1426669, 105.7477998, 1),
(666, N'Hoàng Cầu', N'Hoàng Cầu, Hà Nội', 21.0470619, 105.7455943, 1),
(667, N'Đê La Thành (Đại học Văn Hóa)', N'Đê La Thành (Đại học Văn Hóa), Hà Nội', 21.1118430, 105.8069360, 1),
(668, N'Đối diện số', N'Đối diện số, Hà Nội', 20.9954795, 105.7901050, 1),
(669, N'Tôn Đức Thắng (Văn Miếu)', N'Tôn Đức Thắng (Văn Miếu), Hà Nội', 20.9297558, 105.7691774, 1),
(670, N'Nguyễn Thái Học - Cửa Nam', N'Nguyễn Thái Học - Cửa Nam, Hà Nội', 20.8949028, 105.6967093, 1),
(671, N'Hàn Thuyên', N'Hàn Thuyên, Hà Nội', 21.1311803, 105.6609490, 1),
(672, N'Ngô Thì Nhậm', N'Ngô Thì Nhậm, Hà Nội', 21.1447827, 105.8192134, 1),
(673, N'Trần Quang Khải - Viện Quy hoạch Thủy Lợi', N'Trần Quang Khải - Viện Quy hoạch Thủy Lợi, Hà Nội', 20.9203590, 105.7104722, 1),
(674, N'Vườn hoa Trần Quang Khải (Đối diện BQL Xây dựng công trình Công ích)', N'Vườn hoa Trần Quang Khải (Đối diện BQL Xây dựng công trình Công ích), Hà Nội', 20.8998895, 105.8122316, 1),
(675, N'Trung chuyển Trần Khánh Dư (Khu đón khách)', N'Trung chuyển Trần Khánh Dư (Khu đón khách), Hà Nội', 21.0495382, 105.8051101, 1),
(676, N'Đối diện K', N'Đối diện K, Hà Nội', 21.1009714, 105.6933347, 1),
(677, N'Bộ đội biên phòng - Nguyễn Khoái', N'Bộ đội biên phòng - Nguyễn Khoái, Hà Nội', 20.8522642, 105.7807530, 1),
(678, N'A (A) Nam Thăng Long', N'A (A) Nam Thăng Long, Hà Nội', 20.9938561, 105.9045050, 1),
(679, N'Nguyễn Hoàng Tôn', N'Nguyễn Hoàng Tôn, Hà Nội', 21.1271984, 105.7465988, 1),
(680, N'Tập thể Pháo Binh', N'Tập thể Pháo Binh, Hà Nội', 21.0750897, 105.8963201, 1),
(681, N'đường Bưởi dưới - Ngã', N'đường Bưởi dưới - Ngã, Hà Nội', 20.9927261, 105.6724122, 1),
(682, N'đường Bưởi dưới', N'đường Bưởi dưới, Hà Nội', 21.0439077, 105.8867040, 1),
(683, N'Tập thể Giảng Võ - Kim Mã', N'Tập thể Giảng Võ - Kim Mã, Hà Nội', 20.9665167, 105.6734523, 1),
(684, N'Kim Mã (Nhà chờ BRT Kim Mã) - biển trước', N'Kim Mã (Nhà chờ BRT Kim Mã) - biển trước, Hà Nội', 20.9414064, 105.9088807, 1),
(685, N'Xã Đàn - Platform', N'Xã Đàn - Platform, Hà Nội', 20.9674574, 105.9207400, 1),
(686, N'Ngân hàng GP Bank - số', N'Ngân hàng GP Bank - số, Hà Nội', 21.0182323, 105.7603304, 1),
(687, N'Đào Duy Anh', N'Đào Duy Anh, Hà Nội', 20.9900193, 105.6811896, 1),
(688, N'Đối diện cổng Parabol ĐH Bách Khoa -', N'Đối diện cổng Parabol ĐH Bách Khoa -, Hà Nội', 21.0919319, 105.6960923, 1),
(689, N'Bệnh viện Bạch Mai -', N'Bệnh viện Bạch Mai -, Hà Nội', 20.9631234, 105.8533612, 1),
(690, N'Giải Phóng B Dải đỗ số', N'Giải Phóng B Dải đỗ số, Hà Nội', 21.0343030, 105.6756771, 1),
(691, N'A (A) Mai Động', N'A (A) Mai Động, Hà Nội', 20.9769650, 105.7101969, 1),
(692, N'Công ty da giầy Hà Nội -', N'Công ty da giầy Hà Nội -, Hà Nội', 20.8676622, 105.7731424, 1),
(693, N'Nguyễn Tam Trinh', N'Nguyễn Tam Trinh, Hà Nội', 21.1420137, 105.7900803, 1),
(694, N'Kim Ngưu - (Ngã', N'Kim Ngưu - (Ngã, Hà Nội', 21.0468946, 105.7945567, 1),
(695, N'Kim Ngưu - Minh Khai)', N'Kim Ngưu - Minh Khai), Hà Nội', 21.1345440, 105.7919200, 1),
(696, N'Đối diện Tập thể E', N'Đối diện Tập thể E, Hà Nội', 20.9614726, 105.9161146, 1),
(697, N'Bệnh viện Thanh Nhàn -', N'Bệnh viện Thanh Nhàn -, Hà Nội', 20.8825626, 105.9286827, 1),
(698, N'Thanh Nhàn', N'Thanh Nhàn, Hà Nội', 20.9083344, 105.7595911, 1),
(699, N'Rạp chiếu phim Quốc Gia - Thái Hà', N'Rạp chiếu phim Quốc Gia - Thái Hà, Hà Nội', 21.0548870, 105.6769109, 1),
(700, N'Nguyễn Chí Thanh - Đối diện Khách sạn Bảo Sơn', N'Nguyễn Chí Thanh - Đối diện Khách sạn Bảo Sơn, Hà Nội', 20.9625817, 105.6596078, 1),
(701, N'Ngõ', N'Ngõ, Hà Nội', 21.0343889, 105.8272389, 1),
(702, N'Đê La Thành', N'Đê La Thành, Hà Nội', 21.0084105, 105.7493594, 1),
(703, N'Đê La Thành (đối diện', N'Đê La Thành (đối diện, Hà Nội', 20.9840550, 105.6927758, 1),
(704, N'- ĐSQ Nga)', N'- ĐSQ Nga), Hà Nội', 20.9875091, 105.8979866, 1),
(705, N'CV Thủ Lệ (Cột', N'CV Thủ Lệ (Cột, Hà Nội', 21.0515285, 105.7684576, 1),
(706, N'Trung ương Hội KHH Gia đình Việt Nam -', N'Trung ương Hội KHH Gia đình Việt Nam -, Hà Nội', 21.0763587, 105.7737008, 1),
(707, N'Lê Đức Thọ', N'Lê Đức Thọ, Hà Nội', 20.9041818, 105.6550708, 1),
(708, N'Đối diện đường vào Trường CĐ nghề Trần Hưng Đạo - Lê Đức Thọ', N'Đối diện đường vào Trường CĐ nghề Trần Hưng Đạo - Lê Đức Thọ, Hà Nội', 21.1174470, 105.8820610, 1),
(709, N'A (A) Bến xe Yên Nghĩa', N'A (A) Bến xe Yên Nghĩa, Hà Nội', 20.9425309, 105.6666361, 1),
(710, N'Trường trung cấp Kinh tế - Tài chính Hà Nội - Quốc lộ', N'Trường trung cấp Kinh tế - Tài chính Hà Nội - Quốc lộ, Hà Nội', 21.1023501, 105.9384689, 1),
(711, N'Quang Trung ( HĐ)', N'Quang Trung ( HĐ), Hà Nội', 21.1049424, 105.9291925, 1),
(712, N'Quang Trung (Hà Đông) - Đình Cầu Đơ', N'Quang Trung (Hà Đông) - Đình Cầu Đơ, Hà Nội', 21.1369695, 105.8779908, 1),
(713, N'Đại học Kiến Trúc - Trần Phú (Hà Đông)', N'Đại học Kiến Trúc - Trần Phú (Hà Đông), Hà Nội', 20.9510911, 105.6527530, 1),
(714, N'Học viện An ninh nhân dân - Trần Phú (Hà Đông )', N'Học viện An ninh nhân dân - Trần Phú (Hà Đông ), Hà Nội', 20.9109017, 105.6840361, 1),
(715, N'Tổng Công ty xây dựng Sông Đà -', N'Tổng Công ty xây dựng Sông Đà -, Hà Nội', 21.0955173, 105.8163107, 1),
(716, N'Nguyễn Trãi - Học viện Khoa học Xã hội', N'Nguyễn Trãi - Học viện Khoa học Xã hội, Hà Nội', 21.0439999, 105.7302120, 1),
(717, N'Hè trước tòa nhà Golden Land -', N'Hè trước tòa nhà Golden Land -, Hà Nội', 20.9558904, 105.9482518, 1),
(718, N'Công ty thuốc lá Thăng Long -', N'Công ty thuốc lá Thăng Long -, Hà Nội', 20.9936309, 105.7768422, 1),
(719, N'Kim Giang -', N'Kim Giang -, Hà Nội', 20.9832264, 105.9113893, 1),
(720, N'Sân vận động Thượng Đình -', N'Sân vận động Thượng Đình -, Hà Nội', 21.0759579, 105.8451832, 1),
(721, N'Hè cạnh Khách sạn Daewoo Hà Nội', N'Hè cạnh Khách sạn Daewoo Hà Nội, Hà Nội', 21.0533153, 105.8130614, 1),
(722, N'Làng Qtế Thăng Long (Đối diện', N'Làng Qtế Thăng Long (Đối diện, Hà Nội', 20.9837768, 105.8082861, 1),
(723, N'Trần Đăng Ninh)', N'Trần Đăng Ninh), Hà Nội', 21.1200024, 105.8563429, 1),
(724, N'A Dải đỗ số', N'A Dải đỗ số, Hà Nội', 20.9720103, 105.7877471, 1),
(725, N'Trước nút giao Hoàng Cầu', N'Trước nút giao Hoàng Cầu, Hà Nội', 20.9617293, 105.9284005, 1),
(726, N'Đăng Khoa It Palaza -', N'Đăng Khoa It Palaza -, Hà Nội', 20.9299098, 105.9302573, 1),
(727, N'Ngọc Khánh', N'Ngọc Khánh, Hà Nội', 20.9928775, 105.7863757, 1),
(728, N'Đối diện KTX trường Đảng Nguyễn Ái Quốc -', N'Đối diện KTX trường Đảng Nguyễn Ái Quốc -, Hà Nội', 20.9663447, 105.6569052, 1),
(729, N'Nguyễn Phong Sắc', N'Nguyễn Phong Sắc, Hà Nội', 21.0609673, 105.7499126, 1),
(730, N'Trần Cung - Đối diện Viện E', N'Trần Cung - Đối diện Viện E, Hà Nội', 21.0012507, 105.7316031, 1),
(731, N'Đài tưởng niệm liệt sỹ xã Cổ Nhuế (Đối diện', N'Đài tưởng niệm liệt sỹ xã Cổ Nhuế (Đối diện, Hà Nội', 21.1096543, 105.7425498, 1),
(732, N'Trần Cung)', N'Trần Cung), Hà Nội', 21.0823902, 105.8828024, 1),
(733, N'Trần Cung - CLB Thôn Hoàng', N'Trần Cung - CLB Thôn Hoàng, Hà Nội', 21.0557253, 105.7416794, 1),
(734, N'Đối diện số nhà', N'Đối diện số nhà, Hà Nội', 21.0320223, 105.8348293, 1),
(735, N'Hoàng Tăng Bí - xã Đông Ngạc', N'Hoàng Tăng Bí - xã Đông Ngạc, Hà Nội', 20.9059326, 105.7986294, 1),
(736, N'Đối diện Cửa hàng Bão dưỡng sửa chữa xe máy Nam Hải Xóm', N'Đối diện Cửa hàng Bão dưỡng sửa chữa xe máy Nam Hải Xóm, Hà Nội', 21.0729053, 105.6617177, 1),
(737, N'Đông Ngạc - Đường Đông Ngạc', N'Đông Ngạc - Đường Đông Ngạc, Hà Nội', 21.0265179, 105.8766575, 1),
(738, N'Đường vào Công ty CP cơ điện HN- Đường Đông Ngạc', N'Đường vào Công ty CP cơ điện HN- Đường Đông Ngạc, Hà Nội', 21.0872552, 105.8673306, 1),
(739, N'Trường CĐ Tài Nguyên & Môi Trường HN - Đường Đông Ngạc', N'Trường CĐ Tài Nguyên & Môi Trường HN - Đường Đông Ngạc, Hà Nội', 21.0746643, 105.8252482, 1),
(740, N'Gần đường vào KĐT Đại Kim -', N'Gần đường vào KĐT Đại Kim -, Hà Nội', 21.0258559, 105.7208587, 1),
(741, N'Nguyễn Hữu Thọ', N'Nguyễn Hữu Thọ, Hà Nội', 21.0068738, 105.6640880, 1),
(742, N'Đối diện khán đài A (Trung tâm thi đấu và huấn luyện thể thao CAND) - Nghiêm Xuân Yêm', N'Đối diện khán đài A (Trung tâm thi đấu và huấn luyện thể thao CAND) - Nghiêm Xuân Yêm, Hà Nội', 21.0074679, 105.7364482, 1),
(743, N'Trường Đại học Thăng Long - Nghiêm Xuân Yêm', N'Trường Đại học Thăng Long - Nghiêm Xuân Yêm, Hà Nội', 21.0944087, 105.6894464, 1),
(744, N'Nguyễn Xiển - Hoàng Đạo Thành (hướng đi Nguyễn Trãi)', N'Nguyễn Xiển - Hoàng Đạo Thành (hướng đi Nguyễn Trãi), Hà Nội', 20.9310048, 105.8797567, 1),
(745, N'Điểm xén hè hầm đường bộ số', N'Điểm xén hè hầm đường bộ số, Hà Nội', 21.0004429, 105.9394232, 1),
(746, N'- Nguyễn Xiển', N'- Nguyễn Xiển, Hà Nội', 20.8646467, 105.8126512, 1),
(747, N'Điểm xén hè hầm đường bộ (Viện Công nghệ thực phẩm TW) - Nguyễn Xiển', N'Điểm xén hè hầm đường bộ (Viện Công nghệ thực phẩm TW) - Nguyễn Xiển, Hà Nội', 21.1074590, 105.8626250, 1),
(748, N'Trước trường Tiểu học Nam Trung Yên', N'Trước trường Tiểu học Nam Trung Yên, Hà Nội', 20.8771354, 105.6500581, 1),
(749, N'Trước KĐT Lideco', N'Trước KĐT Lideco, Hà Nội', 21.0266861, 105.8273191, 1),
(750, N'Đối diện Bãi trông giữ xe Công ty khai thác điểm đỗ xe Hà Nội tại', N'Đối diện Bãi trông giữ xe Công ty khai thác điểm đỗ xe Hà Nội tại, Hà Nội', 21.0369428, 105.9001385, 1),
(751, N'Lò Đúc', N'Lò Đúc, Hà Nội', 20.8740131, 105.7849628, 1),
(752, N'Trần Xuân Soạn', N'Trần Xuân Soạn, Hà Nội', 20.9248297, 105.6905112, 1),
(753, N'Đối diện Trung tâm thể thao Hoàng Cầu - Hồ Hoàng Cầu', N'Đối diện Trung tâm thể thao Hoàng Cầu - Hồ Hoàng Cầu, Hà Nội', 20.8588197, 105.7632403, 1),
(754, N'Viện Công Nghệ Xạ Hiếm -', N'Viện Công Nghệ Xạ Hiếm -, Hà Nội', 20.9845123, 105.9491579, 1),
(755, N'Sư đoàn Phòng không', N'Sư đoàn Phòng không, Hà Nội', 20.9035594, 105.8093450, 1),
(756, N'- Lê Văn Lương', N'- Lê Văn Lương, Hà Nội', 20.9747247, 105.9089426, 1),
(757, N'Nhà', N'Nhà, Hà Nội', 20.9926856, 105.9342225, 1),
(758, N'KĐT Trung Hòa Nhân Chính - Lê Văn Lương', N'KĐT Trung Hòa Nhân Chính - Lê Văn Lương, Hà Nội', 20.9839191, 105.8393408, 1),
(759, N'Nhà N', N'Nhà N, Hà Nội', 21.0396508, 105.7228483, 1),
(760, N'A (A) Đại học Bách Khoa', N'A (A) Đại học Bách Khoa, Hà Nội', 21.0261669, 105.6780227, 1),
(761, N'Sân vận động Bách Khoa - Lê Thanh Nghị', N'Sân vận động Bách Khoa - Lê Thanh Nghị, Hà Nội', 21.0602215, 105.7743425, 1),
(762, N'Phố Huế', N'Phố Huế, Hà Nội', 20.9535224, 105.8383464, 1),
(763, N'Lý Thường Kiệt', N'Lý Thường Kiệt, Hà Nội', 21.1492368, 105.8188307, 1),
(764, N'Qua nút giao Hàng Than', N'Qua nút giao Hàng Than, Hà Nội', 21.0961890, 105.7066148, 1),
(765, N'Trước nút giao Cửa Bắc', N'Trước nút giao Cửa Bắc, Hà Nội', 20.9761995, 105.7254396, 1),
(766, N'Đường vào bãi An Dương - Yên Phụ (Đối diện Sofitel Plaza)', N'Đường vào bãi An Dương - Yên Phụ (Đối diện Sofitel Plaza), Hà Nội', 21.0772718, 105.8151156, 1),
(767, N'Nghi Tàm', N'Nghi Tàm, Hà Nội', 21.1427283, 105.7676722, 1),
(768, N'Âu Cơ', N'Âu Cơ, Hà Nội', 21.0437288, 105.7835068, 1),
(769, N'Chợ đồ cũ Quảng An - Âu Cơ', N'Chợ đồ cũ Quảng An - Âu Cơ, Hà Nội', 20.8819082, 105.9486372, 1),
(770, N'Âu Cơ (Gần ngã', N'Âu Cơ (Gần ngã, Hà Nội', 20.9093307, 105.8620293, 1),
(771, N'An Dương Vương', N'An Dương Vương, Hà Nội', 20.9259645, 105.9092137, 1),
(772, N'Đối diện Trạm thú y Tây Hồ', N'Đối diện Trạm thú y Tây Hồ, Hà Nội', 20.9190126, 105.8853203, 1),
(773, N'Đối diện lối rẽ vào UBND xã Phú Thượng - An Dương Vương', N'Đối diện lối rẽ vào UBND xã Phú Thượng - An Dương Vương, Hà Nội', 21.1244483, 105.7472109, 1),
(774, N'Đối diện làng Thượng Thuỵ - An Dương Vương', N'Đối diện làng Thượng Thuỵ - An Dương Vương, Hà Nội', 20.9169512, 105.6552684, 1),
(775, N'Xóm Đình Nhật Tảo (Cách đối diện Đình Nhật Tảo', N'Xóm Đình Nhật Tảo (Cách đối diện Đình Nhật Tảo, Hà Nội', 20.9602549, 105.7649407, 1),
(776, N'Đối diện trường tiểu học Đông Ngạc A - An Dương Vương', N'Đối diện trường tiểu học Đông Ngạc A - An Dương Vương, Hà Nội', 21.0330262, 105.9153962, 1),
(777, N'Đối diện trường THCS Đông Ngạc A - An Dương Vương', N'Đối diện trường THCS Đông Ngạc A - An Dương Vương, Hà Nội', 20.8853138, 105.7363490, 1),
(778, N'ĐD đình làng Liên Ngạc - Đường Đông Ngạc', N'ĐD đình làng Liên Ngạc - Đường Đông Ngạc, Hà Nội', 20.8940208, 105.6576729, 1),
(779, N'(Vị trí', N'(Vị trí, Hà Nội', 20.8816683, 105.7429584, 1),
(780, N'Hồ Thiền Quang (Đối diện Tạp chí Cộng sản - Trần Bình Trọng)', N'Hồ Thiền Quang (Đối diện Tạp chí Cộng sản - Trần Bình Trọng), Hà Nội', 21.0169939, 105.7154517, 1),
(781, N'Quán Sứ (Đối diện', N'Quán Sứ (Đối diện, Hà Nội', 21.0469319, 105.8703546, 1),
(782, N'Quán Sứ)', N'Quán Sứ), Hà Nội', 20.8527038, 105.8433969, 1),
(783, N'Trần Phú (Bộ Tư pháp)', N'Trần Phú (Bộ Tư pháp), Hà Nội', 20.9057402, 105.7838061, 1),
(784, N'Kim Mã (Gần Ngã', N'Kim Mã (Gần Ngã, Hà Nội', 21.1167875, 105.8668065, 1),
(785, N'Kim Mã - Vạn Bảo)', N'Kim Mã - Vạn Bảo), Hà Nội', 21.0608312, 105.7128337, 1),
(786, N'B Trung chuyển Nhổn - Đường', N'B Trung chuyển Nhổn - Đường, Hà Nội', 21.0755996, 105.7986552, 1),
(787, N'A Bến xe Yên Nghĩa', N'A Bến xe Yên Nghĩa, Hà Nội', 20.9187716, 105.8701567, 1),
(788, N'Đối diện Đồ gỗ nội thất Nhật Minh -', N'Đối diện Đồ gỗ nội thất Nhật Minh -, Hà Nội', 20.9421887, 105.6729752, 1),
(789, N'Ba La', N'Ba La, Hà Nội', 20.9561126, 105.9104176, 1),
(790, N'Nguyễn Trãi - Viện Bảo tồn di tích', N'Nguyễn Trãi - Viện Bảo tồn di tích, Hà Nội', 21.0858384, 105.9278605, 1),
(791, N'Khuất Duy tiến', N'Khuất Duy tiến, Hà Nội', 20.9318890, 105.8984483, 1),
(792, N'Khuất Duy Tiến (đối diện khu dân cư', N'Khuất Duy Tiến (đối diện khu dân cư, Hà Nội', 20.8659245, 105.8904226, 1),
(793, N'- Tổ dân phố', N'- Tổ dân phố, Hà Nội', 21.1018932, 105.7055659, 1),
(794, N'phường Thanh Xuân Bắc)', N'phường Thanh Xuân Bắc), Hà Nội', 20.9675379, 105.6694457, 1),
(795, N'ĐH Sư phạm Ngoại ngữ - Đối diện số', N'ĐH Sư phạm Ngoại ngữ - Đối diện số, Hà Nội', 20.9490396, 105.7854958, 1),
(796, N'Học viện Chính trị Quốc Gia Hồ Chí Minh (Đối diện', N'Học viện Chính trị Quốc Gia Hồ Chí Minh (Đối diện, Hà Nội', 21.1423996, 105.8492782, 1),
(797, N'Hoàng Quốc Việt)', N'Hoàng Quốc Việt), Hà Nội', 21.1123950, 105.7989978, 1),
(798, N'Cao đẳng sư phạm mẫu giáo Trung ương -', N'Cao đẳng sư phạm mẫu giáo Trung ương -, Hà Nội', 21.0440408, 105.8006706, 1),
(799, N'Gần Học viện Quốc Phòng -', N'Gần Học viện Quốc Phòng -, Hà Nội', 21.0750926, 105.8581277, 1),
(800, N'Lạc Long Quân - Trường mầm non Hoa Hồng', N'Lạc Long Quân - Trường mầm non Hoa Hồng, Hà Nội', 21.0910460, 105.6808081, 1),
(801, N'Trường THCS Xuân La -', N'Trường THCS Xuân La -, Hà Nội', 20.8583515, 105.8472969, 1),
(802, N'A (A) Bến xe Mỹ Đình', N'A (A) Bến xe Mỹ Đình, Hà Nội', 21.0963576, 105.7857075, 1),
(803, N'Phạm Hùng - Đình Thôn (Cột', N'Phạm Hùng - Đình Thôn (Cột, Hà Nội', 20.9652184, 105.8488969, 1),
(804, N'Đối diện Bến xe Mỹ Đình - Biển báo số', N'Đối diện Bến xe Mỹ Đình - Biển báo số, Hà Nội', 21.0642128, 105.8434394, 1),
(805, N'Lý Thường Kiệt - Viện Năng Lượng Nguyên tử', N'Lý Thường Kiệt - Viện Năng Lượng Nguyên tử, Hà Nội', 20.9234026, 105.7562387, 1),
(806, N'Hai Bà Trưng (Ngã', N'Hai Bà Trưng (Ngã, Hà Nội', 20.9792340, 105.7963043, 1),
(807, N'Hai Bà Trưng- Ngô Quyền)', N'Hai Bà Trưng- Ngô Quyền), Hà Nội', 21.0917177, 105.6959102, 1),
(808, N'Thư viện Hà Nội -', N'Thư viện Hà Nội -, Hà Nội', 20.9945175, 105.8141359, 1),
(809, N'Đại Cồ Việt', N'Đại Cồ Việt, Hà Nội', 21.1191512, 105.9053854, 1),
(810, N'Trần Duy Hưng', N'Trần Duy Hưng, Hà Nội', 20.9672660, 105.7093212, 1),
(811, N'Trần Duy Hưng - Cạnh Siêu thị Big C', N'Trần Duy Hưng - Cạnh Siêu thị Big C, Hà Nội', 20.8794727, 105.7198261, 1),
(812, N'Chân cầu vượt Nam Hồng (trước đảo tròn phía Đông Anh', N'Chân cầu vượt Nam Hồng (trước đảo tròn phía Đông Anh, Hà Nội', 21.0915811, 105.6869205, 1),
(813, N'Qua cầu vượt ngã', N'Qua cầu vượt ngã, Hà Nội', 21.1475515, 105.7144962, 1),
(814, N'Nam Hồng', N'Nam Hồng, Hà Nội', 21.1384857, 105.7604384, 1),
(815, N'Công ty Hamatra - QL', N'Công ty Hamatra - QL, Hà Nội', 21.1361915, 105.9260642, 1),
(816, N'Công ty Cổ phần Tam Sơn (thôn Do Hạ, chiều Hà Nội - Mê Linh) - QL', N'Công ty Cổ phần Tam Sơn (thôn Do Hạ, chiều Hà Nội - Mê Linh) - QL, Hà Nội', 21.0330680, 105.7953413, 1),
(817, N'Đối diện cty TNHH XD CN', N'Đối diện cty TNHH XD CN, Hà Nội', 20.9743031, 105.7372999, 1),
(818, N'UBND xã Tiền Phong - QL', N'UBND xã Tiền Phong - QL, Hà Nội', 20.9778365, 105.8083306, 1),
(819, N'Đối diện chùa Trung Hậu - QL', N'Đối diện chùa Trung Hậu - QL, Hà Nội', 20.8786188, 105.7552773, 1),
(820, N'Qua cổng trường THPT Tiền Phong', N'Qua cổng trường THPT Tiền Phong, Hà Nội', 20.9699541, 105.8506799, 1),
(821, N'Đối diện đường vào đền Hai Bà Trưng', N'Đối diện đường vào đền Hai Bà Trưng, Hà Nội', 20.9519207, 105.9431762, 1),
(822, N'Đối diện công ty sơn Alex - QL', N'Đối diện công ty sơn Alex - QL, Hà Nội', 21.0579633, 105.9386066, 1),
(823, N'Qua cổng làng Thường Lệ', N'Qua cổng làng Thường Lệ, Hà Nội', 20.9308837, 105.6801291, 1),
(824, N'Ngân hàng Viettinbank Mê Linh - QL', N'Ngân hàng Viettinbank Mê Linh - QL, Hà Nội', 21.1409435, 105.7626960, 1),
(825, N'Trước đối diện Trạm y tế xã Đại Thịnh', N'Trước đối diện Trạm y tế xã Đại Thịnh, Hà Nội', 20.9061527, 105.8222928, 1),
(826, N'Trước đối diện lối rẽ vào UBND huyện Mê Linh', N'Trước đối diện lối rẽ vào UBND huyện Mê Linh, Hà Nội', 20.9297368, 105.8118100, 1),
(827, N'Đối diện cổng làng Nội Đồng trước - QL', N'Đối diện cổng làng Nội Đồng trước - QL, Hà Nội', 20.9461561, 105.8214270, 1),
(828, N'Trước đối diện BVĐK Mê Linh', N'Trước đối diện BVĐK Mê Linh, Hà Nội', 20.8659559, 105.8847083, 1),
(829, N'Chi cục Thuế Huyện Mê Linh - QL', N'Chi cục Thuế Huyện Mê Linh - QL, Hà Nội', 21.0744198, 105.7247452, 1),
(830, N'Khu du lịch đồi', N'Khu du lịch đồi, Hà Nội', 20.9299348, 105.9347776, 1),
(831, N'mùa xuân - QL', N'mùa xuân - QL, Hà Nội', 20.8777858, 105.8316560, 1),
(832, N'Trương Định', N'Trương Định, Hà Nội', 21.0636080, 105.6998052, 1),
(833, N'bến xe Bát Giáp - Tuyến', N'bến xe Bát Giáp - Tuyến, Hà Nội', 20.9599460, 105.9192463, 1),
(834, N'Hè trước tượng đài Liệt sỹ phường Hoàng Liệt', N'Hè trước tượng đài Liệt sỹ phường Hoàng Liệt, Hà Nội', 20.9885034, 105.7096537, 1),
(835, N'UBND phường Hoàng Liệt', N'UBND phường Hoàng Liệt, Hà Nội', 20.9010936, 105.8689604, 1),
(836, N'Xí nghiệp xây dựng số', N'Xí nghiệp xây dựng số, Hà Nội', 21.0126085, 105.7399858, 1),
(837, N'(Xóm Chùa Nhĩ) - Kim Giang', N'(Xóm Chùa Nhĩ) - Kim Giang, Hà Nội', 20.9402531, 105.9319121, 1),
(838, N'Nhà văn hóa xã Thanh Liệt - Kim Giang', N'Nhà văn hóa xã Thanh Liệt - Kim Giang, Hà Nội', 20.9928172, 105.7898555, 1),
(839, N'Trung tâm XNK Xây dựng Vimeco - Kim Giang', N'Trung tâm XNK Xây dựng Vimeco - Kim Giang, Hà Nội', 21.0619873, 105.8596203, 1),
(840, N'Cầu Bươu (CH điện lạnh Hồng Sĩ)', N'Cầu Bươu (CH điện lạnh Hồng Sĩ), Hà Nội', 20.8519906, 105.9050252, 1),
(841, N'Cầu Bươu - Đối diện Cty xây dựng số', N'Cầu Bươu - Đối diện Cty xây dựng số, Hà Nội', 21.0436920, 105.9006907, 1),
(842, N'Đối diện Công ty TNHN thương mại Đà Lạt - Cầu Bươu', N'Đối diện Công ty TNHN thương mại Đà Lạt - Cầu Bươu, Hà Nội', 21.0413636, 105.8472876, 1),
(843, N'Chi cục thuế Hà Nội -', N'Chi cục thuế Hà Nội -, Hà Nội', 21.1035752, 105.7220702, 1),
(844, N'Tô Hiệu (Hà Đông)', N'Tô Hiệu (Hà Đông), Hà Nội', 20.9901028, 105.7228617, 1),
(845, N'Đối diện Metro Hà Đông - đường Tô Hiệu', N'Đối diện Metro Hà Đông - đường Tô Hiệu, Hà Nội', 20.9826805, 105.7559821, 1),
(846, N'Giáp hàng rào BX Yên Nghĩa (Đối diện đồng hồ) - Quốc lộ', N'Giáp hàng rào BX Yên Nghĩa (Đối diện đồng hồ) - Quốc lộ, Hà Nội', 20.8942712, 105.7301023, 1),
(847, N'Đối diện nhà nghỉ Hương Giang (Do Lộ - Yên Nghĩa) - Quốc lộ', N'Đối diện nhà nghỉ Hương Giang (Do Lộ - Yên Nghĩa) - Quốc lộ, Hà Nội', 20.9969479, 105.7005059, 1),
(848, N'Đối diện Công ty cổ phần Gỗ Thép Đại Lộc (Đồng Mai) - Quốc lộ', N'Đối diện Công ty cổ phần Gỗ Thép Đại Lộc (Đồng Mai) - Quốc lộ, Hà Nội', 21.0672799, 105.8683043, 1),
(849, N'Cửa hàng máy công trình Hoa Thảo (Đồng Mai) - Quốc lộ', N'Cửa hàng máy công trình Hoa Thảo (Đồng Mai) - Quốc lộ, Hà Nội', 21.1073222, 105.9129941, 1),
(850, N'Đối diện Công ty cổ phần cơ khí xây dựng Hà Thái (Biên Giang) - Quốc lộ', N'Đối diện Công ty cổ phần cơ khí xây dựng Hà Thái (Biên Giang) - Quốc lộ, Hà Nội', 21.0031040, 105.7653020, 1),
(851, N'Hội đồng nhân dân xã Biên Giang - Quốc lộ', N'Hội đồng nhân dân xã Biên Giang - Quốc lộ, Hà Nội', 20.9773005, 105.7311268, 1),
(852, N'Đối diện Complet veston Hoàng Tử (Thị trấn Chúc Sơn) - Quốc lộ', N'Đối diện Complet veston Hoàng Tử (Thị trấn Chúc Sơn) - Quốc lộ, Hà Nội', 20.8921167, 105.8318550, 1),
(853, N'B Cửa hàng ĐTDĐ Mobifone Nam Cường (Khu Bắc Sơn - Thị trấn Chúc Sơn) - Quốc lộ', N'B Cửa hàng ĐTDĐ Mobifone Nam Cường (Khu Bắc Sơn - Thị trấn Chúc Sơn) - Quốc lộ, Hà Nội', 21.0180757, 105.7363827, 1),
(854, N'Siêu thị Metro Thăng Long - Đối diện ngõ', N'Siêu thị Metro Thăng Long - Đối diện ngõ, Hà Nội', 20.9773441, 105.9354817, 1),
(855, N'Bộ công an - đối diện', N'Bộ công an - đối diện, Hà Nội', 20.8615677, 105.8390614, 1),
(856, N'Công viên Nghĩa Đô -', N'Công viên Nghĩa Đô -, Hà Nội', 21.0462653, 105.9054446, 1),
(857, N'Đối diện Công viên Thủ Lệ - Đường Bưởi dưới', N'Đối diện Công viên Thủ Lệ - Đường Bưởi dưới, Hà Nội', 21.0511475, 105.7127237, 1),
(858, N'Minh Khai (Công ty May Thăng Long )', N'Minh Khai (Công ty May Thăng Long ), Hà Nội', 21.0199854, 105.8340070, 1),
(859, N'Minh Khai (Gần cầu Mai Động)', N'Minh Khai (Gần cầu Mai Động), Hà Nội', 20.8987430, 105.7390205, 1),
(860, N'Cổng vào KTX Học viện Báo chí tuyên truyền - Đối diện', N'Cổng vào KTX Học viện Báo chí tuyên truyền - Đối diện, Hà Nội', 20.9276793, 105.8268779, 1),
(861, N'Trần Thái Tông', N'Trần Thái Tông, Hà Nội', 21.1252809, 105.8413609, 1),
(862, N'Duy Tân - Trần Thái Tông', N'Duy Tân - Trần Thái Tông, Hà Nội', 21.1396576, 105.8779255, 1),
(863, N'Bảo Tàng Hà Nội', N'Bảo Tàng Hà Nội, Hà Nội', 21.0790537, 105.7877283, 1),
(864, N'Phạm Hùng - Khuất Duy Tiến (Trung tâm Hội nghị Quốc Gia)', N'Phạm Hùng - Khuất Duy Tiến (Trung tâm Hội nghị Quốc Gia), Hà Nội', 21.0772249, 105.6997858, 1),
(865, N'Quận Uỷ Thanh Xuân - Số', N'Quận Uỷ Thanh Xuân - Số, Hà Nội', 21.1136109, 105.7291800, 1),
(866, N'Đối diện chung cư Hesco – Nguyễn Khuyến (Hà Đông)', N'Đối diện chung cư Hesco – Nguyễn Khuyến (Hà Đông), Hà Nội', 21.1217056, 105.8329090, 1),
(867, N'Chung cư New Skyline – Nguyễn Khuyến (Hà Đông)', N'Chung cư New Skyline – Nguyễn Khuyến (Hà Đông), Hà Nội', 21.0031650, 105.8111752, 1),
(868, N'Kiot', N'Kiot, Hà Nội', 21.1085826, 105.8808805, 1),
(869, N'Đối diện gần cổng sau viện', N'Đối diện gần cổng sau viện, Hà Nội', 20.9792589, 105.9498530, 1),
(870, N'- KĐT Văn Quán - Hà Đông', N'- KĐT Văn Quán - Hà Đông, Hà Nội', 21.0156440, 105.7795210, 1),
(871, N'Học viện Quân Y - Phùng Hưng (Hà Đông)', N'Học viện Quân Y - Phùng Hưng (Hà Đông), Hà Nội', 20.9875829, 105.9047410, 1),
(872, N'Cổng thôn Yên Xá -', N'Cổng thôn Yên Xá -, Hà Nội', 21.1363603, 105.9013114, 1),
(873, N'Cầu Bươu', N'Cầu Bươu, Hà Nội', 21.0883380, 105.8031018, 1),
(874, N'Gần đường vào Trại tạm giam - Cầu Bươu', N'Gần đường vào Trại tạm giam - Cầu Bươu, Hà Nội', 21.0714087, 105.7251098, 1),
(875, N'Đối diện Cty XNK Lâm nông sản số', N'Đối diện Cty XNK Lâm nông sản số, Hà Nội', 20.9574299, 105.8792348, 1),
(876, N'Sài Gòn - Cầu Bươu', N'Sài Gòn - Cầu Bươu, Hà Nội', 20.8723398, 105.8639177, 1),
(877, N'Trước nhà CT', N'Trước nhà CT, Hà Nội', 21.0890412, 105.8845260, 1),
(878, N'Qua Cầu Tó', N'Qua Cầu Tó, Hà Nội', 21.0318290, 105.8406209, 1),
(879, N'Qua TT giáo dục TX Huyện Thanh Trì', N'Qua TT giáo dục TX Huyện Thanh Trì, Hà Nội', 20.9527633, 105.8008985, 1),
(880, N'Đối diện XN KD Kim Khí và D.vụ số', N'Đối diện XN KD Kim Khí và D.vụ số, Hà Nội', 21.1347789, 105.7331760, 1),
(881, N'- Phan Trọng Tuệ', N'- Phan Trọng Tuệ, Hà Nội', 20.9204840, 105.6515437, 1),
(882, N'Đối diện Công ty Phân Lân Văn Điển - Phan Trọng Tuệ', N'Đối diện Công ty Phân Lân Văn Điển - Phan Trọng Tuệ, Hà Nội', 20.8637403, 105.7766275, 1),
(883, N'Trường CN cơ điện &PTNT - Phan Trọng Tuệ', N'Trường CN cơ điện &PTNT - Phan Trọng Tuệ, Hà Nội', 21.1496105, 105.9484208, 1),
(884, N'Ngọc Hồi B BV Nội tiết Trung ương cơ sở Tứ Hiệp', N'Ngọc Hồi B BV Nội tiết Trung ương cơ sở Tứ Hiệp, Hà Nội', 20.8906907, 105.8096377, 1),
(885, N'Trần Hưng Đạo - Bộ Giao thông vận tải', N'Trần Hưng Đạo - Bộ Giao thông vận tải, Hà Nội', 20.9899738, 105.7459907, 1),
(886, N'Đối diện TT Thể dục thể thao Gia Lâm - Nguyễn Đức Thuận', N'Đối diện TT Thể dục thể thao Gia Lâm - Nguyễn Đức Thuận, Hà Nội', 20.8851606, 105.7878752, 1),
(887, N'Đối diện KĐT Đặng Xá (Km', N'Đối diện KĐT Đặng Xá (Km, Hà Nội', 20.8718904, 105.7850084, 1),
(888, N'Đối diện KCN Gia Lâm - Nguyễn Đức Thuận', N'Đối diện KCN Gia Lâm - Nguyễn Đức Thuận, Hà Nội', 21.0260221, 105.7556552, 1),
(889, N'Đối diện đường vào Nhà máy Sữa Hà Nội - Nguyễn Đức Thuận', N'Đối diện đường vào Nhà máy Sữa Hà Nội - Nguyễn Đức Thuận, Hà Nội', 21.0323775, 105.7089253, 1),
(890, N'Cổng Ga Phú Thị - Nguyễn Bình', N'Cổng Ga Phú Thị - Nguyễn Bình, Hà Nội', 21.1209514, 105.8706384, 1),
(891, N'Gần cầu vượt', N'Gần cầu vượt, Hà Nội', 20.9453950, 105.8185618, 1),
(892, N'Phú Thị - Nguyễn Bình', N'Phú Thị - Nguyễn Bình, Hà Nội', 20.9136536, 105.9141925, 1),
(893, N'Trước lối rẽ vào Trường TH Quản lý & Công Nghệ', N'Trước lối rẽ vào Trường TH Quản lý & Công Nghệ, Hà Nội', 21.1402594, 105.7981868, 1),
(894, N'Trước Gara Như Quỳnh', N'Trước Gara Như Quỳnh, Hà Nội', 20.9943861, 105.7921843, 1),
(895, N'Thị trấn Như Quỳnh - QL', N'Thị trấn Như Quỳnh - QL, Hà Nội', 20.9200018, 105.7980020, 1),
(896, N'A (B) Nghi Tàm', N'A (B) Nghi Tàm, Hà Nội', 20.9241412, 105.7375170, 1),
(897, N'Âu Cơ (Đối diện Chợ đồ cũ Quảng An)', N'Âu Cơ (Đối diện Chợ đồ cũ Quảng An), Hà Nội', 21.0284615, 105.7942522, 1),
(898, N'Nghi Tàm (Đối diện Ngõ', N'Nghi Tàm (Đối diện Ngõ, Hà Nội', 21.1370474, 105.6666421, 1),
(899, N'Trường Mạc Đĩnh Chi - Yên Phụ (đường xe buýt)', N'Trường Mạc Đĩnh Chi - Yên Phụ (đường xe buýt), Hà Nội', 21.0612893, 105.6687952, 1),
(900, N'Qua nút giao Cửa Bắc', N'Qua nút giao Cửa Bắc, Hà Nội', 20.9991245, 105.9175705, 1),
(901, N'Trước nút giao Hàng Than', N'Trước nút giao Hàng Than, Hà Nội', 20.8717970, 105.7549403, 1),
(902, N'Cột cờ Hà Nội - Điện Biên Phủ', N'Cột cờ Hà Nội - Điện Biên Phủ, Hà Nội', 21.0744748, 105.9065745, 1),
(903, N'Đài tưởng niệm Khâm Thiên - Đối diện', N'Đài tưởng niệm Khâm Thiên - Đối diện, Hà Nội', 21.0877277, 105.8857224, 1),
(904, N'Nguyễn Du', N'Nguyễn Du, Hà Nội', 21.0823196, 105.8848150, 1),
(905, N'Trạm Biến áp Hàng Bột', N'Trạm Biến áp Hàng Bột, Hà Nội', 21.1295309, 105.6545088, 1),
(906, N'A Bến Xe Giáp Bát', N'A Bến Xe Giáp Bát, Hà Nội', 21.0199853, 105.7545473, 1),
(907, N'Vĩnh Ngọc - Km', N'Vĩnh Ngọc - Km, Hà Nội', 20.9046162, 105.8559407, 1),
(908, N'Đối diện Viện kiểm soát Đông Anh - Cao Lỗ', N'Đối diện Viện kiểm soát Đông Anh - Cao Lỗ, Hà Nội', 20.8780227, 105.8173507, 1),
(909, N'Phố Tó, Uy Nỗ - Cao Lỗ (Bv Đa khoa) B Ngã', N'Phố Tó, Uy Nỗ - Cao Lỗ (Bv Đa khoa) B Ngã, Hà Nội', 20.9453174, 105.7176918, 1),
(910, N'Xay sát Đông Quan - Tuyến', N'Xay sát Đông Quan - Tuyến, Hà Nội', 21.0840883, 105.6739954, 1),
(911, N'Đối diện phòng chụp cắt lớp vi tính', N'Đối diện phòng chụp cắt lớp vi tính, Hà Nội', 20.8609391, 105.6603834, 1),
(912, N'lớp - số', N'lớp - số, Hà Nội', 20.9820422, 105.8771037, 1),
(913, N'Trần Khánh Dư (đường dưới)', N'Trần Khánh Dư (đường dưới), Hà Nội', 21.0862672, 105.7342236, 1),
(914, N'Đối diện Khoa A', N'Đối diện Khoa A, Hà Nội', 20.8819169, 105.7536804, 1),
(915, N'(Cách ngã', N'(Cách ngã, Hà Nội', 20.9303123, 105.7765454, 1),
(916, N'Lý Thường Kiệt - Tổng Công ty Du Lịch Hà Nội', N'Lý Thường Kiệt - Tổng Công ty Du Lịch Hà Nội, Hà Nội', 20.9049841, 105.6648787, 1),
(917, N'Đối diện tượng đài Bắc Sơn - Hoàng Diệu', N'Đối diện tượng đài Bắc Sơn - Hoàng Diệu, Hà Nội', 20.9598166, 105.9143977, 1),
(918, N'Đối diện đường Hoàng Văn Thụ - Hoàng Diệu', N'Đối diện đường Hoàng Văn Thụ - Hoàng Diệu, Hà Nội', 21.0960974, 105.8550387, 1),
(919, N'Nguyễn Biểu', N'Nguyễn Biểu, Hà Nội', 20.9921924, 105.9007009, 1),
(920, N'Đối diện công ty tư vấn BĐS Hùng Tín Đường', N'Đối diện công ty tư vấn BĐS Hùng Tín Đường, Hà Nội', 20.9828115, 105.7610756, 1),
(921, N'LD EBARA - Vĩnh Ngọc', N'LD EBARA - Vĩnh Ngọc, Hà Nội', 20.9220697, 105.9212054, 1),
(922, N'Gần cổng làng Phương Trạch', N'Gần cổng làng Phương Trạch, Hà Nội', 21.1274792, 105.8067150, 1),
(923, N'Đại lý Nhôm kính Lực Liên - Đường', N'Đại lý Nhôm kính Lực Liên - Đường, Hà Nội', 20.8645204, 105.8426009, 1),
(924, N'Đối diện thôn Vạn Lộc (trước ngã', N'Đối diện thôn Vạn Lộc (trước ngã, Hà Nội', 21.1446001, 105.7938648, 1),
(925, N'Đối diện Công Ty Bê tông Appha, Đông Hội - Km', N'Đối diện Công Ty Bê tông Appha, Đông Hội - Km, Hà Nội', 21.0662857, 105.6896027, 1),
(926, N'Gần Cổng Làng Tiên Hội, cây đa Bác Hồ - Km', N'Gần Cổng Làng Tiên Hội, cây đa Bác Hồ - Km, Hà Nội', 21.1411461, 105.8255795, 1),
(927, N'Gần đường vào Khu di tích Cổ Loa', N'Gần đường vào Khu di tích Cổ Loa, Hà Nội', 20.9139709, 105.8406960, 1),
(928, N'Đường Long Biên Xuân Quan)', N'Đường Long Biên Xuân Quan), Hà Nội', 20.9824110, 105.8516201, 1),
(929, N'Bồ Đề (Km', N'Bồ Đề (Km, Hà Nội', 20.9551840, 105.7184519, 1),
(930, N'Đối diện giữa số nhà', N'Đối diện giữa số nhà, Hà Nội', 20.9901320, 105.9185247, 1),
(931, N'Đối diện Chùa Sùng Khánh Tư Đình (Km', N'Đối diện Chùa Sùng Khánh Tư Đình (Km, Hà Nội', 21.1449802, 105.8209327, 1),
(932, N'Đối diện Điếm Tư Đình (Km', N'Đối diện Điếm Tư Đình (Km, Hà Nội', 21.1432046, 105.8314040, 1),
(933, N'Đối diện Chùa Nghiêm Quang - Điếm thôn Trạm (Km', N'Đối diện Chùa Nghiêm Quang - Điếm thôn Trạm (Km, Hà Nội', 20.9357374, 105.7956842, 1),
(934, N'Cầu Vĩnh Tuy - Đối diện Điếm thôn Nha (Km', N'Cầu Vĩnh Tuy - Đối diện Điếm thôn Nha (Km, Hà Nội', 20.8742621, 105.7943392, 1),
(935, N'Đối diện chùa Cự Linh - Ngã', N'Đối diện chùa Cự Linh - Ngã, Hà Nội', 20.9437234, 105.8971698, 1),
(936, N'Thạch Bàn (Km', N'Thạch Bàn (Km, Hà Nội', 21.0377147, 105.7903045, 1),
(937, N'Đối diện Điếm thôn Ngô (Km', N'Đối diện Điếm thôn Ngô (Km, Hà Nội', 20.9501271, 105.6922306, 1),
(938, N'Đối diện Điếm Cự Khối - Công an Phường Cự Khối (Km', N'Đối diện Điếm Cự Khối - Công an Phường Cự Khối (Km, Hà Nội', 20.8665417, 105.6899558, 1),
(939, N'Đối diện Điếm thôn Đông Dư Thượng - Cầu Thanh Trì (Km', N'Đối diện Điếm thôn Đông Dư Thượng - Cầu Thanh Trì (Km, Hà Nội', 21.1282145, 105.6862608, 1),
(940, N'Đối diện Điếm thôn Đông Dư Hạ (Km', N'Đối diện Điếm thôn Đông Dư Hạ (Km, Hà Nội', 21.1362072, 105.9414178, 1),
(941, N'Đối diện đường vào Đồn cảnh sát Đa Tốn (Km', N'Đối diện đường vào Đồn cảnh sát Đa Tốn (Km, Hà Nội', 20.9315297, 105.7352688, 1),
(942, N'Đối diện giữa tháp B và C - Phố Trúc (KĐT Ecopark)', N'Đối diện giữa tháp B và C - Phố Trúc (KĐT Ecopark), Hà Nội', 21.0145146, 105.8903697, 1),
(943, N'Gần công viên Mùa Hạ - Phố Trúc (KĐT Ecopark)', N'Gần công viên Mùa Hạ - Phố Trúc (KĐT Ecopark), Hà Nội', 21.0306991, 105.7858506, 1),
(944, N'Tòa tháp E (KĐT Ecopark)', N'Tòa tháp E (KĐT Ecopark), Hà Nội', 21.0960440, 105.9112764, 1),
(945, N'Giữa tháp B và C - Phố Trúc (KĐT Ecopark)', N'Giữa tháp B và C - Phố Trúc (KĐT Ecopark), Hà Nội', 20.9484093, 105.8463307, 1),
(946, N'Qua ngã ba Xuân Quan - Bát Tràng', N'Qua ngã ba Xuân Quan - Bát Tràng, Hà Nội', 21.0990126, 105.7965240, 1),
(947, N'Trước đối diện cột điện BKD', N'Trước đối diện cột điện BKD, Hà Nội', 21.1135135, 105.8379325, 1),
(948, N'- đường liên xã Kim Lan - Văn Đức', N'- đường liên xã Kim Lan - Văn Đức, Hà Nội', 20.9409736, 105.6505174, 1),
(949, N'Trước cột điện KL', N'Trước cột điện KL, Hà Nội', 21.1359863, 105.9048206, 1),
(950, N'Qua đường dẫn lên cầu Vĩnh Tuy, hướng đi Thạch Bàn - Nguyễn Khoái', N'Qua đường dẫn lên cầu Vĩnh Tuy, hướng đi Thạch Bàn - Nguyễn Khoái, Hà Nội', 21.0077186, 105.8704607, 1),
(951, N'Nguyễn Khoái - ĐH Kinh Doanh Công Nghệ HN', N'Nguyễn Khoái - ĐH Kinh Doanh Công Nghệ HN, Hà Nội', 20.9945806, 105.6762124, 1),
(952, N'Nguyễn Khoái - Cạnh Dốc Đoàn Kết', N'Nguyễn Khoái - Cạnh Dốc Đoàn Kết, Hà Nội', 20.8870718, 105.6645886, 1),
(953, N'Nguyễn Khoái - Cạnh Công ty gốm sứ Thanh Trì', N'Nguyễn Khoái - Cạnh Công ty gốm sứ Thanh Trì, Hà Nội', 20.9285536, 105.8724874, 1),
(954, N'Trường Tiểu học Thanh Trì - Đê Hữu Hồng (Điếm canh đê số', N'Trường Tiểu học Thanh Trì - Đê Hữu Hồng (Điếm canh đê số, Hà Nội', 20.9559645, 105.6620314, 1),
(955, N'Qua lối vào Trường TH Tư Thục KT-DL Hoa Sữa', N'Qua lối vào Trường TH Tư Thục KT-DL Hoa Sữa, Hà Nội', 21.1337154, 105.9303273, 1),
(956, N'Công ty CP Đầu tư & Bê tông Thịnh Liệt - Đê Hữu Hồng (Điếm canh đê số', N'Công ty CP Đầu tư & Bê tông Thịnh Liệt - Đê Hữu Hồng (Điếm canh đê số, Hà Nội', 20.8852525, 105.8062899, 1),
(957, N'Đê Hữu Hồng - Lĩnh Nam (Cạnh Điếm canh đê số', N'Đê Hữu Hồng - Lĩnh Nam (Cạnh Điếm canh đê số, Hà Nội', 21.0813143, 105.6894011, 1),
(958, N'đường Khuyến Lương - Đê Hữu Hồng (Điếm canh đê số', N'đường Khuyến Lương - Đê Hữu Hồng (Điếm canh đê số, Hà Nội', 20.8621863, 105.8964677, 1),
(959, N'Nhà thờ xứ Khuyến Lương (', N'Nhà thờ xứ Khuyến Lương (, Hà Nội', 20.9059121, 105.7349653, 1),
(960, N'đường Khuyến Lương) - Đê Hữu Hồng', N'đường Khuyến Lương) - Đê Hữu Hồng, Hà Nội', 21.0252724, 105.8469455, 1),
(961, N'Qua đường rẽ Pháp Vân', N'Qua đường rẽ Pháp Vân, Hà Nội', 20.9454108, 105.9269778, 1),
(962, N'Cách đường vào trạm bơm Yên Sở', N'Cách đường vào trạm bơm Yên Sở, Hà Nội', 20.9604579, 105.8771058, 1),
(963, N'Qua lối rẽ vào đường Tứ Hiệp', N'Qua lối rẽ vào đường Tứ Hiệp, Hà Nội', 20.8627834, 105.7669330, 1),
(964, N'Điếm canh đê số', N'Điếm canh đê số, Hà Nội', 21.0211496, 105.7180053, 1),
(965, N'- Đê Hữu Hồng', N'- Đê Hữu Hồng, Hà Nội', 20.9348180, 105.7586016, 1),
(966, N'thôn Đông Trạch - Đê Hữu Hồng', N'thôn Đông Trạch - Đê Hữu Hồng, Hà Nội', 21.0075254, 105.8325628, 1),
(967, N'(Gần lối rẽ vào đường Đông Mỹ) - Đê Hữu Hồng', N'(Gần lối rẽ vào đường Đông Mỹ) - Đê Hữu Hồng, Hà Nội', 20.8583259, 105.7082184, 1),
(968, N'Cổng làng văn hoá Mỹ Á thôn Đông Mỹ - Đê Hữu Hồng B Cách lối rẽ vào UBND xã Vạn Phúc', N'Cổng làng văn hoá Mỹ Á thôn Đông Mỹ - Đê Hữu Hồng B Cách lối rẽ vào UBND xã Vạn Phúc, Hà Nội', 20.9729196, 105.7898712, 1),
(969, N'A Trung chuyển Trần Khánh Dư (Khu đón khách)', N'A Trung chuyển Trần Khánh Dư (Khu đón khách), Hà Nội', 20.9987727, 105.6833894, 1),
(970, N'Lý Thường Kiệt - Viện Kiểm soát Nhân dân tối cao', N'Lý Thường Kiệt - Viện Kiểm soát Nhân dân tối cao, Hà Nội', 20.9167651, 105.9126625, 1),
(971, N'Chùa Trấn Quốc - Thanh Niên', N'Chùa Trấn Quốc - Thanh Niên, Hà Nội', 21.0901808, 105.7080948, 1),
(972, N'Đối diện chùa Quán Thánh - Thanh Niên', N'Đối diện chùa Quán Thánh - Thanh Niên, Hà Nội', 20.8746489, 105.8297457, 1),
(973, N'Hè qua cổng Học viện Âm nhạc Quốc gia Việt Nam -', N'Hè qua cổng Học viện Âm nhạc Quốc gia Việt Nam -, Hà Nội', 20.9884103, 105.7136466, 1),
(974, N'Hào Nam', N'Hào Nam, Hà Nội', 20.9264841, 105.9124064, 1),
(975, N'Nhà hàng Hàn Quốc, nhà CT', N'Nhà hàng Hàn Quốc, nhà CT, Hà Nội', 20.8825651, 105.8923140, 1),
(976, N'ĐN KĐT Mỹ Đình - Đường Mễ Trì', N'ĐN KĐT Mỹ Đình - Đường Mễ Trì, Hà Nội', 20.9136304, 105.8552999, 1),
(977, N'Tường rào Trạm y tế Mễ Trì - Đường Mễ Trì', N'Tường rào Trạm y tế Mễ Trì - Đường Mễ Trì, Hà Nội', 21.0812814, 105.7115592, 1),
(978, N'Đối diện Trường TH Cơ sở Phú Đô - Lê Đức Thọ', N'Đối diện Trường TH Cơ sở Phú Đô - Lê Đức Thọ, Hà Nội', 20.9849893, 105.6782872, 1),
(979, N'Lạc Trung', N'Lạc Trung, Hà Nội', 20.9120417, 105.8424348, 1),
(980, N'CV Tuổi Trẻ (Ngã', N'CV Tuổi Trẻ (Ngã, Hà Nội', 21.0806797, 105.8759567, 1),
(981, N'Võ Thị Sáu - Thanh Nhàn)', N'Võ Thị Sáu - Thanh Nhàn), Hà Nội', 21.1024203, 105.9356700, 1),
(982, N'Công viên Tuổi Trẻ - Đối diện', N'Công viên Tuổi Trẻ - Đối diện, Hà Nội', 20.9098430, 105.9262418, 1),
(983, N'KĐT Trung Hoà Nhân Chính - Hoàng Đạo Thúy', N'KĐT Trung Hoà Nhân Chính - Hoàng Đạo Thúy, Hà Nội', 20.8523033, 105.7433336, 1),
(984, N'Đại học Lao động & Xã hội - Đối diện số nhà', N'Đại học Lao động & Xã hội - Đối diện số nhà, Hà Nội', 21.0864566, 105.7885880, 1),
(985, N'Trần Duy Hưng)', N'Trần Duy Hưng), Hà Nội', 20.9556360, 105.9326859, 1),
(986, N'Trung tâm Lưu trữ Quốc gia', N'Trung tâm Lưu trữ Quốc gia, Hà Nội', 20.8537297, 105.6755409, 1),
(987, N'Qua vòng xuyến ngã tư Trần Thái Tông, Tôn Thất Thuyết', N'Qua vòng xuyến ngã tư Trần Thái Tông, Tôn Thất Thuyết, Hà Nội', 20.9891395, 105.8719447, 1),
(988, N'Minh Khai - Nhà máy chỉ khâu', N'Minh Khai - Nhà máy chỉ khâu, Hà Nội', 21.0537320, 105.8694203, 1),
(989, N'Viện kinh tế và kỹ thuật dệt may -', N'Viện kinh tế và kỹ thuật dệt may -, Hà Nội', 20.8536989, 105.6851625, 1),
(990, N'Qua đảo GT cầu Vĩnh Tuy', N'Qua đảo GT cầu Vĩnh Tuy, Hà Nội', 21.0843542, 105.7779111, 1),
(991, N'Trước cầu vượt nút Nguyễn Văn Linh', N'Trước cầu vượt nút Nguyễn Văn Linh, Hà Nội', 21.1317611, 105.6752762, 1),
(992, N'Trường THCS Dương Xá - Đường Ỷ Lan', N'Trường THCS Dương Xá - Đường Ỷ Lan, Hà Nội', 21.1305229, 105.6789481, 1),
(993, N'Gần đường vào chùa Yên Bình - Đường Ỷ Lan', N'Gần đường vào chùa Yên Bình - Đường Ỷ Lan, Hà Nội', 21.0110953, 105.8006133, 1),
(994, N'Trạm y tế xã Phú Thị - Đường', N'Trạm y tế xã Phú Thị - Đường, Hà Nội', 21.0607938, 105.8961873, 1),
(995, N'Phú Thị - Đường', N'Phú Thị - Đường, Hà Nội', 21.0216518, 105.8607496, 1),
(996, N'Đối diện đường vào di tích Kim Sơn - Đường', N'Đối diện đường vào di tích Kim Sơn - Đường, Hà Nội', 20.9440175, 105.8716497, 1),
(997, N'Trạm biến áp TC Kim Sơn (chợ Keo) - Đường', N'Trạm biến áp TC Kim Sơn (chợ Keo) - Đường, Hà Nội', 21.1380197, 105.7025910, 1),
(998, N'Đối diện đường chùa Sen Hồ - Đường', N'Đối diện đường chùa Sen Hồ - Đường, Hà Nội', 20.8637266, 105.7617926, 1),
(999, N'Đối diện Aeon Mall Long Biên (Cột điện T', N'Đối diện Aeon Mall Long Biên (Cột điện T, Hà Nội', 21.1151197, 105.8969085, 1),
(1000, N'Tường rào trạm thú y Long Biên - Đói diện', N'Tường rào trạm thú y Long Biên - Đói diện, Hà Nội', 21.0902115, 105.7773046, 1);
INSERT INTO Stops (StopID, StopName, Address, Latitude, Longitude, IsActive) VALUES 
(1001, N'Thạch Bàn', N'Thạch Bàn, Hà Nội', 21.0492788, 105.7592858, 1),
(1002, N'Trước lối vào KĐT Ecopark', N'Trước lối vào KĐT Ecopark, Hà Nội', 20.9119566, 105.7153410, 1),
(1003, N'Đối diện Trạm y tế huyện Văn Giang', N'Đối diện Trạm y tế huyện Văn Giang, Hà Nội', 20.8907220, 105.8975443, 1),
(1004, N'Đối diện qua trạm xăng dầu Cửu Cao (gần UBND xã Cửu Cao)', N'Đối diện qua trạm xăng dầu Cửu Cao (gần UBND xã Cửu Cao), Hà Nội', 21.1291782, 105.8957064, 1),
(1005, N'Qua đường vào KĐT xã Kiêu Kỵ - đối diện trường Trung cấp GTVT miền Bắc', N'Qua đường vào KĐT xã Kiêu Kỵ - đối diện trường Trung cấp GTVT miền Bắc, Hà Nội', 21.0767781, 105.8601903, 1),
(1006, N'Đối diện qua lối vào thôn Gia Cốc', N'Đối diện qua lối vào thôn Gia Cốc, Hà Nội', 21.0726590, 105.8096613, 1),
(1007, N'Đối diện nhà văn hóa thôn Trung Dương', N'Đối diện nhà văn hóa thôn Trung Dương, Hà Nội', 20.9077311, 105.7372861, 1),
(1008, N'Cột điện PT', N'Cột điện PT, Hà Nội', 20.9308941, 105.9215716, 1),
(1009, N'(gần CH bia hơi Hậu Oánh) - đường Ỷ Lan', N'(gần CH bia hơi Hậu Oánh) - đường Ỷ Lan, Hà Nội', 21.0492630, 105.9263754, 1),
(1010, N'Đối diện cty may Nam Sơn - đường Ỷ Lan', N'Đối diện cty may Nam Sơn - đường Ỷ Lan, Hà Nội', 20.9477665, 105.8295386, 1),
(1011, N'Chợ đầu mối Hải Bối', N'Chợ đầu mối Hải Bối, Hà Nội', 21.1168186, 105.7217003, 1),
(1012, N'Liên doanh EBARA - Vĩnh Ngọc', N'Liên doanh EBARA - Vĩnh Ngọc, Hà Nội', 20.8915415, 105.7914383, 1),
(1013, N'Đối diện qua', N'Đối diện qua, Hà Nội', 20.8779866, 105.8149260, 1),
(1014, N'Cty TNHH Đầu tư Đại phát Bình Sơn Hà (cắm mới)', N'Cty TNHH Đầu tư Đại phát Bình Sơn Hà (cắm mới), Hà Nội', 21.0939191, 105.6574699, 1),
(1015, N'Đối diện trường mầm non Vân Nội (cắm mới)', N'Đối diện trường mầm non Vân Nội (cắm mới), Hà Nội', 20.8991253, 105.7099479, 1),
(1016, N'Cột điện số', N'Cột điện số, Hà Nội', 21.1152105, 105.9193527, 1),
(1017, N'- Thôn Viên Nội (cắm mới)', N'- Thôn Viên Nội (cắm mới), Hà Nội', 21.0619758, 105.7530816, 1),
(1018, N'UBND xã Vân Nội (cắm mới)', N'UBND xã Vân Nội (cắm mới), Hà Nội', 21.1083986, 105.7897312, 1),
(1019, N'Đối diện Trung tâm y tế dự phòng Huyện Đông Anh - QL', N'Đối diện Trung tâm y tế dự phòng Huyện Đông Anh - QL, Hà Nội', 20.9848906, 105.6630463, 1),
(1020, N'Đối diện ngã', N'Đối diện ngã, Hà Nội', 20.9309223, 105.8631408, 1),
(1021, N'Thôn Cổ Hợp - đường', N'Thôn Cổ Hợp - đường, Hà Nội', 20.9015674, 105.8126301, 1),
(1022, N'Đối diện trụ sở công ty TNHH MTV Xổ số kiến thiết Thủ đô', N'Đối diện trụ sở công ty TNHH MTV Xổ số kiến thiết Thủ đô, Hà Nội', 21.0884703, 105.7820526, 1),
(1023, N'Đối diện Thôn Cổ Dương - Đường', N'Đối diện Thôn Cổ Dương - Đường, Hà Nội', 20.8778143, 105.8657815, 1),
(1024, N'Đối diện Tòa án Nhân dân Huyện Đông Anh - QL', N'Đối diện Tòa án Nhân dân Huyện Đông Anh - QL, Hà Nội', 21.0898945, 105.8380618, 1),
(1025, N'Cao Lỗ (cắm mới) B Ngã', N'Cao Lỗ (cắm mới) B Ngã, Hà Nội', 20.9838870, 105.7101016, 1),
(1026, N'Công ty CP thiết bị xây dựng La Thành', N'Công ty CP thiết bị xây dựng La Thành, Hà Nội', 21.0465539, 105.6791987, 1),
(1027, N'Đối diện tổng công ty LIAMA', N'Đối diện tổng công ty LIAMA, Hà Nội', 21.0863198, 105.7453192, 1),
(1028, N'Đối diện công ty Cổ phần Thông Minh MK', N'Đối diện công ty Cổ phần Thông Minh MK, Hà Nội', 20.8629723, 105.6696389, 1),
(1029, N'Đối diện Bưu điện huyện Mê Linh B KCN Quang Minh', N'Đối diện Bưu điện huyện Mê Linh B KCN Quang Minh, Hà Nội', 20.9789412, 105.6933075, 1),
(1030, N'Bệnh viện Đa khoa Từ Sơn - Bắc Ninh', N'Bệnh viện Đa khoa Từ Sơn - Bắc Ninh, Hà Nội', 21.0386444, 105.6577505, 1),
(1031, N'Viềng - Quốc Lộ', N'Viềng - Quốc Lộ, Hà Nội', 20.9378935, 105.6845602, 1),
(1032, N'Đường vào chùa Tiêu (Đối diện Trung tâm Logicstic - ICD Tiên Sơn) - Viềng - Quốc Lộ', N'Đường vào chùa Tiêu (Đối diện Trung tâm Logicstic - ICD Tiên Sơn) - Viềng - Quốc Lộ, Hà Nội', 20.9331458, 105.7524671, 1),
(1033, N'Khu công nghiệp Tiên Sơn - Quốc Lộ', N'Khu công nghiệp Tiên Sơn - Quốc Lộ, Hà Nội', 20.9599961, 105.7497739, 1),
(1034, N'Đối diện Lăng thôn Đình Cả - Quốc lộ', N'Đối diện Lăng thôn Đình Cả - Quốc lộ, Hà Nội', 20.9384064, 105.7863863, 1),
(1035, N'Chợ Nội Duệ - Quốc Lộ', N'Chợ Nội Duệ - Quốc Lộ, Hà Nội', 21.1276705, 105.8032878, 1),
(1036, N'Thị trấn Lim - QL', N'Thị trấn Lim - QL, Hà Nội', 20.8530757, 105.6567914, 1),
(1037, N'Chi Cục thuế Tiên Du (đối diện', N'Chi Cục thuế Tiên Du (đối diện, Hà Nội', 21.0369137, 105.8476150, 1),
(1038, N'Lý Thường Kiệt)- QL', N'Lý Thường Kiệt)- QL, Hà Nội', 20.9643622, 105.7829585, 1),
(1039, N'Uỷ ban nhân dân thị trấn Lim (Đối diện', N'Uỷ ban nhân dân thị trấn Lim (Đối diện, Hà Nội', 21.0274390, 105.6551533, 1),
(1040, N'Hai Bà Trưng) - Quốc Lộ', N'Hai Bà Trưng) - Quốc Lộ, Hà Nội', 20.9125498, 105.6996560, 1),
(1041, N'Phố ó - Quốc Lộ', N'Phố ó - Quốc Lộ, Hà Nội', 21.0661171, 105.7943930, 1),
(1042, N'Võ Cường (Trạm Cân) - Đối diện CH xăng dầu', N'Võ Cường (Trạm Cân) - Đối diện CH xăng dầu, Hà Nội', 21.1425965, 105.9226623, 1),
(1043, N'Hoà Đình (', N'Hoà Đình (, Hà Nội', 20.9562356, 105.8635479, 1),
(1044, N'Nguyễn Văn Cừ) - Quốc Lộ', N'Nguyễn Văn Cừ) - Quốc Lộ, Hà Nội', 20.9357917, 105.7724174, 1),
(1045, N'Nguyễn Văn Cừ - Quốc Lộ', N'Nguyễn Văn Cừ - Quốc Lộ, Hà Nội', 21.0758585, 105.7745125, 1),
(1046, N'Bệnh xá CA tỉnh Bắc Ninh (Cổng ô) - Quốc Lộ', N'Bệnh xá CA tỉnh Bắc Ninh (Cổng ô) - Quốc Lộ, Hà Nội', 20.9624000, 105.8265947, 1),
(1047, N'Ngô Gia Tự (Hiệu sách nhân dân tỉnh Bắc Ninh - TX Bắc Ninh) - Quốc Lộ', N'Ngô Gia Tự (Hiệu sách nhân dân tỉnh Bắc Ninh - TX Bắc Ninh) - Quốc Lộ, Hà Nội', 21.0887025, 105.8944063, 1),
(1048, N'Ngô Gia Tự - Bắc Ninh', N'Ngô Gia Tự - Bắc Ninh, Hà Nội', 20.9035434, 105.6914222, 1),
(1049, N'Học viện ngân hàng- Thị xã Bắc Ninh - Quốc Lộ', N'Học viện ngân hàng- Thị xã Bắc Ninh - Quốc Lộ, Hà Nội', 21.0204593, 105.7006958, 1),
(1050, N'Khách sạn Suối Hoa - Thị xã Bắc Ninh - Quốc Lộ', N'Khách sạn Suối Hoa - Thị xã Bắc Ninh - Quốc Lộ, Hà Nội', 20.8572714, 105.7349986, 1),
(1051, N'Đối diện Công viên Thủ Lệ - Đường Bưởi dưới B ĐH Giao Thông Vận Tải - Điểm số', N'Đối diện Công viên Thủ Lệ - Đường Bưởi dưới B ĐH Giao Thông Vận Tải - Điểm số, Hà Nội', 21.0523797, 105.7389897, 1),
(1052, N'Cột mốc Km H', N'Cột mốc Km H, Hà Nội', 20.8698444, 105.7136437, 1),
(1053, N'Qua đường vào thôn Đồng Giá', N'Qua đường vào thôn Đồng Giá, Hà Nội', 20.9521967, 105.7900851, 1),
(1054, N'Thôn Bắc Hạ, Xã Quang Tiến - Km', N'Thôn Bắc Hạ, Xã Quang Tiến - Km, Hà Nội', 20.9187038, 105.9444914, 1),
(1055, N'Tỉnh lộ', N'Tỉnh lộ, Hà Nội', 21.0401028, 105.8546949, 1),
(1056, N'Khu công nghiệp Nội Bài - Km', N'Khu công nghiệp Nội Bài - Km, Hà Nội', 21.0184283, 105.9340749, 1),
(1057, N'Quảng Hội - Km', N'Quảng Hội - Km, Hà Nội', 20.9745062, 105.7505204, 1),
(1058, N'Xã Mai Đình - Km', N'Xã Mai Đình - Km, Hà Nội', 21.0251724, 105.8635724, 1),
(1059, N'Đối diện trường Trung cấp KTKT đa ngành Sóc Sơn', N'Đối diện trường Trung cấp KTKT đa ngành Sóc Sơn, Hà Nội', 21.1386793, 105.7869365, 1),
(1060, N'Đồi Rađa- Km', N'Đồi Rađa- Km, Hà Nội', 20.9786594, 105.7566755, 1),
(1061, N'Cách cổng làng Dược Thượng', N'Cách cổng làng Dược Thượng, Hà Nội', 21.0151741, 105.7375377, 1),
(1062, N'Đài phát thanh Huyện Sóc Sơn, Đường Núi Đôi', N'Đài phát thanh Huyện Sóc Sơn, Đường Núi Đôi, Hà Nội', 20.9437499, 105.7157079, 1),
(1063, N'Đối diện Trung tâm Giáo dục thường xuyên Huyện Sóc Sơn', N'Đối diện Trung tâm Giáo dục thường xuyên Huyện Sóc Sơn, Hà Nội', 21.0500146, 105.8701491, 1),
(1064, N'Ban QLDA Huyện Sóc Sơn - số', N'Ban QLDA Huyện Sóc Sơn - số, Hà Nội', 20.8959309, 105.9056691, 1),
(1065, N'đường Núi Đôi tổ', N'đường Núi Đôi tổ, Hà Nội', 21.1331903, 105.7176365, 1),
(1066, N'Thị trấn Sóc Sơn', N'Thị trấn Sóc Sơn, Hà Nội', 21.1367688, 105.8942900, 1),
(1067, N'Công ty Nam Sơn - số', N'Công ty Nam Sơn - số, Hà Nội', 20.9558597, 105.6809558, 1),
(1068, N'đường Núi Đôi', N'đường Núi Đôi, Hà Nội', 21.1264468, 105.9189874, 1),
(1069, N'Cửa hàng điện lạnh Đức Nguyên', N'Cửa hàng điện lạnh Đức Nguyên, Hà Nội', 21.0479343, 105.9483616, 1),
(1070, N'Đối diện phòng khám đa khoa Xuân Giang', N'Đối diện phòng khám đa khoa Xuân Giang, Hà Nội', 20.8809526, 105.9487653, 1),
(1071, N'- Tỉnh lộ', N'- Tỉnh lộ, Hà Nội', 21.0523532, 105.8915508, 1),
(1072, N'Đối diện gần UBND xã Tân Minh - Tỉnh lộ', N'Đối diện gần UBND xã Tân Minh - Tỉnh lộ, Hà Nội', 21.1013090, 105.7406589, 1),
(1073, N'B Đầu B: Bắc Phú (Bưu điện xã Bắc Phú)', N'B Đầu B: Bắc Phú (Bưu điện xã Bắc Phú), Hà Nội', 20.9543654, 105.6607478, 1),
(1074, N'A Bến Xe Nam Thăng Long', N'A Bến Xe Nam Thăng Long, Hà Nội', 20.8814394, 105.8562325, 1),
(1075, N'Đối diện khu tập thể, qua ngã tư Thụy Phương khoảng', N'Đối diện khu tập thể, qua ngã tư Thụy Phương khoảng, Hà Nội', 20.9555283, 105.8463422, 1),
(1076, N'Trước nhà số', N'Trước nhà số, Hà Nội', 20.9798319, 105.7039377, 1),
(1077, N'Tân Phong (qua cầu Liên Mạc', N'Tân Phong (qua cầu Liên Mạc, Hà Nội', 20.9628896, 105.8046727, 1),
(1078, N'khoảng', N'khoảng, Hà Nội', 21.1381182, 105.7078029, 1),
(1079, N'Đối diện Ban chỉ huy phòng chống bão lụt - Liên Mạc', N'Đối diện Ban chỉ huy phòng chống bão lụt - Liên Mạc, Hà Nội', 20.8539574, 105.7599023, 1),
(1080, N'Đối diện Nhà văn hóa Thôn Yên Nội - Liên Mạc', N'Đối diện Nhà văn hóa Thôn Yên Nội - Liên Mạc, Hà Nội', 21.0870058, 105.8719717, 1),
(1081, N'Gần Trường tiểu học Tây Tựu B - Yên Nội', N'Gần Trường tiểu học Tây Tựu B - Yên Nội, Hà Nội', 21.0775752, 105.8926660, 1),
(1082, N'Đối diện qua cổng Trường THPT Tây Đô', N'Đối diện qua cổng Trường THPT Tây Đô, Hà Nội', 21.0967002, 105.7140235, 1),
(1083, N'Qua Ngã Tư Nhổn', N'Qua Ngã Tư Nhổn, Hà Nội', 20.9597059, 105.7092720, 1),
(1084, N'Qua cổng Làng Hữu Nghị', N'Qua cổng Làng Hữu Nghị, Hà Nội', 21.1050319, 105.7778035, 1),
(1085, N'Công ty TNHH và Dịch Vụ Đăng Khoa - Xuân Phương', N'Công ty TNHH và Dịch Vụ Đăng Khoa - Xuân Phương, Hà Nội', 21.0013881, 105.7527214, 1),
(1086, N'Cửa hàng Sơn đối diện Cách cổng Làng Miêu Nha', N'Cửa hàng Sơn đối diện Cách cổng Làng Miêu Nha, Hà Nội', 21.0919471, 105.8086570, 1),
(1087, N'Tây Mỗ - Cầu Triền', N'Tây Mỗ - Cầu Triền, Hà Nội', 20.9837679, 105.6686666, 1),
(1088, N'Tây Mỗ - Ngã', N'Tây Mỗ - Ngã, Hà Nội', 21.0638498, 105.6805049, 1),
(1089, N'Biển Sắt', N'Biển Sắt, Hà Nội', 20.9321196, 105.6756572, 1),
(1090, N'Làng Hoa Đào La Cả - Đường', N'Làng Hoa Đào La Cả - Đường, Hà Nội', 20.8654789, 105.7051181, 1),
(1091, N'Đại Mỗ', N'Đại Mỗ, Hà Nội', 21.1371539, 105.8096294, 1),
(1092, N'Đối diện lối vào trường THCS Đại Mỗ', N'Đối diện lối vào trường THCS Đại Mỗ, Hà Nội', 20.8505801, 105.7292382, 1),
(1093, N'Ngọc Đại (Đại Mỗ) - Đường', N'Ngọc Đại (Đại Mỗ) - Đường, Hà Nội', 20.9876780, 105.7175749, 1),
(1094, N'Công ty len Hà Đông - Đường', N'Công ty len Hà Đông - Đường, Hà Nội', 20.9155813, 105.7348609, 1),
(1095, N'Bưu điện Hà Đông - Cầu Am (đường Vạn Phúc - Hà Đông)', N'Bưu điện Hà Đông - Cầu Am (đường Vạn Phúc - Hà Đông), Hà Nội', 21.1338040, 105.7646803, 1),
(1096, N'Cửa hàng ĐTDĐ Mobifone Nam Cường (Khu Bắc Sơn - Thị trấn Chúc Sơn) - Quốc lộ', N'Cửa hàng ĐTDĐ Mobifone Nam Cường (Khu Bắc Sơn - Thị trấn Chúc Sơn) - Quốc lộ, Hà Nội', 21.0328031, 105.8020440, 1),
(1097, N'Qua lối rẽ đi chùa Trăm gian', N'Qua lối rẽ đi chùa Trăm gian, Hà Nội', 20.8744167, 105.8929595, 1),
(1098, N'Cách cây xăng Vạn Xuân', N'Cách cây xăng Vạn Xuân, Hà Nội', 21.1114370, 105.8720150, 1),
(1099, N'B (A) KCN Phú Diễn', N'B (A) KCN Phú Diễn, Hà Nội', 20.9464984, 105.8275056, 1),
(1100, N'A (A) Yên Phụ', N'A (A) Yên Phụ, Hà Nội', 20.9655969, 105.8611507, 1),
(1101, N'Trường trung cấp nghề Thăng Long - Tân Xuân (Chân cầu Thăng Long)', N'Trường trung cấp nghề Thăng Long - Tân Xuân (Chân cầu Thăng Long), Hà Nội', 20.8871689, 105.7689710, 1),
(1102, N'Cột mốc Km', N'Cột mốc Km, Hà Nội', 20.9792000, 105.8235676, 1),
(1103, N'Cộc mốc Km H', N'Cộc mốc Km H, Hà Nội', 21.1419357, 105.9377376, 1),
(1104, N'Đối diện Nhà máy Honda - Quốc lộ', N'Đối diện Nhà máy Honda - Quốc lộ, Hà Nội', 21.0272551, 105.8416031, 1),
(1105, N'Đối diện Nhà máy Toyota - Quốc lộ', N'Đối diện Nhà máy Toyota - Quốc lộ, Hà Nội', 20.9046630, 105.9464727, 1),
(1106, N'Cách ngã', N'Cách ngã, Hà Nội', 21.0423380, 105.8393886, 1),
(1107, N'Nguyễn Trãi (Phúc Yên) - Quốc lộ', N'Nguyễn Trãi (Phúc Yên) - Quốc lộ, Hà Nội', 20.9961521, 105.8733683, 1),
(1108, N'Công ty TNHH Hoàng Giang - QL', N'Công ty TNHH Hoàng Giang - QL, Hà Nội', 20.9036073, 105.6650069, 1),
(1109, N'Xí nghiệp đo đạc và bản đồ', N'Xí nghiệp đo đạc và bản đồ, Hà Nội', 21.0189893, 105.8883436, 1),
(1110, N'Nghĩa trang Thanh Tước', N'Nghĩa trang Thanh Tước, Hà Nội', 21.0736613, 105.8713936, 1),
(1111, N'Đối diện chi cục Thuế huyện Mê Linh B Đối diện viện đa khoa Mê Linh - Đường Thạch Đà, Tam Báo', N'Đối diện chi cục Thuế huyện Mê Linh B Đối diện viện đa khoa Mê Linh - Đường Thạch Đà, Tam Báo, Hà Nội', 21.0664537, 105.9488467, 1),
(1112, N'A Ngã', N'A Ngã, Hà Nội', 20.9158638, 105.7451866, 1),
(1113, N'Đối diện Kho bạc nhà nước huyện Đông Anh, thị trấn Đông Anh - Km', N'Đối diện Kho bạc nhà nước huyện Đông Anh, thị trấn Đông Anh - Km, Hà Nội', 20.9127894, 105.8306208, 1),
(1114, N'Đối diện công ty Minh Cường - Km', N'Đối diện công ty Minh Cường - Km, Hà Nội', 21.0914631, 105.8861450, 1),
(1115, N'Dục Tú, thôn Lộc Hà - Quốc lộ', N'Dục Tú, thôn Lộc Hà - Quốc lộ, Hà Nội', 21.0710319, 105.7919045, 1),
(1116, N'Công ty Đúc Mai Lâm - Quốc lộ', N'Công ty Đúc Mai Lâm - Quốc lộ, Hà Nội', 20.8619057, 105.7275523, 1),
(1117, N'Đối diện ngõ vào Cty CP vật tư Mỏ địa chất - Quốc lộ', N'Đối diện ngõ vào Cty CP vật tư Mỏ địa chất - Quốc lộ, Hà Nội', 20.8728420, 105.8870208, 1),
(1118, N'Đối diện khu BT', N'Đối diện khu BT, Hà Nội', 21.1071911, 105.7101849, 1),
(1119, N'- KĐT Việt Hưng - Lưu Khánh Đàm', N'- KĐT Việt Hưng - Lưu Khánh Đàm, Hà Nội', 21.1024362, 105.7471582, 1),
(1120, N'Gần đối diện lối vào Đình, Chùa Hội Xá - Phúc Lợi', N'Gần đối diện lối vào Đình, Chùa Hội Xá - Phúc Lợi, Hà Nội', 21.1159439, 105.8789736, 1),
(1121, N'Đối diện trường THPT Phúc Lợi - Ngõ', N'Đối diện trường THPT Phúc Lợi - Ngõ, Hà Nội', 21.1037146, 105.7323845, 1),
(1122, N'Phúc Lợi', N'Phúc Lợi, Hà Nội', 21.1070732, 105.8623986, 1),
(1123, N'UBND Phường Phúc Lợi - Đê Vàng', N'UBND Phường Phúc Lợi - Đê Vàng, Hà Nội', 21.0760741, 105.9295342, 1),
(1124, N'Qua gầm cầu vượt Quốc lộ', N'Qua gầm cầu vượt Quốc lộ, Hà Nội', 20.9064672, 105.7199570, 1),
(1125, N'- Đê Vàng', N'- Đê Vàng, Hà Nội', 20.8801555, 105.9255940, 1),
(1126, N'Qua cổng làng văn hóa Đình Chùa Vàng - Cổ Bi', N'Qua cổng làng văn hóa Đình Chùa Vàng - Cổ Bi, Hà Nội', 21.0251189, 105.8027050, 1),
(1127, N'Gần đường vào Đình Chùa Vàng - Cổ Bi', N'Gần đường vào Đình Chùa Vàng - Cổ Bi, Hà Nội', 20.8899120, 105.8255642, 1),
(1128, N'Trường THCS Cổ Bi', N'Trường THCS Cổ Bi, Hà Nội', 21.0674021, 105.6659233, 1),
(1129, N'Nhà máy cơ khí Gia Lâm', N'Nhà máy cơ khí Gia Lâm, Hà Nội', 20.9518955, 105.7075074, 1),
(1130, N'Đối diện Cty Tư vấn dịch vụ khoa học Nông nghiệp - Ngô Xuân Quảng', N'Đối diện Cty Tư vấn dịch vụ khoa học Nông nghiệp - Ngô Xuân Quảng, Hà Nội', 21.1399182, 105.7013706, 1),
(1131, N'Đối diện Nhà N', N'Đối diện Nhà N, Hà Nội', 21.1465465, 105.9155965, 1),
(1132, N'Đối diện cổng KCN Bắc Thăng Long (Qua cầu vượt bộ hành ) - cắm mới B Bênh viện Nhiệt Đới', N'Đối diện cổng KCN Bắc Thăng Long (Qua cầu vượt bộ hành ) - cắm mới B Bênh viện Nhiệt Đới, Hà Nội', 20.9324063, 105.8193826, 1),
(1133, N'A (A) Vân Hà (Đông Anh)', N'A (A) Vân Hà (Đông Anh), Hà Nội', 20.9895329, 105.6844594, 1),
(1134, N'Đối diện nghĩa trang liệt sĩ xã Vân Hà', N'Đối diện nghĩa trang liệt sĩ xã Vân Hà, Hà Nội', 21.0026602, 105.9082444, 1),
(1135, N'Trường THCS Vân Hà - Nguyễn Trực', N'Trường THCS Vân Hà - Nguyễn Trực, Hà Nội', 21.0638210, 105.6649713, 1),
(1136, N'TT y tế huyện Đông Anh (phóng khám đa khoa Miền Đông) - Liên Hà', N'TT y tế huyện Đông Anh (phóng khám đa khoa Miền Đông) - Liên Hà, Hà Nội', 21.0172181, 105.7298031, 1),
(1137, N'Liên Hà', N'Liên Hà, Hà Nội', 21.0351737, 105.8828732, 1),
(1138, N'Đối diện THPT Liên Hà', N'Đối diện THPT Liên Hà, Hà Nội', 21.0787929, 105.8762101, 1),
(1139, N'Nghĩa trang liệt sĩ xã Việt Hùng (qua ngã', N'Nghĩa trang liệt sĩ xã Việt Hùng (qua ngã, Hà Nội', 21.0751567, 105.8072070, 1),
(1140, N'trường THCS Việt Hùng)', N'trường THCS Việt Hùng), Hà Nội', 21.0099819, 105.7129710, 1),
(1141, N'Việt Hùng - Cao Lỗ', N'Việt Hùng - Cao Lỗ, Hà Nội', 20.9964970, 105.9355316, 1),
(1142, N'Qua cổng Thôn Lương Nỗ', N'Qua cổng Thôn Lương Nỗ, Hà Nội', 20.8607462, 105.8681527, 1),
(1143, N'Trụ sở công ty TNHH MTV Xổ số kiến thiết Thủ đô', N'Trụ sở công ty TNHH MTV Xổ số kiến thiết Thủ đô, Hà Nội', 20.8957715, 105.8172432, 1),
(1144, N'Lối vào làng văn hóa thôn Nhì - QL', N'Lối vào làng văn hóa thôn Nhì - QL, Hà Nội', 20.9644741, 105.8966380, 1),
(1145, N'Công ty Bắc Hà - QL', N'Công ty Bắc Hà - QL, Hà Nội', 20.9979200, 105.8350544, 1),
(1146, N'Qua cầu Lớn, số nhà', N'Qua cầu Lớn, số nhà, Hà Nội', 21.0841402, 105.8517366, 1),
(1147, N'Đối diện cty TNHH Bảo Yến (thôn Đìa - Nam Hồng) - QL', N'Đối diện cty TNHH Bảo Yến (thôn Đìa - Nam Hồng) - QL, Hà Nội', 21.0059583, 105.8477881, 1),
(1148, N'Cầu vượt Nam Hồng (trước đảo tròn phía Đông Anh', N'Cầu vượt Nam Hồng (trước đảo tròn phía Đông Anh, Hà Nội', 21.0661493, 105.8342543, 1),
(1149, N'Qua cầu vượt Nam Hồng', N'Qua cầu vượt Nam Hồng, Hà Nội', 20.9775328, 105.7651279, 1),
(1150, N'Đầm Vân Trì- Km', N'Đầm Vân Trì- Km, Hà Nội', 20.9549001, 105.6612915, 1),
(1151, N'(chiều sân bay Nội Bài đi Hà Nội)', N'(chiều sân bay Nội Bài đi Hà Nội), Hà Nội', 20.8775940, 105.6768173, 1),
(1152, N'UBND xã Kim Chung- Km', N'UBND xã Kim Chung- Km, Hà Nội', 21.1159298, 105.8035820, 1),
(1153, N'Trước ngã tư khu CN Thăng Long', N'Trước ngã tư khu CN Thăng Long, Hà Nội', 20.9934750, 105.6950341, 1),
(1154, N'KCN Bắc Thăng Long - Km', N'KCN Bắc Thăng Long - Km, Hà Nội', 20.8697005, 105.7811040, 1),
(1155, N'Phạm Văn Đồng (Ngã', N'Phạm Văn Đồng (Ngã, Hà Nội', 21.1450527, 105.8892701, 1),
(1156, N'Phạm Văn Đồng - Xuân Đỉnh)', N'Phạm Văn Đồng - Xuân Đỉnh), Hà Nội', 20.9516596, 105.8819879, 1),
(1157, N'Showroom ô tô Trung Sơn (đối diện', N'Showroom ô tô Trung Sơn (đối diện, Hà Nội', 21.0784270, 105.7980263, 1),
(1158, N'Phạm Văn Đồng) B Bến Xe Nam Thăng Long', N'Phạm Văn Đồng) B Bến Xe Nam Thăng Long, Hà Nội', 21.0871600, 105.7794102, 1),
(1159, N'Metro Hà Đông - đường Tô Hiệu', N'Metro Hà Đông - đường Tô Hiệu, Hà Nội', 21.0966924, 105.7909914, 1),
(1160, N'Đối diện Chi cục thuế Hà Nội - Tô Hiệu (Hà Đông)', N'Đối diện Chi cục thuế Hà Nội - Tô Hiệu (Hà Đông), Hà Nội', 21.0021453, 105.8652114, 1),
(1161, N'A (A) Khu công nghiệp Bắc Thăng Long', N'A (A) Khu công nghiệp Bắc Thăng Long, Hà Nội', 21.0558866, 105.8290984, 1),
(1162, N'Đối diện cổng KCN Bắc Thăng Long (Qua cầu vượt bộ hành ) - cắm mới', N'Đối diện cổng KCN Bắc Thăng Long (Qua cầu vượt bộ hành ) - cắm mới, Hà Nội', 20.9822087, 105.8973877, 1),
(1163, N'Đối diện trung tâm giao dịch Viettel ( Đại Đồng - Đại Mạch) - cắm mới', N'Đối diện trung tâm giao dịch Viettel ( Đại Đồng - Đại Mạch) - cắm mới, Hà Nội', 20.9380894, 105.8279645, 1),
(1164, N'Qua đối diện ngã', N'Qua đối diện ngã, Hà Nội', 21.0437054, 105.8714043, 1),
(1165, N'Trung tâm điều dưỡng - cắm mới', N'Trung tâm điều dưỡng - cắm mới, Hà Nội', 21.1069038, 105.8726938, 1),
(1166, N'Đối diện UBND xã Đại Mạch - cắm mới', N'Đối diện UBND xã Đại Mạch - cắm mới, Hà Nội', 20.8910496, 105.6724430, 1),
(1167, N'Đối diện nhà máy bia Hà Nội HABECO - cắm mới', N'Đối diện nhà máy bia Hà Nội HABECO - cắm mới, Hà Nội', 20.9531915, 105.8588834, 1),
(1168, N'Đối diện cổng làng Nam thôn Yên Nhân - cắm mới', N'Đối diện cổng làng Nam thôn Yên Nhân - cắm mới, Hà Nội', 21.0041500, 105.7472403, 1),
(1169, N'góc (gần UBND xã Tiền Phong) - cắm mới', N'góc (gần UBND xã Tiền Phong) - cắm mới, Hà Nội', 20.9509447, 105.8459015, 1),
(1170, N'Đối diện công ty sơn Alex (QL', N'Đối diện công ty sơn Alex (QL, Hà Nội', 21.1291374, 105.8500918, 1),
(1171, N'Chi cục Thuế Huyện Mê Linh', N'Chi cục Thuế Huyện Mê Linh, Hà Nội', 20.8645614, 105.7041098, 1),
(1172, N'Đối diện xí nghiệp đo đạc và bản đồ - cắm mới', N'Đối diện xí nghiệp đo đạc và bản đồ - cắm mới, Hà Nội', 21.1341132, 105.6678896, 1),
(1173, N'Đối diện Công ty TNHH Hoàng Giang - QL', N'Đối diện Công ty TNHH Hoàng Giang - QL, Hà Nội', 20.9795578, 105.7176870, 1),
(1174, N'Đối diện công ty cổ phần VinaTop - cắm mới', N'Đối diện công ty cổ phần VinaTop - cắm mới, Hà Nội', 20.9395945, 105.8137282, 1),
(1175, N'Công ty Trường Thành - Quốc lộ', N'Công ty Trường Thành - Quốc lộ, Hà Nội', 20.9688824, 105.7690628, 1),
(1176, N'- cắm mới', N'- cắm mới, Hà Nội', 21.0406590, 105.8976575, 1),
(1177, N'Đối diện công ty TMDV Trường Toàn - cắm mới', N'Đối diện công ty TMDV Trường Toàn - cắm mới, Hà Nội', 20.9565126, 105.7797023, 1),
(1178, N'Trạm thủy sản Mê Linh - cắm mới', N'Trạm thủy sản Mê Linh - cắm mới, Hà Nội', 21.1044877, 105.9365801, 1),
(1179, N'trường THCS Bạch Trữ - cắm mới', N'trường THCS Bạch Trữ - cắm mới, Hà Nội', 20.9988990, 105.9150881, 1),
(1180, N'Qua cầu Liên Mạc', N'Qua cầu Liên Mạc, Hà Nội', 21.0530836, 105.8530813, 1),
(1181, N'Đối diện Trường Cao đẳng nghề điện - Xuân Lễ - Tân Dân, Tỉnh lộ', N'Đối diện Trường Cao đẳng nghề điện - Xuân Lễ - Tân Dân, Tỉnh lộ, Hà Nội', 20.9730844, 105.7792253, 1),
(1182, N'Đối diện Đại lý bán lẻ xăng dầu số', N'Đối diện Đại lý bán lẻ xăng dầu số, Hà Nội', 21.1263866, 105.7351489, 1),
(1183, N'- Nam Cương, Hiền Ninh - Sóc Sơn,Tỉnh lộ', N'- Nam Cương, Hiền Ninh - Sóc Sơn,Tỉnh lộ, Hà Nội', 21.1379632, 105.9258530, 1),
(1184, N'Đối diện Bưu điện, trường THPT Yên Phú', N'Đối diện Bưu điện, trường THPT Yên Phú, Hà Nội', 21.0658360, 105.6852853, 1),
(1185, N'Đối diện Trường Tiểu học xã Nam Sơn,Tỉnh lộ', N'Đối diện Trường Tiểu học xã Nam Sơn,Tỉnh lộ, Hà Nội', 21.0221554, 105.6997728, 1),
(1186, N'Đối diện UBND xã Nam Sơn, Tỉnh lộ', N'Đối diện UBND xã Nam Sơn, Tỉnh lộ, Hà Nội', 20.8626261, 105.8784274, 1),
(1187, N'Cách cầu Tú Tạo', N'Cách cầu Tú Tạo, Hà Nội', 20.9883592, 105.8923144, 1),
(1188, N'A (B) Thụy Lâm (Đông Anh)', N'A (B) Thụy Lâm (Đông Anh), Hà Nội', 21.0784775, 105.8733880, 1),
(1189, N'Trước đối diện ngã', N'Trước đối diện ngã, Hà Nội', 21.0298058, 105.9499351, 1),
(1190, N'Thư Lâm - Thụy Lôi', N'Thư Lâm - Thụy Lôi, Hà Nội', 20.9696944, 105.6821963, 1),
(1191, N'Đối diện trước Trường THCS, Tiểu học Thụy Lâm (cách cổng trường', N'Đối diện trước Trường THCS, Tiểu học Thụy Lâm (cách cổng trường, Hà Nội', 21.0695779, 105.8143071, 1),
(1192, N'Trước biển báo HÀ LÂM', N'Trước biển báo HÀ LÂM, Hà Nội', 21.1276036, 105.7957606, 1),
(1193, N'Đối diện Xóm', N'Đối diện Xóm, Hà Nội', 20.8580649, 105.6959789, 1),
(1194, N'Thôn Lương Quy, đường Đản Dị', N'Thôn Lương Quy, đường Đản Dị, Hà Nội', 21.0901688, 105.7926934, 1),
(1195, N'Tổ văn hóa', N'Tổ văn hóa, Hà Nội', 20.9977132, 105.8917978, 1),
(1196, N'Đối diện Công ty cổ phần Viglacera Đông Anh, đường Đản Dị', N'Đối diện Công ty cổ phần Viglacera Đông Anh, đường Đản Dị, Hà Nội', 21.0806493, 105.9209318, 1),
(1197, N'Đào Cam Mộc - Việt Hùng (ngã', N'Đào Cam Mộc - Việt Hùng (ngã, Hà Nội', 21.0674953, 105.9487659, 1),
(1198, N'Giày da), đường Việt Hùng', N'Giày da), đường Việt Hùng, Hà Nội', 21.0896208, 105.7389541, 1),
(1199, N'vào thôn Gia Lương', N'vào thôn Gia Lương, Hà Nội', 20.8721520, 105.7538543, 1),
(1200, N'Đối diện Doanh nghiệp tư nhân Phúc Lộc (cột điện chiếu sáng LN', N'Đối diện Doanh nghiệp tư nhân Phúc Lộc (cột điện chiếu sáng LN, Hà Nội', 21.1364996, 105.7349375, 1),
(1201, N'Đối diện cổng thôn Lý Nhân (cột điện chiếu sáng LN', N'Đối diện cổng thôn Lý Nhân (cột điện chiếu sáng LN, Hà Nội', 21.1032818, 105.7905325, 1),
(1202, N'Dục Tú - QL', N'Dục Tú - QL, Hà Nội', 21.1259127, 105.9081187, 1),
(1203, N'Đối diện ngõ vào Cty vật tư Mỏ địa chất - Quốc lộ', N'Đối diện ngõ vào Cty vật tư Mỏ địa chất - Quốc lộ, Hà Nội', 21.0707299, 105.7483737, 1),
(1204, N'Cách cổng khu B tập thể nhà máy vật liệu bưu điện', N'Cách cổng khu B tập thể nhà máy vật liệu bưu điện, Hà Nội', 20.9528276, 105.7969113, 1),
(1205, N'Đối diện trước cổng Trường Tiểu học Yên Thường (trước cổng trường', N'Đối diện trước cổng Trường Tiểu học Yên Thường (trước cổng trường, Hà Nội', 20.9434971, 105.7020793, 1),
(1206, N'Đối diện Nhà văn hóa Dốc Lã, đường Yên Thường', N'Đối diện Nhà văn hóa Dốc Lã, đường Yên Thường, Hà Nội', 20.9083076, 105.8730051, 1),
(1207, N'Qua đường vào Trường THCS Phù Đổng B (A) Trung Màu (Gia Lâm)', N'Qua đường vào Trường THCS Phù Đổng B (A) Trung Màu (Gia Lâm), Hà Nội', 21.1295241, 105.6906189, 1),
(1208, N'A (A) Trung Màu (Gia Lâm)', N'A (A) Trung Màu (Gia Lâm), Hà Nội', 21.0950812, 105.8897120, 1),
(1209, N'Gần đường vào Trường THCS Phù Đổng', N'Gần đường vào Trường THCS Phù Đổng, Hà Nội', 20.9232150, 105.9259157, 1),
(1210, N'Gần đường vào hầm chui Quốc lộ', N'Gần đường vào hầm chui Quốc lộ, Hà Nội', 20.9788137, 105.7762419, 1),
(1211, N'Đối diện Khu Sinh thái Cánh buồm Xanh - Ninh Hiệp', N'Đối diện Khu Sinh thái Cánh buồm Xanh - Ninh Hiệp, Hà Nội', 20.8584562, 105.8436089, 1),
(1212, N'Đối diện bưu điện xã Ninh Hiệp', N'Đối diện bưu điện xã Ninh Hiệp, Hà Nội', 20.9770419, 105.7073874, 1),
(1213, N'Trước kiot số', N'Trước kiot số, Hà Nội', 21.1231445, 105.8759082, 1),
(1214, N'Cuối chợ vải Ninh Hiệp', N'Cuối chợ vải Ninh Hiệp, Hà Nội', 21.1231867, 105.8502600, 1),
(1215, N'Trạm biến áp Trùng Quán', N'Trạm biến áp Trùng Quán, Hà Nội', 20.9188754, 105.6784105, 1),
(1216, N'- Yên Thường', N'- Yên Thường, Hà Nội', 21.0378752, 105.8962680, 1),
(1217, N'Nhà văn hóa Dốc Lã (cách đường sắt', N'Nhà văn hóa Dốc Lã (cách đường sắt, Hà Nội', 20.8864564, 105.8789770, 1),
(1218, N'Trường Tiểu học Yên Thường (cách cổng trường', N'Trường Tiểu học Yên Thường (cách cổng trường, Hà Nội', 20.9940106, 105.8274394, 1),
(1219, N'Đối diện cách cổng khu B tập thể nhà máy vật liệu bưu điện', N'Đối diện cách cổng khu B tập thể nhà máy vật liệu bưu điện, Hà Nội', 21.0642952, 105.9373779, 1),
(1220, N'vào làng', N'vào làng, Hà Nội', 21.0755969, 105.8414907, 1),
(1221, N'- Dục Tú', N'- Dục Tú, Hà Nội', 20.9024732, 105.7093897, 1),
(1222, N'Qua cổng thôn Lý Nhân', N'Qua cổng thôn Lý Nhân, Hà Nội', 20.9032786, 105.7697075, 1),
(1223, N'Qua xưởng Doanh nghiệp tư nhân Phúc Lộc', N'Qua xưởng Doanh nghiệp tư nhân Phúc Lộc, Hà Nội', 20.9204553, 105.7983868, 1),
(1224, N'cổng vào thôn Phúc Hậu', N'cổng vào thôn Phúc Hậu, Hà Nội', 21.1318755, 105.7657464, 1),
(1225, N'Dục Nội', N'Dục Nội, Hà Nội', 21.0708948, 105.8511988, 1),
(1226, N'Việt Hùng - Đào Cam Mộc (ngã', N'Việt Hùng - Đào Cam Mộc (ngã, Hà Nội', 21.1168977, 105.7218866, 1),
(1227, N'Giầy da) , đường Việt Hùng', N'Giầy da) , đường Việt Hùng, Hà Nội', 21.0558800, 105.9131114, 1),
(1228, N'Qua cổng nhà máy thiết bị điện Đông Anh', N'Qua cổng nhà máy thiết bị điện Đông Anh, Hà Nội', 20.8980932, 105.7820510, 1),
(1229, N'Công ty cổ phần Viglacera Đông Anh, đường Đản Dị', N'Công ty cổ phần Viglacera Đông Anh, đường Đản Dị, Hà Nội', 20.9352330, 105.7993683, 1),
(1230, N'Đối diện tổ văn hóa', N'Đối diện tổ văn hóa, Hà Nội', 21.0585370, 105.8680866, 1),
(1231, N'Qua biển báo HÀ LÂM', N'Qua biển báo HÀ LÂM, Hà Nội', 20.9691049, 105.6673880, 1),
(1232, N'Trường THCS, Tiểu học Thụy Lâm (cách cổng trường', N'Trường THCS, Tiểu học Thụy Lâm (cách cổng trường, Hà Nội', 20.8875876, 105.7173347, 1),
(1233, N'giao Thư Lâm - Thụy Lôi', N'giao Thư Lâm - Thụy Lôi, Hà Nội', 21.1491245, 105.7851380, 1),
(1234, N'Đối diện XN thuốc thú y Trung ương (Đức Thượng Hoài Đức - Quốc lộ', N'Đối diện XN thuốc thú y Trung ương (Đức Thượng Hoài Đức - Quốc lộ, Hà Nội', 21.1052427, 105.9454408, 1),
(1235, N'Ngân Hàng, Gần Đường Vào Cảng Sơn Tây - Quốc lộ', N'Ngân Hàng, Gần Đường Vào Cảng Sơn Tây - Quốc lộ, Hà Nội', 20.8937453, 105.8867167, 1),
(1236, N'Đối diện đường vào đền Và - Quốc lộ', N'Đối diện đường vào đền Và - Quốc lộ, Hà Nội', 20.8939951, 105.6986478, 1),
(1237, N'Đường vào bến phà Đường Lâm - Quốc lộ', N'Đường vào bến phà Đường Lâm - Quốc lộ, Hà Nội', 20.9141958, 105.7861720, 1),
(1238, N'Đối diện Cây xăng Hoàng Long, Cam Thượng - Quốc lộ', N'Đối diện Cây xăng Hoàng Long, Cam Thượng - Quốc lộ, Hà Nội', 21.0322412, 105.7444807, 1),
(1239, N'Trường THCS Đông Quang - Quốc lộ', N'Trường THCS Đông Quang - Quốc lộ, Hà Nội', 20.8975758, 105.7849428, 1),
(1240, N'Đối diện siêu thị Lực Tiến, ngã', N'Đối diện siêu thị Lực Tiến, ngã, Hà Nội', 20.9306194, 105.7687791, 1),
(1241, N'phố Nả - Quốc lộ', N'phố Nả - Quốc lộ, Hà Nội', 21.1031521, 105.6570371, 1),
(1242, N'Gần cổng làng phố Nả, đối diện đường vào Trường THCS Tản Đà - Quốc lộ', N'Gần cổng làng phố Nả, đối diện đường vào Trường THCS Tản Đà - Quốc lộ, Hà Nội', 20.9393524, 105.9004468, 1),
(1243, N'Công an huyện Ba Vì - Quốc lộ', N'Công an huyện Ba Vì - Quốc lộ, Hà Nội', 21.0267954, 105.8291697, 1),
(1244, N'Tòa án nhân dân huyện Ba Vì - Quốc lộ', N'Tòa án nhân dân huyện Ba Vì - Quốc lộ, Hà Nội', 20.9207451, 105.8730840, 1),
(1245, N'Gần trung tâm giáo dục thường xuyên Ba Vì, Vật Phụ - Quốc lộ', N'Gần trung tâm giáo dục thường xuyên Ba Vì, Vật Phụ - Quốc lộ, Hà Nội', 20.9567602, 105.7905599, 1),
(1246, N'Bệnh viện đa khoa Ba Vì, Vật Lại - Quốc lộ', N'Bệnh viện đa khoa Ba Vì, Vật Lại - Quốc lộ, Hà Nội', 20.9664349, 105.8548336, 1),
(1247, N'Đồng Bảng - Quốc lộ', N'Đồng Bảng - Quốc lộ, Hà Nội', 20.9216475, 105.7689465, 1),
(1248, N'Chợ Nhông, xã Thái Hòa - Quốc lộ', N'Chợ Nhông, xã Thái Hòa - Quốc lộ, Hà Nội', 20.8838197, 105.8343190, 1),
(1249, N'Tăng cấu, qua UBND xã Thái Hòa - Quốc lộ', N'Tăng cấu, qua UBND xã Thái Hòa - Quốc lộ, Hà Nội', 20.9183999, 105.6956078, 1),
(1250, N'B Cầu Trung Hà', N'B Cầu Trung Hà, Hà Nội', 20.9802849, 105.8414634, 1),
(1251, N'Qua gầm cầu vượt tỉnh lộ', N'Qua gầm cầu vượt tỉnh lộ, Hà Nội', 21.0045692, 105.7527791, 1),
(1252, N'Đại lộ Thăng Long', N'Đại lộ Thăng Long, Hà Nội', 21.0374256, 105.9072804, 1),
(1253, N'Đối diện Thiên Đường Bảo Sơn - Đại lộ Thăng Long', N'Đối diện Thiên Đường Bảo Sơn - Đại lộ Thăng Long, Hà Nội', 21.1448533, 105.7518416, 1),
(1254, N'Qua lối rẽ vào UBND xã An Khánh - Đại lộ Thăng Long', N'Qua lối rẽ vào UBND xã An Khánh - Đại lộ Thăng Long, Hà Nội', 20.8904116, 105.7263876, 1),
(1255, N'Chùa Bà - thôn Yên Lũng - An Khánh - Đại lộ Thăng Long', N'Chùa Bà - thôn Yên Lũng - An Khánh - Đại lộ Thăng Long, Hà Nội', 21.1170401, 105.9300111, 1),
(1256, N'Đê Song Phương (Trước', N'Đê Song Phương (Trước, Hà Nội', 21.0099631, 105.8800422, 1),
(1257, N'Cầu vượt Song Phương - Đại lộ Thăng Long', N'Cầu vượt Song Phương - Đại lộ Thăng Long, Hà Nội', 20.9070058, 105.7769866, 1),
(1258, N'Làng văn hóa thôn Quyết Tiến (trước', N'Làng văn hóa thôn Quyết Tiến (trước, Hà Nội', 21.1261088, 105.9059122, 1),
(1259, N'KCN Thạch Thất - Đại lộ Thăng Long', N'KCN Thạch Thất - Đại lộ Thăng Long, Hà Nội', 20.9563023, 105.7111219, 1),
(1260, N'Thôn Liệp Mai, xã Ngọc Liệp - Đại lộ Thăng Long', N'Thôn Liệp Mai, xã Ngọc Liệp - Đại lộ Thăng Long, Hà Nội', 21.0339674, 105.8635926, 1),
(1261, N'Thôn Đồng Kho, xã Đồng Trúc - Đại lộ Thăng Long', N'Thôn Đồng Kho, xã Đồng Trúc - Đại lộ Thăng Long, Hà Nội', 20.8691293, 105.8171686, 1),
(1262, N'Thôn Đồi Bông, xã Đồng Trúc - Đại lộ Thăng Long', N'Thôn Đồi Bông, xã Đồng Trúc - Đại lộ Thăng Long, Hà Nội', 21.0822475, 105.9420428, 1),
(1263, N'Trạm', N'Trạm, Hà Nội', 21.0381252, 105.7344874, 1),
(1264, N'Đường vào Khu công nghệ cao Hòa Lạc - Đại lộ Thăng Long B Bến xe Sơn Tây', N'Đường vào Khu công nghệ cao Hòa Lạc - Đại lộ Thăng Long B Bến xe Sơn Tây, Hà Nội', 20.8649813, 105.6866631, 1),
(1265, N'Đường vào Khu công nghệ cao Hòa Lạc - Đại lộ Thăng Long', N'Đường vào Khu công nghệ cao Hòa Lạc - Đại lộ Thăng Long, Hà Nội', 21.0104205, 105.9458622, 1),
(1266, N'Thôn', N'Thôn, Hà Nội', 20.9162089, 105.6896485, 1),
(1267, N'Phú Cát - Quốc Oai (cột mốc H', N'Phú Cát - Quốc Oai (cột mốc H, Hà Nội', 20.8867853, 105.7626520, 1),
(1268, N'(cột mốc H', N'(cột mốc H, Hà Nội', 20.9459044, 105.8875498, 1),
(1269, N'Gần cầu cửa Đầm - Quốc lộ', N'Gần cầu cửa Đầm - Quốc lộ, Hà Nội', 21.1274652, 105.8319978, 1),
(1270, N'Đối diện làng văn hóa Yên Thái, xã Hương Sơn, Hòa Binh - Quốc lộ', N'Đối diện làng văn hóa Yên Thái, xã Hương Sơn, Hòa Binh - Quốc lộ, Hà Nội', 21.0533810, 105.9446391, 1),
(1271, N'Cửa hàng xăng dầu TV', N'Cửa hàng xăng dầu TV, Hà Nội', 21.1284331, 105.9061580, 1),
(1272, N'Đường vào trường ĐH PCCC cơ sở', N'Đường vào trường ĐH PCCC cơ sở, Hà Nội', 21.1117423, 105.8697218, 1),
(1273, N'Bộ CA - Quốc lộ', N'Bộ CA - Quốc lộ, Hà Nội', 21.0313015, 105.8127746, 1),
(1274, N'Đại học Lâm Nghiệp - Quốc lộ', N'Đại học Lâm Nghiệp - Quốc lộ, Hà Nội', 21.0336399, 105.7174539, 1),
(1275, N'Khu Xuân Mai - Quốc lộ', N'Khu Xuân Mai - Quốc lộ, Hà Nội', 20.9390201, 105.7479789, 1),
(1276, N'Bệnh xá', N'Bệnh xá, Hà Nội', 20.9046763, 105.6630149, 1),
(1277, N'Phòng Khám bệnh Quân dân Y - Quốc lộ', N'Phòng Khám bệnh Quân dân Y - Quốc lộ, Hà Nội', 20.9277528, 105.8817263, 1),
(1278, N'Tân Bình TT Xuân Mai - Quốc lộ', N'Tân Bình TT Xuân Mai - Quốc lộ, Hà Nội', 20.9062388, 105.9111593, 1),
(1279, N'khu Chiến Thắng - TT Xuân Mai (Qua', N'khu Chiến Thắng - TT Xuân Mai (Qua, Hà Nội', 20.9729565, 105.9166037, 1),
(1280, N'- Bộ Tư lệnh Tăng thiết giáp) - QL', N'- Bộ Tư lệnh Tăng thiết giáp) - QL, Hà Nội', 21.1443760, 105.8072061, 1),
(1281, N'Đối diện Trường Cao đẳng Nông nghiệp và Phát triển Nông thôn Bắc Bộ B Số', N'Đối diện Trường Cao đẳng Nông nghiệp và Phát triển Nông thôn Bắc Bộ B Số, Hà Nội', 21.0447036, 105.6775860, 1),
(1282, N'Khu Chiến Thắng - Xuân Mai - Quốc lộ', N'Khu Chiến Thắng - Xuân Mai - Quốc lộ, Hà Nội', 20.9555252, 105.8584503, 1),
(1283, N'KCN Phú Nghĩa', N'KCN Phú Nghĩa, Hà Nội', 20.9736718, 105.9308199, 1),
(1284, N'Karaoke Obama - Quốc lộ', N'Karaoke Obama - Quốc lộ, Hà Nội', 21.0734772, 105.9497674, 1),
(1285, N'Vật liệu Xây dựng Chỉnh Bình - Quốc lộ', N'Vật liệu Xây dựng Chỉnh Bình - Quốc lộ, Hà Nội', 21.1449883, 105.9344984, 1),
(1286, N'Sửa chữa xe máy Thăng Lan - Quốc lộ', N'Sửa chữa xe máy Thăng Lan - Quốc lộ, Hà Nội', 21.0149092, 105.9468550, 1),
(1287, N'Chợ Gốt Đông Sơn - Quốc lộ', N'Chợ Gốt Đông Sơn - Quốc lộ, Hà Nội', 21.1422514, 105.7142405, 1),
(1288, N'Đối diện GARA Huy Hào - Quốc lộ', N'Đối diện GARA Huy Hào - Quốc lộ, Hà Nội', 21.0731461, 105.8245944, 1),
(1289, N'Tân Phượng, Xuân Mai - Quốc lộ', N'Tân Phượng, Xuân Mai - Quốc lộ, Hà Nội', 20.9385669, 105.9291240, 1),
(1290, N'Cầu Quán Lát - Quốc lộ', N'Cầu Quán Lát - Quốc lộ, Hà Nội', 21.0015043, 105.9364368, 1),
(1291, N'Đối diện Trường Cao đẳng Nông nghiệp và Phát triển Nông thôn Bắc Bộ', N'Đối diện Trường Cao đẳng Nông nghiệp và Phát triển Nông thôn Bắc Bộ, Hà Nội', 21.1153185, 105.6526234, 1),
(1292, N'B Thị trấn Xuân Mai (Nhà máy thức ăn chăn nuôi CP)', N'B Thị trấn Xuân Mai (Nhà máy thức ăn chăn nuôi CP), Hà Nội', 20.9186518, 105.7535074, 1),
(1293, N'A Bến xe Mỹ Đình', N'A Bến xe Mỹ Đình, Hà Nội', 20.9826580, 105.9351849, 1),
(1294, N'B Chùa Thầy', N'B Chùa Thầy, Hà Nội', 21.0788624, 105.7492934, 1),
(1295, N'Nissan Hà Đông', N'Nissan Hà Đông, Hà Nội', 20.9783357, 105.8420290, 1),
(1296, N'Đối diện Trường THPT Trần Hưng Đạo, Xốm - Quốc lộ', N'Đối diện Trường THPT Trần Hưng Đạo, Xốm - Quốc lộ, Hà Nội', 21.0198700, 105.6873211, 1),
(1297, N'Nhà thờ Thạch Bích - Quốc lộ', N'Nhà thờ Thạch Bích - Quốc lộ, Hà Nội', 21.0335013, 105.7709964, 1),
(1298, N'Đối diện nghĩa trang liệt sỹ Bình Minh, Bình Đà - Quốc lộ', N'Đối diện nghĩa trang liệt sỹ Bình Minh, Bình Đà - Quốc lộ, Hà Nội', 21.1302259, 105.6851473, 1),
(1299, N'Gần đường vào Bệnh viện Thanh Oai - Quốc lộ', N'Gần đường vào Bệnh viện Thanh Oai - Quốc lộ, Hà Nội', 21.0154972, 105.8508638, 1),
(1300, N'Nhà máy bia Kim Bài - Quốc lộ', N'Nhà máy bia Kim Bài - Quốc lộ, Hà Nội', 20.9666380, 105.7782815, 1),
(1301, N'Chuông, đường vào UBND xã Phương Trung - Quốc lộ', N'Chuông, đường vào UBND xã Phương Trung - Quốc lộ, Hà Nội', 20.9884218, 105.9005334, 1),
(1302, N'Vác, xã Dân Hòa - Quốc lộ', N'Vác, xã Dân Hòa - Quốc lộ, Hà Nội', 21.0997172, 105.7923265, 1),
(1303, N'Đối diện đường vào làng Ngọc Đình - Quốc lộ', N'Đối diện đường vào làng Ngọc Đình - Quốc lộ, Hà Nội', 20.8723829, 105.7938558, 1),
(1304, N'Gần cầu Xà Kiều, xã Quảng Phú Cầu - Quốc lộ', N'Gần cầu Xà Kiều, xã Quảng Phú Cầu - Quốc lộ, Hà Nội', 20.8738846, 105.8506637, 1),
(1305, N'Gần Cầu Lão, đường rẽ đi đường', N'Gần Cầu Lão, đường rẽ đi đường, Hà Nội', 20.9318677, 105.9235775, 1),
(1306, N'Cây gạo Bặt, đối diện đường vào làng Bặt - Quốc lộ', N'Cây gạo Bặt, đối diện đường vào làng Bặt - Quốc lộ, Hà Nội', 21.1338886, 105.6984310, 1),
(1307, N'Đối diện đường vào UBND huyện Ứng Hòa, thị trấn Vân Đình - Quốc lộ', N'Đối diện đường vào UBND huyện Ứng Hòa, thị trấn Vân Đình - Quốc lộ, Hà Nội', 20.9825473, 105.6910093, 1),
(1308, N'Đối diện đình Thái Đường, thôn Thái Bình - Quốc lộ', N'Đối diện đình Thái Đường, thôn Thái Bình - Quốc lộ, Hà Nội', 20.8964562, 105.7113315, 1),
(1309, N'Qua chợ Đinh Xuyên - Quốc lộ', N'Qua chợ Đinh Xuyên - Quốc lộ, Hà Nội', 21.0740926, 105.8654912, 1),
(1310, N'Đối diện Đình Đặng Giang - Quốc lộ', N'Đối diện Đình Đặng Giang - Quốc lộ, Hà Nội', 21.1310547, 105.6799823, 1),
(1311, N'Đối diện đình thôn Phù Lưu Thượng - Quốc lộ', N'Đối diện đình thôn Phù Lưu Thượng - Quốc lộ, Hà Nội', 21.0842144, 105.8595864, 1),
(1312, N'Đường vào làng Bài Thượng - Đường', N'Đường vào làng Bài Thượng - Đường, Hà Nội', 20.9585597, 105.9170517, 1),
(1313, N'Đối diện UBND Xã Hồng Quang, Bài Hạ - Đường', N'Đối diện UBND Xã Hồng Quang, Bài Hạ - Đường, Hà Nội', 20.9461563, 105.8521673, 1),
(1314, N'B Bến xe Hương Sơn', N'B Bến xe Hương Sơn, Hà Nội', 20.8808279, 105.9253540, 1),
(1315, N'A Bến xe Sơn Tây', N'A Bến xe Sơn Tây, Hà Nội', 20.9282506, 105.7621605, 1),
(1316, N'Ngọc Trục - Đại Mỗ', N'Ngọc Trục - Đại Mỗ, Hà Nội', 21.0177466, 105.6903636, 1),
(1317, N'Liên Cơ - Đại Mỗ', N'Liên Cơ - Đại Mỗ, Hà Nội', 20.8899132, 105.8306996, 1),
(1318, N'Đại Mỗ - Khu biệt thự Viglacera Đại Mỗ', N'Đại Mỗ - Khu biệt thự Viglacera Đại Mỗ, Hà Nội', 20.8512798, 105.8202775, 1),
(1319, N'Đại Mỗ (Bưu điện Đại Mỗ)', N'Đại Mỗ (Bưu điện Đại Mỗ), Hà Nội', 20.8535877, 105.7087905, 1),
(1320, N'Gần cửa hàng xăng dầu số', N'Gần cửa hàng xăng dầu số, Hà Nội', 21.0583575, 105.8507974, 1),
(1321, N'Công ty TNHH Phúc Hưng, La Dương (Gần đường vào CV thiên đường Bảo Sơn) - Đường', N'Công ty TNHH Phúc Hưng, La Dương (Gần đường vào CV thiên đường Bảo Sơn) - Đường, Hà Nội', 20.8566622, 105.8713216, 1),
(1322, N'Cuối làng gần chùa An Thượng - Đường', N'Cuối làng gần chùa An Thượng - Đường, Hà Nội', 21.0561506, 105.7602234, 1),
(1323, N'Nhà máy in (Ngã', N'Nhà máy in (Ngã, Hà Nội', 20.8812677, 105.6863613, 1),
(1324, N'Quốc Oai, Đại lộ Thăng Long) - Đường', N'Quốc Oai, Đại lộ Thăng Long) - Đường, Hà Nội', 20.9843516, 105.8032407, 1),
(1325, N'Đầu làng Phương Quan - Đường', N'Đầu làng Phương Quan - Đường, Hà Nội', 20.9031298, 105.8611606, 1),
(1326, N'Dốc Quán (Đối diện Trường THCS Cộng Hòa) - Đường', N'Dốc Quán (Đối diện Trường THCS Cộng Hòa) - Đường, Hà Nội', 20.9095278, 105.6689521, 1),
(1327, N'Đối diện đường vào chùa Đồng Lư - Đường', N'Đối diện đường vào chùa Đồng Lư - Đường, Hà Nội', 20.9532815, 105.8631383, 1),
(1328, N'Đường đê Yên Nội, Đồng Quan - Cột mốc Km', N'Đường đê Yên Nội, Đồng Quan - Cột mốc Km, Hà Nội', 20.9564398, 105.9002488, 1),
(1329, N'Qua Trường THPT Quốc Oai - Đường', N'Qua Trường THPT Quốc Oai - Đường, Hà Nội', 20.9484570, 105.8753541, 1),
(1330, N'Thôn Ngô Sài - thị trấn Quốc Oai - Đại lộ Thăng Long', N'Thôn Ngô Sài - thị trấn Quốc Oai - Đại lộ Thăng Long, Hà Nội', 20.9504158, 105.8775328, 1),
(1331, N'UBND xã Bình Phú - Đường', N'UBND xã Bình Phú - Đường, Hà Nội', 21.1173725, 105.8915818, 1),
(1332, N'Đồng Cam', N'Đồng Cam, Hà Nội', 20.9934469, 105.8700957, 1),
(1333, N'thị trấn Liên Quan', N'thị trấn Liên Quan, Hà Nội', 21.0308629, 105.8860747, 1),
(1334, N'Qua nghĩa trang liệt sỹ Đại Đồng - Đường', N'Qua nghĩa trang liệt sỹ Đại Đồng - Đường, Hà Nội', 21.0946195, 105.8931264, 1),
(1335, N'phố Chùa Thông, thị xã Sơn Tây', N'phố Chùa Thông, thị xã Sơn Tây, Hà Nội', 21.1339784, 105.9074697, 1),
(1336, N'Học viện Ngân hàng (cơ sở Sơn Tây) - Đường', N'Học viện Ngân hàng (cơ sở Sơn Tây) - Đường, Hà Nội', 21.1328215, 105.6773638, 1),
(1337, N'Chùa Đô, Xuân Khanh - Đường', N'Chùa Đô, Xuân Khanh - Đường, Hà Nội', 20.9776577, 105.9450110, 1),
(1338, N'Trường THCS Thanh Mỹ (gần ngã', N'Trường THCS Thanh Mỹ (gần ngã, Hà Nội', 20.9463624, 105.6618299, 1),
(1339, N'Vị Thủy) - Đường', N'Vị Thủy) - Đường, Hà Nội', 20.8564821, 105.8983733, 1),
(1340, N'Xưởng', N'Xưởng, Hà Nội', 21.1202181, 105.6578672, 1),
(1341, N'khu A - Đường', N'khu A - Đường, Hà Nội', 20.8772742, 105.9498514, 1),
(1342, N'Bưu điện Xuân Khanh - Đường', N'Bưu điện Xuân Khanh - Đường, Hà Nội', 20.8770623, 105.9048790, 1),
(1343, N'Phòng khám đa khoa quân dân y Hà Nội - Đường', N'Phòng khám đa khoa quân dân y Hà Nội - Đường, Hà Nội', 21.0109436, 105.8895349, 1),
(1344, N'Trước lối vào Khoang Xanh', N'Trước lối vào Khoang Xanh, Hà Nội', 21.0730712, 105.8447072, 1),
(1345, N'Trước lối vào đền chùa Bà Đá Đen - Đường', N'Trước lối vào đền chùa Bà Đá Đen - Đường, Hà Nội', 21.1169930, 105.6803170, 1),
(1346, N'B Đá Chông đi Chẹ (', N'B Đá Chông đi Chẹ (, Hà Nội', 20.8536847, 105.6825057, 1),
(1347, N'A Khu đô thị Mỹ Đình I', N'A Khu đô thị Mỹ Đình I, Hà Nội', 21.0764850, 105.8701940, 1),
(1348, N'Đối diện nhà C', N'Đối diện nhà C, Hà Nội', 21.0380848, 105.6772567, 1),
(1349, N'KĐT Mỹ Đình I - đường Trần Hữu Dực', N'KĐT Mỹ Đình I - đường Trần Hữu Dực, Hà Nội', 21.1250309, 105.8642912, 1),
(1350, N'Đường vào Trường CĐ nghề Trần Hưng Đạo - Lê Đức Thọ', N'Đường vào Trường CĐ nghề Trần Hưng Đạo - Lê Đức Thọ, Hà Nội', 20.9740985, 105.9147477, 1),
(1351, N'Đối diện THCS-THPT Trần Quốc Tuấn', N'Đối diện THCS-THPT Trần Quốc Tuấn, Hà Nội', 20.9425009, 105.6584066, 1),
(1352, N'Trường tiểu học Mỹ Đình', N'Trường tiểu học Mỹ Đình, Hà Nội', 21.0375585, 105.6598686, 1),
(1353, N'đường Mỹ Đình', N'đường Mỹ Đình, Hà Nội', 21.1306654, 105.7095930, 1),
(1354, N'Nguyễn Hoàng - Phạm Hùng (đối diện công ty CP Sông Đà', N'Nguyễn Hoàng - Phạm Hùng (đối diện công ty CP Sông Đà, Hà Nội', 21.1418531, 105.7635064, 1),
(1355, N'Quảng trường BX Mỹ Đình', N'Quảng trường BX Mỹ Đình, Hà Nội', 21.0938649, 105.8774083, 1),
(1356, N'Tổng Cục Hải Quan - đường Dương Đình Nghệ', N'Tổng Cục Hải Quan - đường Dương Đình Nghệ, Hà Nội', 20.8744717, 105.7121082, 1),
(1357, N'Đối diện trường THCS Yên Hòa -', N'Đối diện trường THCS Yên Hòa -, Hà Nội', 21.1310669, 105.9119393, 1),
(1358, N'Trung Kính', N'Trung Kính, Hà Nội', 20.9878005, 105.8551513, 1),
(1359, N'Đối diện trường mầm non quốc tế Global', N'Đối diện trường mầm non quốc tế Global, Hà Nội', 20.9503056, 105.8915643, 1),
(1360, N'Qua ngõ', N'Qua ngõ, Hà Nội', 21.1412487, 105.8273028, 1),
(1361, N'Trung Hòa', N'Trung Hòa, Hà Nội', 20.9285109, 105.8246461, 1),
(1362, N'Trường tiểu học Lý Thái Tổ', N'Trường tiểu học Lý Thái Tổ, Hà Nội', 20.9209835, 105.6979660, 1),
(1363, N'Đối diện Nhà', N'Đối diện Nhà, Hà Nội', 21.0611224, 105.7249565, 1),
(1364, N'Lê Văn Lương (đối diện Doanh trại quân đội)', N'Lê Văn Lương (đối diện Doanh trại quân đội), Hà Nội', 20.9521260, 105.7312090, 1),
(1365, N'Yên Lãng', N'Yên Lãng, Hà Nội', 20.9766410, 105.7506114, 1),
(1366, N'Hoàng Văn Thái', N'Hoàng Văn Thái, Hà Nội', 21.0662124, 105.8237340, 1),
(1367, N'Tower -', N'Tower -, Hà Nội', 21.1314143, 105.8606511, 1),
(1368, N'Đối diện Tập thể Học viện Tài Chính - đường Dịch Vọng', N'Đối diện Tập thể Học viện Tài Chính - đường Dịch Vọng, Hà Nội', 20.8940436, 105.7075916, 1),
(1369, N'Đối diện nhà số', N'Đối diện nhà số, Hà Nội', 21.1494559, 105.8921313, 1),
(1370, N'Đối diện trường Mầm non VietKids - KĐT Dịch Vọng', N'Đối diện trường Mầm non VietKids - KĐT Dịch Vọng, Hà Nội', 20.9207519, 105.7577614, 1),
(1371, N'Tập thể', N'Tập thể, Hà Nội', 20.9309928, 105.7936973, 1),
(1372, N'Yên Hòa (Gần ngõ', N'Yên Hòa (Gần ngõ, Hà Nội', 20.8659824, 105.7325130, 1),
(1373, N'Nhà B', N'Nhà B, Hà Nội', 20.9216913, 105.8690914, 1),
(1374, N'Đối diện trường THPT Nguyễn Bỉnh Khiêm - đường Nguyễn Chánh', N'Đối diện trường THPT Nguyễn Bỉnh Khiêm - đường Nguyễn Chánh, Hà Nội', 21.1375393, 105.7966312, 1),
(1375, N'Đối diện Trường THPT chuyên Hà Nội - Amsterdam (Hoàng Minh Giám)', N'Đối diện Trường THPT chuyên Hà Nội - Amsterdam (Hoàng Minh Giám), Hà Nội', 21.0121512, 105.8859010, 1),
(1376, N'Điểm xén hè đối diện toà nhà JSC - Lê Văn Lương', N'Điểm xén hè đối diện toà nhà JSC - Lê Văn Lương, Hà Nội', 20.8516697, 105.8341284, 1),
(1377, N'Đối diện chung cư HH', N'Đối diện chung cư HH, Hà Nội', 20.9242695, 105.7910850, 1),
(1378, N'Bắc Hà - đường Tố Hữu', N'Bắc Hà - đường Tố Hữu, Hà Nội', 21.1173575, 105.9479897, 1),
(1379, N'Đối diện Công trình cảnh quan Công viên Hồ Phùng Khoang', N'Đối diện Công trình cảnh quan Công viên Hồ Phùng Khoang, Hà Nội', 21.1374615, 105.7454217, 1),
(1380, N'Gần lối vào trường THPT Trung Văn (Qua ngã', N'Gần lối vào trường THPT Trung Văn (Qua ngã, Hà Nội', 21.0455742, 105.8697855, 1),
(1381, N'Lương Thế Vinh - Tố Hữu)', N'Lương Thế Vinh - Tố Hữu), Hà Nội', 21.1134873, 105.7440008, 1),
(1382, N'Trung Văn (đối diện nhà', N'Trung Văn (đối diện nhà, Hà Nội', 20.8673827, 105.6616576, 1),
(1383, N'UBND phường Mỗ Lao - đường Nguyễn Văn Lộc', N'UBND phường Mỗ Lao - đường Nguyễn Văn Lộc, Hà Nội', 20.9937719, 105.9292395, 1),
(1384, N'Bắc Hà - đường Nguyễn Văn Lộc', N'Bắc Hà - đường Nguyễn Văn Lộc, Hà Nội', 21.1271131, 105.6872234, 1),
(1385, N'Đình Văn Quán (đối diện Trạm Y tế) - Đường', N'Đình Văn Quán (đối diện Trạm Y tế) - Đường, Hà Nội', 21.0676149, 105.7266305, 1),
(1386, N'Tô Hiệu (Hà Đông) B KĐT Văn Phú', N'Tô Hiệu (Hà Đông) B KĐT Văn Phú, Hà Nội', 20.9585311, 105.6563667, 1),
(1387, N'A Ga Hà Nội', N'A Ga Hà Nội, Hà Nội', 20.9435755, 105.7415388, 1),
(1388, N'Ga hàng hóa ALS Trung tâm dịch vụ kỹ thuật cung ứng điện', N'Ga hàng hóa ALS Trung tâm dịch vụ kỹ thuật cung ứng điện, Hà Nội', 20.9529921, 105.8116699, 1),
(1389, N'Sảnh tầng', N'Sảnh tầng, Hà Nội', 21.0995783, 105.7478403, 1),
(1390, N'nhà ga T', N'nhà ga T, Hà Nội', 21.0890233, 105.7214164, 1),
(1391, N'B Sân bay Nội Bài (BĐX nhà ga T', N'B Sân bay Nội Bài (BĐX nhà ga T, Hà Nội', 20.9399234, 105.8760552, 1),
(1392, N'Miếu Đầm - Đại lộ Thăng Long', N'Miếu Đầm - Đại lộ Thăng Long, Hà Nội', 21.1126014, 105.8756316, 1),
(1393, N'Tường rào sân Golf Mỹ Đình Pearl - Đại lộ Thăng Long', N'Tường rào sân Golf Mỹ Đình Pearl - Đại lộ Thăng Long, Hà Nội', 21.1493953, 105.8698554, 1),
(1394, N'Xóm La - Đại Mỗ - Đại lộ Thăng Long', N'Xóm La - Đại Mỗ - Đại lộ Thăng Long, Hà Nội', 21.1365917, 105.9475478, 1),
(1395, N'Qua đối diện lối vào THPT Đại Mỗ - Đại lộ Thăng Long', N'Qua đối diện lối vào THPT Đại Mỗ - Đại lộ Thăng Long, Hà Nội', 20.9060524, 105.8254338, 1),
(1396, N'Trụ sở Bộ tư lệnh Cảnh sát biển - Đại lộ Thăng Long', N'Trụ sở Bộ tư lệnh Cảnh sát biển - Đại lộ Thăng Long, Hà Nội', 20.9663889, 105.8831763, 1),
(1397, N'Chùa Thầy, gần cầu vượt Sài Sơn - Đại lộ Thăng Long', N'Chùa Thầy, gần cầu vượt Sài Sơn - Đại lộ Thăng Long, Hà Nội', 21.0950390, 105.7582028, 1),
(1398, N'Cầu vượt Hoàng Xá - cột mốc H', N'Cầu vượt Hoàng Xá - cột mốc H, Hà Nội', 20.8567501, 105.7163319, 1),
(1399, N'Đối diện VNPT TT Quốc Oai - TL', N'Đối diện VNPT TT Quốc Oai - TL, Hà Nội', 20.8559014, 105.8556436, 1),
(1400, N'UBND xã Thạch Thán - TL', N'UBND xã Thạch Thán - TL, Hà Nội', 20.8621323, 105.8755022, 1),
(1401, N'Trại Đồng Dơi - xã Thạch Thán - TL', N'Trại Đồng Dơi - xã Thạch Thán - TL, Hà Nội', 21.0953987, 105.7738604, 1),
(1402, N'Đầu làng Phú Mỹ - TL', N'Đầu làng Phú Mỹ - TL, Hà Nội', 21.0595490, 105.6523701, 1),
(1403, N'Trạm biến thế Đìa Lóc', N'Trạm biến thế Đìa Lóc, Hà Nội', 20.9066860, 105.7184975, 1),
(1404, N'Đầu làng Định Tú - ngã', N'Đầu làng Định Tú - ngã, Hà Nội', 20.8990323, 105.9395923, 1),
(1405, N'Máng', N'Máng, Hà Nội', 20.9540118, 105.7181586, 1),
(1406, N'Nhà Văn hóa thôn Cấn Thượng - TL', N'Nhà Văn hóa thôn Cấn Thượng - TL, Hà Nội', 21.0722373, 105.8176019, 1),
(1407, N'Thôn Đông Thượng - TL', N'Thôn Đông Thượng - TL, Hà Nội', 21.1097047, 105.8503225, 1),
(1408, N'Xóm Cầu Ó, thôn Đông Thượng, thị trấn Quốc Oai', N'Xóm Cầu Ó, thôn Đông Thượng, thị trấn Quốc Oai, Hà Nội', 20.9845492, 105.8767503, 1),
(1409, N'thôn Đông Hạ - TL', N'thôn Đông Hạ - TL, Hà Nội', 20.8672379, 105.8159810, 1),
(1410, N'Đối diện Công ty TNHH Thương mại Hòa An - TL', N'Đối diện Công ty TNHH Thương mại Hòa An - TL, Hà Nội', 20.8702535, 105.8020176, 1),
(1411, N'Tiên Trượng TT Xuân Mai - TL', N'Tiên Trượng TT Xuân Mai - TL, Hà Nội', 21.1005486, 105.7798281, 1),
(1412, N'Tiên Trượng - Xuân Mai (Ngã', N'Tiên Trượng - Xuân Mai (Ngã, Hà Nội', 21.0039034, 105.7228151, 1),
(1413, N'và QL', N'và QL, Hà Nội', 20.8955462, 105.8978126, 1),
(1414, N'Nhà văn hóa khu Xuân Mai - TT Xuân Mai - Quốc lộ', N'Nhà văn hóa khu Xuân Mai - TT Xuân Mai - Quốc lộ, Hà Nội', 21.0339671, 105.8400737, 1),
(1415, N'- ĐL Thăng Long - KCN Thạch Thất', N'- ĐL Thăng Long - KCN Thạch Thất, Hà Nội', 21.1448855, 105.9432198, 1),
(1416, N'Cty Sun House, xã Ngọc Liệp - Đại lộ Thăng Long', N'Cty Sun House, xã Ngọc Liệp - Đại lộ Thăng Long, Hà Nội', 20.8971636, 105.6868502, 1),
(1417, N'Đường vào chùa Kim Long - Đại lộ Thăng Long', N'Đường vào chùa Kim Long - Đại lộ Thăng Long, Hà Nội', 21.0715892, 105.7161800, 1),
(1418, N'Cầu chui dân sinh số', N'Cầu chui dân sinh số, Hà Nội', 20.9635929, 105.7571065, 1),
(1419, N'- Đại lộ Thăng Long', N'- Đại lộ Thăng Long, Hà Nội', 21.1309909, 105.6796042, 1),
(1420, N'Ngã ba Hòa Lạc - Quốc lộ', N'Ngã ba Hòa Lạc - Quốc lộ, Hà Nội', 21.1138426, 105.6501060, 1),
(1421, N'Nhà hàng Hùng Huyền (đối diện đường vào UBND xã Thạch Hòa, Đội CSGT số', N'Nhà hàng Hùng Huyền (đối diện đường vào UBND xã Thạch Hòa, Đội CSGT số, Hà Nội', 21.1337345, 105.8070329, 1),
(1422, N'Đối diện CH xăng dầu Phú Cát - Quốc lộ', N'Đối diện CH xăng dầu Phú Cát - Quốc lộ, Hà Nội', 20.9596999, 105.8250414, 1),
(1423, N'Hòa Phú, xã Hòa Thạch - Quốc Oai', N'Hòa Phú, xã Hòa Thạch - Quốc Oai, Hà Nội', 21.0351979, 105.8547326, 1),
(1424, N'Chợ Long Phú - xã Hòa Thạch - Quốc lộ', N'Chợ Long Phú - xã Hòa Thạch - Quốc lộ, Hà Nội', 20.9899244, 105.9420504, 1),
(1425, N'Trường Sỹ quan đặc công thị trấn Xuân Mai (cột mốc H', N'Trường Sỹ quan đặc công thị trấn Xuân Mai (cột mốc H, Hà Nội', 21.0487258, 105.6816122, 1),
(1426, N'- qua cửa hàng xăng dầu số', N'- qua cửa hàng xăng dầu số, Hà Nội', 20.9517359, 105.8816945, 1),
(1427, N'Xuân Mai) - đường Hồ Chí Minh', N'Xuân Mai) - đường Hồ Chí Minh, Hà Nội', 21.0614377, 105.7361304, 1),
(1428, N'Công ty Xuân Cương (trước', N'Công ty Xuân Cương (trước, Hà Nội', 21.0672428, 105.7852663, 1),
(1429, N'đường Hồ Chí Minh', N'đường Hồ Chí Minh, Hà Nội', 20.8621452, 105.8093518, 1),
(1430, N'Trường Trung cấp Cánh sát vũ trang - Đường Hồ Chí Minh', N'Trường Trung cấp Cánh sát vũ trang - Đường Hồ Chí Minh, Hà Nội', 21.0319913, 105.7429645, 1),
(1431, N'Trung tâm Dịch vụ Tổng hợp, thôn Xuân Trung - Đường Hồ Chí Minh', N'Trung tâm Dịch vụ Tổng hợp, thôn Xuân Trung - Đường Hồ Chí Minh, Hà Nội', 20.9310422, 105.7176586, 1),
(1432, N'Thôn Xuân Sen, xã Thủy Xuân Tiên - Đường Hồ Chí Minh', N'Thôn Xuân Sen, xã Thủy Xuân Tiên - Đường Hồ Chí Minh, Hà Nội', 21.0501344, 105.7760110, 1),
(1433, N'KTX Trường CĐ Cộng đồng Hà Tây - Đường Hồ Chí Minh', N'KTX Trường CĐ Cộng đồng Hà Tây - Đường Hồ Chí Minh, Hà Nội', 20.8903500, 105.8273616, 1),
(1434, N'Trường CĐ Cộng đồng Hà Tây - Đường Hồ Chí Minh B Đầu B: Xuân Mai (Trường Cao đẳng Cộng đồng Hà Tây)', N'Trường CĐ Cộng đồng Hà Tây - Đường Hồ Chí Minh B Đầu B: Xuân Mai (Trường Cao đẳng Cộng đồng Hà Tây), Hà Nội', 20.9274222, 105.8122098, 1),
(1435, N'Tây Mỗ - Làng Phú Thứ', N'Tây Mỗ - Làng Phú Thứ, Hà Nội', 20.8739814, 105.6665544, 1),
(1436, N'Chùa Sơn Trung - xã Yên Sơn', N'Chùa Sơn Trung - xã Yên Sơn, Hà Nội', 21.0692883, 105.8422357, 1),
(1437, N'Công ty điện tử Meiko - KCN Thạch Thất', N'Công ty điện tử Meiko - KCN Thạch Thất, Hà Nội', 20.9425528, 105.8870382, 1),
(1438, N'Khu công nghiệp Bình Phú - Tỉnh lộ', N'Khu công nghiệp Bình Phú - Tỉnh lộ, Hà Nội', 21.0167559, 105.6661095, 1),
(1439, N'Lối rẽ vào Chàng Sơn', N'Lối rẽ vào Chàng Sơn, Hà Nội', 20.9477066, 105.8409988, 1),
(1440, N'Bộ Y Tế -', N'Bộ Y Tế -, Hà Nội', 21.0977126, 105.7958621, 1),
(1441, N'Lạc Long Quân - Chùa Thiên Niên (chùa Sài)', N'Lạc Long Quân - Chùa Thiên Niên (chùa Sài), Hà Nội', 20.9367212, 105.8233496, 1),
(1442, N'Đối diện Quận uỷ Tây Hồ - Lạc Long Quân', N'Đối diện Quận uỷ Tây Hồ - Lạc Long Quân, Hà Nội', 20.9753002, 105.6713039, 1),
(1443, N'Đối diện KĐT Nam Thăng Long', N'Đối diện KĐT Nam Thăng Long, Hà Nội', 21.0847718, 105.7012560, 1),
(1444, N'cầu vượt QL', N'cầu vượt QL, Hà Nội', 20.9387419, 105.7711116, 1),
(1445, N'- Võ Nguyên Giáp', N'- Võ Nguyên Giáp, Hà Nội', 21.1479643, 105.9073423, 1),
(1446, N'Sân bay Nội Bài (BĐX nhà ga T', N'Sân bay Nội Bài (BĐX nhà ga T, Hà Nội', 20.9048782, 105.6611123, 1),
(1447, N'Nhà chờ Ba La', N'Nhà chờ Ba La, Hà Nội', 21.0454054, 105.9124333, 1),
(1448, N'Nhà chờ Văn La', N'Nhà chờ Văn La, Hà Nội', 20.8810052, 105.7156854, 1),
(1449, N'Nhà chờ Văn Phúc', N'Nhà chờ Văn Phúc, Hà Nội', 21.0030813, 105.8174155, 1),
(1450, N'Nhà chờ La Khê', N'Nhà chờ La Khê, Hà Nội', 20.8813110, 105.8766246, 1),
(1451, N'Nhà chờ KĐT Parkcity', N'Nhà chờ KĐT Parkcity, Hà Nội', 21.0262032, 105.7119079, 1),
(1452, N'Nhà chờ Cầu La Khê', N'Nhà chờ Cầu La Khê, Hà Nội', 21.0902782, 105.8765916, 1),
(1453, N'Nhà chờ An Hưng', N'Nhà chờ An Hưng, Hà Nội', 21.1099429, 105.7399118, 1),
(1454, N'Nhà chờ Văn Khê', N'Nhà chờ Văn Khê, Hà Nội', 20.9268698, 105.8514632, 1),
(1455, N'Nhà chờ Dương Nội', N'Nhà chờ Dương Nội, Hà Nội', 21.0511150, 105.8894671, 1),
(1456, N'Nhà chờ Vạn Phúc', N'Nhà chờ Vạn Phúc, Hà Nội', 20.8831412, 105.7974164, 1),
(1457, N'Nhà chờ Mỗ Lao', N'Nhà chờ Mỗ Lao, Hà Nội', 20.9853764, 105.7845689, 1),
(1458, N'Nhà chờ Trung Văn', N'Nhà chờ Trung Văn, Hà Nội', 21.0901193, 105.6945125, 1),
(1459, N'Nhà chờ Lương Thế Vinh', N'Nhà chờ Lương Thế Vinh, Hà Nội', 20.9458979, 105.8032088, 1),
(1460, N'Nhà chờ Khuất Duy Tiến', N'Nhà chờ Khuất Duy Tiến, Hà Nội', 20.9023635, 105.7188365, 1),
(1461, N'Nhà chờ Nguyễn Tuân', N'Nhà chờ Nguyễn Tuân, Hà Nội', 20.9202286, 105.6753806, 1),
(1462, N'Nhà chờ Hoàng Đạo Thúy', N'Nhà chờ Hoàng Đạo Thúy, Hà Nội', 21.0905743, 105.8999134, 1),
(1463, N'Nhà chờ Vũ Ngọc Phan', N'Nhà chờ Vũ Ngọc Phan, Hà Nội', 20.9722054, 105.7292497, 1),
(1464, N'Nhà chờ Thành Công', N'Nhà chờ Thành Công, Hà Nội', 21.0889373, 105.9491690, 1),
(1465, N'Nhà chờ Giảng Võ', N'Nhà chờ Giảng Võ, Hà Nội', 20.8952759, 105.8524138, 1),
(1466, N'Nhà chờ Núi Trúc B Bến Xe Kim Mã', N'Nhà chờ Núi Trúc B Bến Xe Kim Mã, Hà Nội', 20.8605915, 105.7886180, 1);
SET IDENTITY_INSERT Stops OFF;
GO

-- 4. CHÈN BẢNG ROUTES (104 Tuyến Xe)
SET IDENTITY_INSERT Routes ON;
INSERT INTO Routes (RouteID, RouteNumber, RouteName, StartPoint, EndPoint, OperatingHours, Frequency, TicketPrice, TotalDistance, IsActive) VALUES 
(1, '01', N'BX Gia Lâm - BX Yên Nghĩa', N'BX Gia Lâm', N'BX Yên Nghĩa', '05:00 - 22:00', N'10-15 phút/chuyến', 7000, 22.4, 1),
(2, '02', N'Bác cổ - BX Yên Nghĩa', N'Bác cổ', N'BX Yên Nghĩa', '05:00 - 22:00', N'10-15 phút/chuyến', 7000, 17.3, 1),
(3, '03A', N'BX Giáp Bát - BX Gia Lâm', N'BX Giáp Bát', N'BX Gia Lâm', '05:00 - 22:00', N'10-15 phút/chuyến', 7000, 13.9, 1),
(4, '03B', N'Bx Giáp Bát - Vincom - Phúc Lợi', N'Bx Giáp Bát', N'Phúc Lợi', '05:00 - 22:00', N'10-15 phút/chuyến', 7000, 21.2, 1),
(5, '04', N'Long Biên - BX Nước Ngầm', N'Long Biên', N'BX Nước Ngầm', '05:00 - 22:00', N'10-15 phút/chuyến', 7000, 17.4, 1),
(6, '05', N'Linh Đàm - Phú Diễn', N'Linh Đàm', N'Phú Diễn', '05:00 - 22:00', N'10-15 phút/chuyến', 7000, 17.5, 1),
(7, '06A', N'BX Giáp Bát - Cầu Giẽ', N'BX Giáp Bát', N'Cầu Giẽ', '05:00 - 22:00', N'10-15 phút/chuyến', 9000, 32.7, 1),
(8, '06B', N'BX Giáp Bát - Hồng Vân (Thường Tín)', N'BX Giáp Bát', N'Hồng Vân (Thường Tín)', '05:00 - 22:00', N'10-15 phút/chuyến', 7000, 18.7, 1),
(9, '06C', N'BX. Giáp Bát - Phú Minh (Phú Xuyên)', N'BX. Giáp Bát', N'Phú Minh (Phú Xuyên)', '05:00 - 22:00', N'10-15 phút/chuyến', 8000, 28.5, 1),
(10, '06D', N'Bến xe Giáp Bát - Tân Dân (Phú Xuyên)', N'Bến xe Giáp Bát', N'Tân Dân (Phú Xuyên)', '05:00 - 22:00', N'10-15 phút/chuyến', 9000, 33.5, 1),
(11, '06E', N'Bến xe Giáp Bát - Phú Túc (Phú Xuyên)', N'Bến xe Giáp Bát', N'Phú Túc (Phú Xuyên)', '05:00 - 22:00', N'10-15 phút/chuyến', 9000, 33.5, 1),
(12, '07', N'Cầu Giấy - Nội Bài', N'Cầu Giấy', N'Nội Bài', '05:00 - 22:00', N'10-15 phút/chuyến', 8000, 27.5, 1),
(13, '08', N'Long Biên - Đông Mỹ', N'Long Biên', N'Đông Mỹ', '05:00 - 22:00', N'10-15 phút/chuyến', 7000, 19.0, 1),
(14, '09', N'Bờ Hồ - Bờ Hồ', N'Bờ Hồ', N'Bờ Hồ', '05:00 - 22:00', N'10-15 phút/chuyến', 7000, 19.5, 1),
(15, '10A', N'Long Biên - Từ Sơn', N'Long Biên', N'Từ Sơn', '05:00 - 22:00', N'10-15 phút/chuyến', 7000, 17.9, 1),
(16, '10B', N'KĐT Times City - Trung Mầu', N'KĐT Times City', N'Trung Mầu', '05:00 - 22:00', N'10-15 phút/chuyến', 8000, 25.1, 1),
(17, '11', N'CV Thống Nhất - HV Nông Nghiệp Việt Nam', N'CV Thống Nhất', N'HV Nông Nghiệp Việt Nam', '05:00 - 22:00', N'10-15 phút/chuyến', 7000, 18.1, 1),
(18, '12', N'CV Nghĩa Đô - Đại Áng', N'CV Nghĩa Đô', N'Đại Áng', '05:00 - 22:00', N'10-15 phút/chuyến', 7000, 23.6, 1),
(19, '13', N'CV nước Hồ Tây - HV Cảnh Sát', N'CV nước Hồ Tây', N'HV Cảnh Sát', '05:00 - 22:00', N'10-15 phút/chuyến', 7000, 13.4, 1),
(20, '14', N'Bờ Hồ - Cổ Nhuế', N'Bờ Hồ', N'Cổ Nhuế', '05:00 - 22:00', N'10-15 phút/chuyến', 7000, 14.6, 1),
(21, '15', N'BX Gia Lâm - Phố Nỉ', N'BX Gia Lâm', N'Phố Nỉ', '05:00 - 22:00', N'10-15 phút/chuyến', 9000, 38.1, 1),
(22, '16', N'BX Mỹ Đình - BX Nước Ngầm', N'BX Mỹ Đình', N'BX Nước Ngầm', '05:00 - 22:00', N'10-15 phút/chuyến', 7000, 13.7, 1),
(23, '17', N'Long Biên - Nội Bài', N'Long Biên', N'Nội Bài', '05:00 - 22:00', N'10-15 phút/chuyến', 9000, 38.5, 1),
(24, '18', N'ĐH Kinh tế quốc dân - ĐH Kinh tế quốc dân', N'ĐH Kinh tế quốc dân', N'ĐH Kinh tế quốc dân', '05:00 - 22:00', N'10-15 phút/chuyến', 7000, 18.15, 1),
(25, '19', N'Trần Khánh Dư - Thiên Đường Bảo Sơn', N'Trần Khánh Dư', N'Thiên Đường Bảo Sơn', '05:00 - 22:00', N'10-15 phút/chuyến', 7000, 19.4, 1),
(26, '20A', N'Cầu Giấy - Phùng', N'Cầu Giấy', N'Phùng', '05:00 - 22:00', N'10-15 phút/chuyến', 7000, 15.7, 1),
(27, '20B', N'Cầu Giấy - Sơn Tây', N'Cầu Giấy', N'Sơn Tây', '05:00 - 22:00', N'10-15 phút/chuyến', 9000, 34.3, 1),
(28, '20C', N'Nhổn - Võng Xuyên', N'Nhổn', N'Võng Xuyên', '05:00 - 22:00', N'10-15 phút/chuyến', 9000, 33.7, 1),
(29, '21A', N'BX Giáp Bát - BX Yên Nghĩa', N'BX Giáp Bát', N'BX Yên Nghĩa', '05:00 - 22:00', N'10-15 phút/chuyến', 7000, 15.8, 1),
(30, '21B', N'KĐT Pháp Vân Tứ Hiệp - BX. Yên Nghĩa', N'KĐT Pháp Vân Tứ Hiệp', N'BX. Yên Nghĩa', '05:00 - 22:00', N'10-15 phút/chuyến', 7000, 19.9, 1),
(31, '22A', N'BX Gia Lâm - Kim Mã', N'BX Gia Lâm', N'Kim Mã', '05:00 - 22:00', N'10-15 phút/chuyến', 7000, 9.2, 1),
(32, '22B', N'Khu đô thị Xa La - Mỗ Lao - Bến xe Mỹ Đình', N'Khu đô thị Xa La', N'Bến xe Mỹ Đình', '05:00 - 22:00', N'10-15 phút/chuyến', 7000, 11.5, 1),
(33, '22C', N'Khu đô thị Kiến Hưng - Vạn Phúc - Khu đô thị Dương Nội', N'Khu đô thị Kiến Hưng', N'Khu đô thị Dương Nội', '05:00 - 22:00', N'10-15 phút/chuyến', 7000, 10.5, 1),
(34, '23', N'Nguyễn Công Trứ - Nguyễn Công Trứ', N'Nguyễn Công Trứ', N'Nguyễn Công Trứ', '05:00 - 22:00', N'10-15 phút/chuyến', 7000, 15.5, 1),
(35, '24', N'Long Biên - Ngã Tư Sở - Cầu Giấy', N'Long Biên', N'Cầu Giấy', '05:00 - 22:00', N'10-15 phút/chuyến', 7000, 11.8, 1),
(36, '25', N'BX Nam Thăng Long - BX Giáp Bát', N'BX Nam Thăng Long', N'BX Giáp Bát', '05:00 - 22:00', N'10-15 phút/chuyến', 7000, 19.2, 1),
(37, '26', N'Mai Động - SVĐ Mỹ Đình', N'Mai Động', N'SVĐ Mỹ Đình', '05:00 - 22:00', N'10-15 phút/chuyến', 7000, 17.5, 1),
(38, '27', N'BX Yên Nghĩa - BX Nam Thăng Long', N'BX Yên Nghĩa', N'BX Nam Thăng Long', '05:00 - 22:00', N'10-15 phút/chuyến', 7000, 21.4, 1),
(39, '28', N'BX Giáp Bát - Đại Học Mỏ', N'BX Giáp Bát', N'Đại Học Mỏ', '05:00 - 22:00', N'10-15 phút/chuyến', 7000, 18.9, 1),
(40, '29', N'BX Giáp Bát - Tân Lập', N'BX Giáp Bát', N'Tân Lập', '05:00 - 22:00', N'10-15 phút/chuyến', 7000, 24.2, 1),
(41, '30', N'Mai Động - BX Mỹ Đình', N'Mai Động', N'BX Mỹ Đình', '05:00 - 22:00', N'10-15 phút/chuyến', 7000, 15.4, 1),
(42, '31', N'Bách Khoa - ĐH Mỏ', N'Bách Khoa', N'ĐH Mỏ', '05:00 - 22:00', N'10-15 phút/chuyến', 7000, 19.2, 1),
(43, '32', N'BX Giáp Bát - Nhổn', N'BX Giáp Bát', N'Nhổn', '05:00 - 22:00', N'10-15 phút/chuyến', 7000, 18.5, 1),
(44, '33', N'BX Yên Nghĩa - Xuân Đỉnh', N'BX Yên Nghĩa', N'Xuân Đỉnh', '05:00 - 22:00', N'10-15 phút/chuyến', 7000, 20.7, 1),
(45, '34', N'BX Mỹ Đình - BX Gia Lâm', N'BX Mỹ Đình', N'BX Gia Lâm', '05:00 - 22:00', N'10-15 phút/chuyến', 7000, 19.2, 1),
(46, '35A', N'Trần Khánh Dư - BX Nam Thăng Long', N'Trần Khánh Dư', N'BX Nam Thăng Long', '05:00 - 22:00', N'10-15 phút/chuyến', 7000, 19.5, 1),
(47, '35B', N'BX Nam Thăng Long - Thanh Lâm (Mê Linh)', N'BX Nam Thăng Long', N'Thanh Lâm (Mê Linh)', '05:00 - 22:00', N'10-15 phút/chuyến', 7000, 24.3, 1),
(48, '36', N'Yên Phụ - Linh Đàm', N'Yên Phụ', N'Linh Đàm', '05:00 - 22:00', N'10-15 phút/chuyến', 7000, 13.7, 1),
(49, '37', N'BX Giáp Bát - Chương Mỹ', N'BX Giáp Bát', N'Chương Mỹ', '05:00 - 22:00', N'10-15 phút/chuyến', 7000, 22.9, 1),
(50, '38', N'BX Nam Thăng Long - Mai Động', N'BX Nam Thăng Long', N'Mai Động', '05:00 - 22:00', N'10-15 phút/chuyến', 7000, 17.4, 1),
(51, '39', N'CV Nghĩa Đô - Tứ Hiệp (BV Nội tiết Trung Ương)', N'CV Nghĩa Đô', N'Tứ Hiệp (BV Nội tiết Trung Ương)', '05:00 - 22:00', N'10-15 phút/chuyến', 7000, 20.7, 1),
(52, '40A', N'CV Thống Nhất - Như Quỳnh', N'CV Thống Nhất', N'Như Quỳnh', '05:00 - 22:00', N'10-15 phút/chuyến', 7000, 23.0, 1),
(53, '40B', N'CV Thống Nhất - Văn Lâm (Hưng Yên)', N'CV Thống Nhất', N'Văn Lâm (Hưng Yên)', '05:00 - 22:00', N'10-15 phút/chuyến', 8000, 26.2, 1),
(54, '41', N'Nghi Tàm - BX Giáp Bát', N'Nghi Tàm', N'BX Giáp Bát', '05:00 - 22:00', N'10-15 phút/chuyến', 7000, 14.4, 1),
(55, '42', N'Bến xe Giáp Bát - Đức Giang', N'Bến xe Giáp Bát', N'Đức Giang', '05:00 - 22:00', N'10-15 phút/chuyến', 7000, 16.0, 1),
(56, '43', N'CV Thống Nhất - Đông Anh', N'CV Thống Nhất', N'Đông Anh', '05:00 - 22:00', N'10-15 phút/chuyến', 8000, 0.0, 1),
(57, '44', N'Trần Khánh Dư - BX Mỹ Đình', N'Trần Khánh Dư', N'BX Mỹ Đình', '05:00 - 22:00', N'10-15 phút/chuyến', 7000, 0.0, 1),
(58, '45', N'Times City - BX Nam Thăng Long', N'Times City', N'BX Nam Thăng Long', '05:00 - 22:00', N'10-15 phút/chuyến', 7000, 16.9, 1),
(59, '46', N'BX Mỹ Đình - Thị trấn Đông Anh', N'BX Mỹ Đình', N'Thị trấn Đông Anh', '05:00 - 22:00', N'10-15 phút/chuyến', 8000, 0.0, 1),
(60, '47A', N'BX Long Biên - Bát Tràng', N'BX Long Biên', N'Bát Tràng', '05:00 - 22:00', N'10-15 phút/chuyến', 7000, 16.5, 1),
(61, '47B', N'Long Biên - Kim Lan', N'Long Biên', N'Kim Lan', '05:00 - 22:00', N'10-15 phút/chuyến', 7000, 15.3, 1),
(62, '48', N'Trần Khánh Dư - Vạn Phúc', N'Trần Khánh Dư', N'Vạn Phúc', '05:00 - 22:00', N'10-15 phút/chuyến', 7000, 18.1, 1),
(63, '49', N'Trần Khánh Dư - KĐT Mỹ Đình II', N'Trần Khánh Dư', N'KĐT Mỹ Đình II', '05:00 - 22:00', N'10-15 phút/chuyến', 7000, 13.9, 1),
(64, '50', N'Long Biên - SVĐ Quốc Gia', N'Long Biên', N'SVĐ Quốc Gia', '05:00 - 22:00', N'10-15 phút/chuyến', 7000, 14.9, 1),
(65, '51', N'Trần Khánh Dư - CV Cầu Giấy', N'Trần Khánh Dư', N'CV Cầu Giấy', '05:00 - 22:00', N'10-15 phút/chuyến', 7000, 16.8, 1),
(66, '52A', N'CV Thống Nhất - Lệ Chi', N'CV Thống Nhất', N'Lệ Chi', '05:00 - 22:00', N'10-15 phút/chuyến', 8000, 25.6, 1),
(67, '52B', N'CV Thống nhất - Đặng Xá', N'CV Thống nhất', N'Đặng Xá', '05:00 - 22:00', N'10-15 phút/chuyến', 9000, 33.3, 1),
(68, '53A', N'Hoàng Quốc Việt - Đông Anh', N'Hoàng Quốc Việt', N'Đông Anh', '05:00 - 22:00', N'10-15 phút/chuyến', 7000, 22.3, 1),
(69, '53B', N'BX Mỹ Đình - KCN Quang Minh', N'BX Mỹ Đình', N'KCN Quang Minh', '05:00 - 22:00', N'10-15 phút/chuyến', 7000, 23.25, 1),
(70, '54', N'Long Biên - Bắc Ninh', N'Long Biên', N'Bắc Ninh', '05:00 - 22:00', N'10-15 phút/chuyến', 9000, 31.8, 1),
(71, '55A', N'KĐT Times City - Cầu Giấy', N'KĐT Times City', N'Cầu Giấy', '05:00 - 22:00', N'10-15 phút/chuyến', 7000, 19.2, 1),
(72, '55B', N'TTTM Aeon mall Long Biên - Bưởi - Cầu Giấy', N'TTTM Aeon mall Long Biên', N'Cầu Giấy', '05:00 - 22:00', N'10-15 phút/chuyến', 7000, 23.6, 1),
(73, '56A', N'BX Nam Thăng Long - Núi Đôi', N'BX Nam Thăng Long', N'Núi Đôi', '05:00 - 22:00', N'10-15 phút/chuyến', 8000, 28.8, 1),
(74, '56B', N'BX Nam Thăng Long - Xuân Giang (Sóc Sơn)', N'BX Nam Thăng Long', N'Xuân Giang (Sóc Sơn)', '05:00 - 22:00', N'10-15 phút/chuyến', 9000, 32.0, 1),
(75, '56C', N'Nam Thăng Long - Bắc Phú (Sóc Sơn)', N'Nam Thăng Long', N'Bắc Phú (Sóc Sơn)', '05:00 - 22:00', N'10-15 phút/chuyến', 8000, 32.4, 1),
(76, '57', N'Nam Thăng Long - KCN Phú Nghĩa', N'Nam Thăng Long', N'KCN Phú Nghĩa', '05:00 - 22:00', N'10-15 phút/chuyến', 9000, 25.0, 1),
(77, '58', N'Yên Phụ - BV đa khoa Mê Linh', N'Yên Phụ', N'BV đa khoa Mê Linh', '05:00 - 22:00', N'10-15 phút/chuyến', 9000, 0.0, 1),
(78, '59', N'Đông Anh - ĐH Nông nghiệp Hà Nội', N'Đông Anh', N'ĐH Nông nghiệp Hà Nội', '05:00 - 22:00', N'10-15 phút/chuyến', 8000, 0.0, 1),
(79, '60A', N'KĐT Tứ Hiệp - Nam Thăng Long', N'KĐT Tứ Hiệp', N'Nam Thăng Long', '05:00 - 22:00', N'10-15 phút/chuyến', 7000, 20.5, 1),
(80, '60B', N'BX Nước Ngầm - BV bệnh nhiệt đới tư Cơ sở II', N'BX Nước Ngầm', N'BV bệnh nhiệt đới tư Cơ sở II', '05:00 - 22:00', N'10-15 phút/chuyến', 8000, 20.5, 1),
(81, '61', N'Vân Hà (Đông Anh) - Nam Thăng Long', N'Vân Hà (Đông Anh)', N'Nam Thăng Long', '05:00 - 22:00', N'10-15 phút/chuyến', 8000, 27.1, 1),
(82, '62', N'BX Yên Nghĩa - BX Thường Tín', N'BX Yên Nghĩa', N'BX Thường Tín', '05:00 - 22:00', N'10-15 phút/chuyến', 7000, 21.6, 1),
(83, '63', N'KCN Bắc Thăng Long - Tiến Thịnh (Mê Linh)', N'KCN Bắc Thăng Long', N'Tiến Thịnh (Mê Linh)', '05:00 - 22:00', N'10-15 phút/chuyến', 8000, 26.2, 1),
(84, '64', N'KCN Bắc Thăng Long - Phố Nỉ (TTTM Bình An)', N'KCN Bắc Thăng Long', N'Phố Nỉ (TTTM Bình An)', '05:00 - 22:00', N'10-15 phút/chuyến', 9000, 0.0, 1),
(85, '65', N'Thụy Lâm (Đông Anh) - Trung Mầu (Gia Lâm)', N'Thụy Lâm (Đông Anh)', N'Trung Mầu (Gia Lâm)', '05:00 - 22:00', N'10-15 phút/chuyến', 8000, 0.0, 1),
(86, '70A', N'BX Mỹ Đình - Trung Hà', N'BX Mỹ Đình', N'Trung Hà', '05:00 - 22:00', N'10-15 phút/chuyến', 20000, 50.0, 1),
(87, '70B', N'BX Mỹ Đình - Phú Cường', N'BX Mỹ Đình', N'Phú Cường', '05:00 - 22:00', N'10-15 phút/chuyến', 20000, 50.0, 1),
(88, '71', N'BX Mỹ Đình - BX Sơn Tây', N'BX Mỹ Đình', N'BX Sơn Tây', '05:00 - 22:00', N'10-15 phút/chuyến', 20000, 45.0, 1),
(89, '71B', N'BX Mỹ Đình - Xuân Mai', N'BX Mỹ Đình', N'Xuân Mai', '05:00 - 22:00', N'10-15 phút/chuyến', 20000, 44.6, 1),
(90, '72', N'BX Yên Nghĩa - Xuân Mai', N'BX Yên Nghĩa', N'Xuân Mai', '05:00 - 22:00', N'10-15 phút/chuyến', 7000, 22.5, 1),
(91, '73', N'BX Mỹ Đình - Chùa Thầy', N'BX Mỹ Đình', N'Chùa Thầy', '05:00 - 22:00', N'10-15 phút/chuyến', 10000, 20.8, 1),
(92, '75', N'BX Yên Nghĩa - BX Hương Sơn', N'BX Yên Nghĩa', N'BX Hương Sơn', '05:00 - 22:00', N'10-15 phút/chuyến', 25, 46.0, 1),
(93, '76', N'BX Sơn Tây - Trung Hà', N'BX Sơn Tây', N'Trung Hà', '05:00 - 22:00', N'10-15 phút/chuyến', 9000, 21.0, 1),
(94, '77', N'BX Yên Nghĩa - BX Sơn Tây', N'BX Yên Nghĩa', N'BX Sơn Tây', '05:00 - 22:00', N'10-15 phút/chuyến', 20000, 45.7, 1),
(95, '78', N'BX Mỹ Đình - Tế Tiêu', N'BX Mỹ Đình', N'Tế Tiêu', '05:00 - 22:00', N'10-15 phút/chuyến', 20000, 47.0, 1),
(96, '79', N'BX Sơn Tây - Đá Chông', N'BX Sơn Tây', N'Đá Chông', '05:00 - 22:00', N'10-15 phút/chuyến', 20000, 21.9, 1),
(97, '84', N'KĐT Mỹ Đình - KĐT Linh Đàm', N'KĐT Mỹ Đình', N'KĐT Linh Đàm', '05:00 - 22:00', N'10-15 phút/chuyến', 7000, 20.3, 1),
(98, '85', N'Công viên Nghĩa Đô - KĐT Văn Phú', N'Công viên Nghĩa Đô', N'KĐT Văn Phú', '05:00 - 22:00', N'10-15 phút/chuyến', 7000, 13.7, 1),
(99, '86', N'Ga Hà Nội - Bờ Hồ - Sân bay Nội Bài', N'Ga Hà Nội', N'Sân bay Nội Bài', '05:00 - 22:00', N'10-15 phút/chuyến', 30, 32.8, 1),
(100, '87', N'BX Mỹ Đình - Quốc Oai - Xuân Mai', N'BX Mỹ Đình', N'Xuân Mai', '05:00 - 22:00', N'10-15 phút/chuyến', 9000, 36.9, 1),
(101, '88', N'BX Mỹ Đình - Hòa Lạc - Xuân Mai', N'BX Mỹ Đình', N'Xuân Mai', '05:00 - 22:00', N'10-15 phút/chuyến', 9000, 47.7, 1),
(102, '89', N'BX Yên Nghĩa - Thạch Thất - BX Sơn Tây', N'BX Yên Nghĩa', N'BX Sơn Tây', '05:00 - 22:00', N'10-15 phút/chuyến', 9000, 43.2, 1),
(103, '90', N'Kim Mã - Cầu Nhật Tân - Sân bay Nội Bài', N'Kim Mã', N'Sân bay Nội Bài', '05:00 - 22:00', N'10-15 phút/chuyến', 9000, 32.5, 1),
(104, 'BRT01', N'Tuyến xe buýt nhanh BRT: Bến xe Yên Nghĩa - Kim Mã', N'Tuyến xe buýt nhanh BRT: Bến xe Yên Nghĩa', N'Kim Mã', '05:00 - 22:00', N'10-15 phút/chuyến', 7000, 14.77, 1);
SET IDENTITY_INSERT Routes OFF;
GO

-- 5. CHÈN BẢNG ROUTE_STOP (4425 Bản Ghi Mapping)
INSERT INTO Route_Stop (RouteID, StopID, StopOrder) VALUES 
(1, 1, 1),
(1, 2, 2),
(1, 3, 3),
(1, 4, 4),
(1, 5, 5),
(1, 6, 7),
(1, 7, 8),
(1, 8, 9),
(1, 9, 10),
(1, 10, 11),
(1, 11, 12),
(1, 12, 13),
(1, 13, 14),
(1, 14, 15),
(1, 15, 16),
(1, 16, 18),
(1, 17, 19),
(1, 18, 20),
(1, 19, 21),
(1, 20, 22),
(1, 21, 24),
(1, 22, 25),
(1, 23, 26),
(1, 24, 27),
(1, 25, 28),
(1, 26, 29),
(1, 27, 30),
(1, 28, 31),
(1, 29, 32),
(1, 30, 33),
(1, 31, 34),
(1, 32, 35),
(1, 33, 36),
(1, 34, 37),
(1, 35, 38),
(1, 36, 39),
(1, 37, 41),
(1, 38, 42),
(1, 39, 46),
(1, 40, 47),
(2, 41, 1),
(2, 42, 2),
(2, 43, 3),
(2, 44, 4),
(2, 45, 5),
(2, 46, 6),
(2, 47, 7),
(2, 48, 8),
(2, 49, 9),
(2, 50, 10),
(2, 51, 11),
(2, 52, 12),
(2, 53, 13),
(2, 54, 14),
(2, 55, 15),
(2, 17, 18),
(2, 18, 19),
(2, 19, 20),
(2, 20, 21),
(2, 21, 23),
(2, 22, 24),
(2, 23, 25),
(2, 24, 26),
(2, 25, 27),
(2, 26, 28),
(2, 27, 29),
(2, 28, 30),
(2, 29, 31),
(2, 30, 32),
(2, 31, 33),
(2, 32, 34),
(2, 33, 35),
(2, 34, 36),
(2, 35, 37),
(2, 36, 38),
(2, 37, 40),
(2, 38, 41),
(2, 39, 45),
(2, 40, 46),
(3, 56, 1),
(3, 57, 2),
(3, 58, 3),
(3, 59, 6),
(3, 60, 7),
(3, 61, 8),
(3, 62, 9),
(3, 14, 10),
(3, 63, 11),
(3, 64, 13),
(3, 65, 14),
(3, 66, 16),
(3, 67, 18),
(3, 68, 19),
(3, 69, 20),
(3, 70, 21),
(3, 71, 22),
(3, 72, 23),
(3, 73, 25),
(3, 74, 26),
(3, 75, 27),
(3, 5, 28),
(3, 76, 30),
(4, 56, 1),
(4, 57, 2),
(4, 58, 3),
(4, 59, 6),
(4, 60, 7),
(4, 61, 8),
(4, 62, 9),
(4, 14, 10),
(4, 63, 11),
(4, 64, 13),
(4, 65, 14),
(4, 66, 16),
(4, 67, 18),
(4, 68, 19),
(4, 69, 20),
(4, 70, 21),
(4, 71, 22),
(4, 72, 23),
(4, 73, 25),
(4, 2, 26),
(4, 5, 27),
(4, 77, 29),
(4, 78, 31),
(4, 79, 32),
(4, 80, 34),
(4, 81, 35),
(4, 82, 37),
(4, 83, 38),
(4, 84, 39),
(4, 85, 40),
(4, 86, 41),
(4, 87, 43),
(4, 88, 45),
(4, 89, 46),
(4, 90, 47),
(4, 91, 48),
(4, 92, 49),
(5, 93, 1),
(5, 6, 2),
(5, 94, 3),
(5, 95, 4),
(5, 96, 5),
(5, 97, 6),
(5, 98, 7),
(5, 99, 8),
(5, 100, 9),
(5, 101, 10),
(5, 102, 11),
(5, 103, 12),
(5, 104, 14),
(5, 105, 15),
(5, 106, 16),
(5, 62, 17),
(5, 107, 18),
(5, 108, 20),
(5, 109, 22),
(5, 110, 24),
(5, 111, 25),
(5, 112, 26),
(5, 113, 27),
(5, 114, 28),
(5, 115, 29),
(5, 116, 30),
(5, 117, 31),
(5, 118, 32),
(6, 119, 1),
(6, 120, 2),
(6, 121, 3),
(6, 122, 4),
(6, 123, 5),
(6, 124, 6),
(6, 125, 7),
(6, 126, 8),
(6, 62, 9),
(6, 127, 10),
(6, 128, 14),
(6, 20, 17),
(6, 129, 18),
(6, 130, 19),
(6, 131, 20),
(6, 132, 21),
(6, 133, 22),
(6, 134, 23),
(6, 135, 24),
(6, 136, 25),
(6, 137, 26),
(6, 138, 27),
(6, 139, 28),
(6, 140, 29),
(6, 141, 30),
(6, 142, 31),
(6, 143, 32),
(6, 144, 33),
(6, 145, 34),
(6, 146, 35),
(6, 147, 36),
(6, 148, 37),
(6, 149, 39),
(6, 150, 40),
(6, 151, 41),
(6, 152, 43),
(7, 56, 1),
(7, 153, 2),
(7, 154, 3),
(7, 58, 4),
(7, 62, 5),
(7, 117, 7),
(7, 155, 8),
(7, 156, 9),
(7, 157, 10),
(7, 158, 11),
(7, 159, 13),
(7, 160, 14),
(7, 161, 15),
(7, 162, 16),
(7, 163, 17),
(7, 164, 18),
(7, 165, 19),
(7, 166, 20),
(7, 167, 21),
(7, 168, 22),
(7, 169, 23),
(7, 170, 25),
(7, 171, 27),
(7, 172, 28),
(7, 173, 29),
(7, 174, 30),
(7, 175, 32),
(7, 176, 35),
(7, 177, 37),
(7, 178, 39),
(7, 179, 41),
(7, 180, 42),
(7, 181, 43),
(7, 182, 44),
(7, 183, 45),
(7, 184, 46),
(7, 185, 47),
(7, 186, 48),
(7, 187, 49),
(7, 188, 50),
(7, 189, 51),
(7, 190, 52),
(7, 191, 53),
(7, 192, 54),
(7, 193, 55),
(7, 194, 56),
(7, 195, 57),
(7, 196, 58),
(7, 197, 59),
(7, 198, 60),
(8, 56, 1),
(8, 153, 2),
(8, 154, 3),
(8, 58, 4),
(8, 62, 5),
(8, 117, 7),
(8, 155, 8),
(8, 156, 9),
(8, 157, 10),
(8, 158, 11),
(8, 159, 13),
(8, 160, 14),
(8, 161, 15),
(8, 162, 16),
(8, 163, 17),
(8, 164, 18),
(8, 165, 19),
(8, 166, 20),
(8, 167, 21),
(8, 168, 22),
(8, 169, 23),
(8, 170, 25),
(8, 171, 27),
(8, 172, 28),
(8, 173, 29),
(8, 174, 30),
(8, 175, 32),
(8, 176, 35),
(8, 177, 37),
(8, 199, 39),
(8, 200, 40),
(8, 201, 41),
(8, 202, 42),
(8, 203, 43),
(8, 204, 44),
(8, 205, 45),
(9, 56, 1),
(9, 153, 2),
(9, 154, 3),
(9, 58, 4),
(9, 62, 5),
(9, 117, 7),
(9, 155, 8),
(9, 156, 9),
(9, 157, 10),
(9, 158, 11),
(9, 159, 13),
(9, 160, 14),
(9, 161, 15),
(9, 162, 16),
(9, 163, 17),
(9, 164, 18),
(9, 165, 19),
(9, 166, 20),
(9, 167, 21),
(9, 168, 22),
(9, 169, 23),
(9, 170, 25),
(9, 171, 27),
(9, 172, 28),
(9, 173, 29),
(9, 174, 30),
(9, 175, 32),
(9, 176, 35),
(9, 177, 37),
(9, 178, 39),
(9, 179, 41),
(9, 180, 42),
(9, 181, 43),
(9, 182, 44),
(9, 183, 45),
(9, 184, 46),
(9, 185, 47),
(9, 186, 48),
(9, 187, 49),
(9, 188, 50),
(9, 189, 51),
(9, 206, 52),
(9, 201, 53),
(9, 207, 54),
(9, 208, 55),
(9, 203, 57),
(9, 209, 58),
(10, 56, 1),
(10, 153, 2),
(10, 154, 3),
(10, 58, 4),
(10, 62, 5),
(10, 117, 7),
(10, 155, 8),
(10, 156, 9),
(10, 157, 10),
(10, 158, 11),
(10, 159, 13),
(10, 160, 14),
(10, 161, 15),
(10, 162, 16),
(10, 163, 17),
(10, 164, 18),
(10, 165, 19),
(10, 166, 20),
(10, 167, 21),
(10, 168, 22),
(10, 169, 23),
(10, 170, 25),
(10, 171, 27),
(10, 172, 28),
(10, 173, 29),
(10, 174, 30),
(10, 175, 32),
(10, 176, 35),
(10, 177, 37),
(10, 178, 39),
(10, 179, 41),
(10, 180, 42),
(10, 181, 43),
(10, 182, 44),
(10, 183, 45),
(10, 184, 46),
(10, 185, 47),
(10, 186, 48),
(10, 187, 49),
(10, 188, 50),
(10, 189, 51),
(10, 190, 52),
(10, 191, 53),
(10, 192, 54),
(10, 193, 55),
(10, 210, 56),
(10, 211, 57),
(10, 212, 58),
(10, 213, 59),
(10, 214, 60),
(11, 56, 1),
(11, 153, 2),
(11, 154, 3),
(11, 58, 4),
(11, 62, 5),
(11, 117, 7),
(11, 155, 8),
(11, 156, 9),
(11, 157, 10),
(11, 158, 11),
(11, 159, 13),
(11, 160, 14),
(11, 161, 15),
(11, 162, 16),
(11, 163, 17),
(11, 164, 18),
(11, 165, 19),
(11, 166, 20),
(11, 167, 21),
(11, 168, 22),
(11, 169, 23),
(11, 170, 25),
(11, 171, 27),
(11, 172, 28),
(11, 173, 29),
(11, 174, 30),
(11, 175, 32),
(11, 176, 35),
(11, 177, 37),
(11, 178, 39),
(11, 179, 41),
(11, 180, 42),
(11, 181, 43),
(11, 182, 44),
(11, 183, 45),
(11, 184, 46),
(11, 185, 47),
(11, 215, 48),
(11, 216, 49),
(11, 201, 50),
(11, 217, 51),
(11, 218, 52),
(11, 219, 53),
(11, 220, 55),
(11, 221, 60),
(11, 222, 61),
(11, 223, 62),
(11, 224, 63),
(12, 225, 1),
(12, 226, 2),
(12, 227, 3),
(12, 228, 4),
(12, 229, 5),
(12, 230, 6),
(12, 231, 7),
(12, 232, 8),
(12, 233, 9),
(12, 234, 10),
(12, 235, 11),
(12, 160, 14),
(12, 236, 15),
(12, 237, 16),
(12, 238, 17),
(12, 239, 18),
(12, 240, 19),
(12, 241, 20),
(12, 242, 21),
(12, 243, 22),
(12, 244, 24),
(12, 245, 25),
(12, 246, 27),
(12, 247, 29),
(12, 248, 31),
(12, 249, 33),
(12, 250, 36),
(12, 251, 37),
(12, 252, 38),
(13, 93, 1),
(13, 6, 2),
(13, 94, 3),
(13, 95, 4),
(13, 253, 5),
(13, 254, 6),
(13, 255, 7),
(13, 256, 9),
(13, 257, 10),
(13, 258, 11),
(13, 259, 12),
(13, 260, 13),
(13, 261, 14),
(13, 262, 15),
(13, 58, 16),
(13, 62, 17),
(13, 153, 19),
(13, 154, 20),
(13, 117, 24),
(13, 155, 25),
(13, 156, 26),
(13, 157, 27),
(13, 158, 28),
(13, 159, 30),
(13, 160, 31),
(13, 161, 32),
(13, 162, 33),
(13, 163, 34),
(13, 164, 35),
(13, 165, 36),
(13, 263, 37),
(13, 264, 38),
(13, 265, 39),
(13, 266, 40),
(13, 267, 41),
(13, 268, 42),
(14, 269, 1);
INSERT INTO Route_Stop (RouteID, StopID, StopOrder) VALUES 
(14, 197, 2),
(14, 270, 3),
(14, 255, 4),
(14, 271, 5),
(14, 16, 6),
(14, 17, 7),
(14, 18, 8),
(14, 19, 9),
(14, 272, 10),
(14, 273, 11),
(14, 274, 12),
(14, 275, 14),
(14, 276, 15),
(14, 277, 16),
(14, 278, 17),
(14, 279, 18),
(14, 280, 19),
(14, 281, 20),
(14, 282, 22),
(14, 283, 23),
(14, 284, 24),
(14, 285, 25),
(14, 286, 26),
(14, 287, 28),
(14, 288, 29),
(14, 289, 30),
(14, 290, 32),
(14, 291, 33),
(14, 292, 34),
(14, 293, 35),
(14, 294, 36),
(14, 295, 37),
(15, 6, 1),
(15, 74, 2),
(15, 75, 3),
(15, 5, 4),
(15, 77, 6),
(15, 78, 8),
(15, 79, 9),
(15, 80, 11),
(15, 81, 12),
(15, 82, 14),
(15, 83, 15),
(15, 296, 16),
(15, 297, 17),
(15, 298, 18),
(15, 299, 20),
(15, 62, 23),
(15, 300, 24),
(15, 301, 25),
(15, 302, 26),
(15, 303, 27),
(15, 304, 28),
(15, 305, 29),
(15, 306, 30),
(15, 307, 31),
(15, 308, 32),
(16, 309, 1),
(16, 310, 2),
(16, 311, 3),
(16, 312, 4),
(16, 313, 5),
(16, 314, 6),
(16, 315, 7),
(16, 69, 8),
(16, 70, 9),
(16, 71, 10),
(16, 72, 11),
(16, 6, 13),
(16, 73, 14),
(16, 2, 15),
(16, 5, 16),
(16, 77, 18),
(16, 78, 20),
(16, 79, 21),
(16, 80, 23),
(16, 81, 24),
(16, 82, 26),
(16, 83, 27),
(16, 296, 28),
(16, 297, 29),
(16, 298, 30),
(16, 299, 31),
(16, 62, 34),
(16, 300, 35),
(16, 316, 36),
(16, 317, 37),
(16, 318, 38),
(16, 319, 39),
(16, 320, 40),
(16, 321, 41),
(16, 322, 42),
(16, 323, 43),
(16, 324, 44),
(16, 325, 45),
(17, 326, 1),
(17, 327, 2),
(17, 65, 3),
(17, 66, 4),
(17, 62, 6),
(17, 328, 7),
(17, 329, 8),
(17, 330, 9),
(17, 73, 10),
(17, 331, 11),
(17, 332, 12),
(17, 333, 13),
(17, 334, 14),
(17, 76, 16),
(17, 78, 17),
(17, 79, 18),
(17, 5, 19),
(17, 335, 20),
(17, 336, 21),
(17, 337, 22),
(17, 338, 23),
(17, 339, 24),
(17, 340, 26),
(17, 341, 28),
(17, 342, 29),
(17, 160, 30),
(17, 343, 31),
(17, 344, 32),
(17, 345, 33),
(17, 346, 36),
(18, 347, 1),
(18, 348, 2),
(18, 349, 3),
(18, 350, 5),
(18, 351, 6),
(18, 352, 7),
(18, 353, 8),
(18, 354, 9),
(18, 355, 10),
(18, 356, 11),
(18, 357, 13),
(18, 358, 15),
(18, 359, 16),
(18, 360, 17),
(18, 361, 18),
(18, 362, 20),
(18, 363, 21),
(18, 364, 22),
(18, 365, 23),
(18, 366, 25),
(18, 367, 26),
(18, 368, 27),
(18, 369, 28),
(18, 370, 29),
(18, 371, 30),
(18, 372, 31),
(18, 373, 32),
(18, 374, 33),
(18, 375, 34),
(18, 376, 35),
(18, 377, 36),
(18, 378, 37),
(18, 379, 38),
(18, 380, 39),
(18, 117, 40),
(18, 155, 41),
(18, 156, 42),
(18, 157, 43),
(18, 158, 44),
(18, 159, 46),
(18, 160, 47),
(18, 161, 48),
(18, 162, 49),
(18, 163, 50),
(18, 164, 51),
(18, 165, 52),
(18, 381, 53),
(18, 382, 54),
(18, 383, 55),
(18, 384, 56),
(18, 385, 57),
(18, 386, 58),
(18, 387, 59),
(18, 388, 60),
(19, 389, 1),
(19, 235, 2),
(19, 390, 3),
(19, 391, 4),
(19, 392, 5),
(19, 393, 6),
(19, 160, 9),
(19, 394, 10),
(19, 395, 12),
(19, 396, 13),
(19, 397, 14),
(19, 231, 15),
(19, 398, 16),
(19, 399, 17),
(19, 400, 18),
(19, 401, 19),
(19, 402, 20),
(19, 234, 22),
(19, 403, 23),
(19, 404, 24),
(19, 148, 25),
(19, 405, 26),
(19, 149, 27),
(19, 150, 28),
(19, 406, 32),
(19, 407, 35),
(20, 269, 1),
(20, 330, 2),
(20, 6, 3),
(20, 408, 4),
(20, 409, 5),
(20, 410, 6),
(20, 411, 7),
(20, 412, 8),
(20, 413, 9),
(20, 397, 12),
(20, 231, 13),
(20, 229, 14),
(20, 230, 15),
(20, 232, 17),
(20, 233, 18),
(20, 234, 19),
(20, 235, 20),
(21, 1, 1),
(21, 78, 2),
(21, 79, 3),
(21, 5, 4),
(21, 80, 5),
(21, 81, 6),
(21, 82, 8),
(21, 83, 9),
(21, 296, 10),
(21, 297, 11),
(21, 298, 12),
(21, 414, 13),
(21, 415, 14),
(21, 416, 15),
(21, 417, 16),
(21, 418, 17),
(21, 168, 18),
(21, 419, 19),
(21, 420, 21),
(21, 421, 23),
(21, 422, 24),
(21, 423, 25),
(21, 424, 27),
(21, 425, 29),
(21, 426, 31),
(21, 427, 33),
(21, 428, 35),
(21, 429, 36),
(21, 160, 38),
(21, 430, 39),
(21, 431, 41),
(21, 432, 43),
(21, 433, 45),
(21, 434, 47),
(21, 174, 48),
(21, 435, 50),
(21, 436, 51),
(21, 437, 53),
(21, 438, 55),
(21, 439, 57),
(21, 440, 59),
(21, 197, 61),
(21, 441, 62),
(21, 442, 64),
(21, 443, 66),
(21, 444, 68),
(21, 445, 70),
(21, 446, 72),
(21, 447, 73),
(21, 448, 74),
(21, 449, 76),
(21, 450, 78),
(21, 451, 80),
(21, 452, 83),
(22, 453, 1),
(22, 222, 2),
(22, 454, 3),
(22, 455, 4),
(22, 456, 5),
(22, 457, 6),
(22, 458, 7),
(22, 459, 8),
(22, 62, 9),
(22, 460, 10),
(22, 461, 12),
(22, 273, 14),
(22, 462, 17),
(22, 272, 23),
(22, 463, 25),
(22, 262, 28),
(22, 58, 29),
(22, 153, 32),
(22, 154, 33),
(22, 464, 37),
(22, 465, 38),
(22, 466, 40),
(22, 56, 41),
(22, 57, 42),
(22, 467, 45),
(22, 468, 47),
(22, 469, 48),
(22, 274, 52),
(22, 470, 54),
(22, 226, 58),
(22, 471, 59),
(22, 472, 60),
(22, 473, 61),
(22, 474, 62),
(22, 475, 63),
(22, 476, 64),
(22, 477, 66),
(22, 478, 67),
(22, 479, 68),
(23, 93, 1),
(23, 6, 2),
(23, 73, 3),
(23, 74, 4),
(23, 75, 5),
(23, 5, 6),
(23, 77, 8),
(23, 78, 10),
(23, 79, 11),
(23, 80, 13),
(23, 81, 14),
(23, 82, 16),
(23, 83, 17),
(23, 296, 18),
(23, 297, 19),
(23, 298, 20),
(23, 414, 21),
(23, 415, 22),
(23, 416, 23),
(23, 417, 24),
(23, 160, 25),
(23, 480, 26),
(23, 481, 27),
(23, 482, 28),
(23, 483, 29),
(23, 484, 30),
(23, 485, 31),
(23, 383, 32),
(23, 486, 33),
(23, 487, 34),
(23, 488, 35),
(23, 489, 36),
(23, 426, 37),
(23, 168, 38),
(23, 427, 39),
(23, 428, 41),
(23, 429, 42),
(23, 430, 45),
(23, 431, 47),
(23, 432, 49),
(23, 490, 51),
(23, 174, 52),
(23, 491, 54),
(23, 492, 56),
(23, 493, 58),
(23, 494, 60),
(23, 495, 62),
(23, 496, 64),
(23, 497, 65),
(24, 498, 1),
(24, 261, 2),
(24, 59, 3),
(24, 60, 4),
(24, 499, 5),
(24, 500, 6),
(24, 501, 7),
(24, 502, 8),
(24, 503, 9),
(24, 363, 10),
(24, 19, 11),
(24, 504, 12),
(24, 505, 13),
(24, 506, 14),
(24, 507, 16),
(24, 275, 17),
(24, 508, 18),
(24, 509, 20),
(24, 510, 22),
(24, 511, 23),
(24, 283, 24),
(24, 512, 25),
(24, 513, 26),
(24, 62, 27),
(24, 52, 28),
(24, 514, 29),
(24, 515, 32),
(24, 73, 33),
(24, 94, 34),
(24, 95, 35),
(24, 96, 36),
(24, 97, 37),
(24, 98, 38),
(24, 99, 39),
(24, 516, 40),
(24, 517, 41),
(24, 518, 42),
(24, 519, 43),
(24, 258, 44),
(24, 259, 45),
(25, 41, 1),
(25, 520, 2),
(25, 521, 3),
(25, 522, 4),
(25, 523, 5),
(25, 524, 6),
(25, 525, 7),
(25, 526, 8),
(25, 527, 9),
(25, 528, 10),
(25, 529, 11),
(25, 309, 12),
(25, 530, 14),
(25, 531, 15),
(25, 532, 17),
(25, 533, 19),
(25, 463, 20),
(25, 468, 21),
(25, 469, 22),
(25, 272, 24),
(25, 273, 25),
(25, 20, 26),
(25, 534, 27),
(25, 21, 30),
(25, 22, 31),
(25, 23, 32),
(25, 24, 33),
(25, 25, 34),
(25, 26, 35),
(25, 27, 36),
(25, 28, 37),
(25, 29, 38),
(25, 30, 39),
(25, 31, 40),
(25, 32, 41),
(25, 535, 42),
(25, 536, 43),
(25, 537, 44),
(25, 538, 45),
(25, 539, 46),
(25, 540, 47),
(25, 541, 48),
(25, 542, 49),
(25, 543, 50),
(25, 544, 51),
(25, 545, 52),
(25, 546, 53),
(25, 547, 54),
(25, 548, 55),
(25, 549, 56),
(26, 226, 1),
(26, 471, 2),
(26, 472, 3),
(26, 473, 4),
(26, 474, 5),
(26, 475, 6),
(26, 476, 7),
(26, 403, 9),
(26, 404, 10),
(26, 148, 11),
(26, 550, 12),
(26, 551, 13),
(26, 552, 14),
(26, 553, 15),
(26, 554, 16),
(26, 555, 17),
(26, 508, 18),
(26, 556, 19),
(26, 557, 20),
(26, 558, 21),
(26, 559, 22),
(26, 560, 23),
(26, 561, 24),
(26, 562, 25),
(26, 563, 26),
(26, 564, 27),
(26, 565, 28),
(26, 566, 29),
(26, 567, 30),
(27, 226, 1),
(27, 471, 2),
(27, 472, 3),
(27, 473, 4),
(27, 474, 5),
(27, 475, 6),
(27, 476, 7),
(27, 403, 9),
(27, 404, 10),
(27, 148, 11),
(27, 550, 12),
(27, 551, 13),
(27, 552, 14),
(27, 553, 15),
(27, 554, 16),
(27, 555, 17),
(27, 508, 18);
INSERT INTO Route_Stop (RouteID, StopID, StopOrder) VALUES 
(27, 556, 19),
(27, 557, 20),
(27, 558, 21),
(27, 559, 22),
(27, 560, 23),
(27, 561, 24),
(27, 562, 25),
(27, 563, 26),
(27, 564, 27),
(27, 565, 28),
(27, 566, 29),
(27, 567, 30),
(27, 568, 31),
(27, 569, 32),
(27, 570, 33),
(27, 571, 34),
(27, 572, 36),
(27, 573, 37),
(27, 574, 38),
(27, 575, 39),
(27, 576, 40),
(27, 577, 41),
(27, 578, 42),
(27, 579, 43),
(27, 580, 44),
(27, 581, 45),
(27, 582, 46),
(27, 583, 47),
(27, 584, 48),
(27, 585, 49),
(27, 586, 50),
(27, 587, 52),
(28, 588, 1),
(28, 244, 2),
(28, 235, 3),
(28, 589, 4),
(28, 590, 5),
(28, 591, 6),
(28, 592, 7),
(28, 593, 10),
(28, 594, 11),
(28, 595, 12),
(28, 596, 13),
(28, 597, 14),
(28, 598, 15),
(28, 599, 16),
(28, 600, 17),
(28, 601, 18),
(28, 602, 19),
(28, 603, 20),
(28, 604, 21),
(28, 605, 23),
(28, 606, 24),
(28, 607, 25),
(28, 608, 26),
(28, 609, 27),
(28, 610, 28),
(28, 611, 29),
(28, 612, 31),
(28, 613, 32),
(28, 614, 33),
(28, 615, 34),
(28, 160, 35),
(28, 616, 36),
(28, 617, 37),
(28, 618, 38),
(29, 56, 1),
(29, 57, 2),
(29, 58, 3),
(29, 467, 5),
(29, 59, 6),
(29, 60, 7),
(29, 61, 8),
(29, 619, 9),
(29, 620, 10),
(29, 503, 11),
(29, 363, 12),
(29, 19, 13),
(29, 20, 14),
(29, 21, 16),
(29, 22, 17),
(29, 23, 18),
(29, 24, 19),
(29, 25, 20),
(29, 26, 21),
(29, 27, 22),
(29, 28, 23),
(29, 29, 24),
(29, 30, 25),
(29, 31, 26),
(29, 32, 27),
(29, 33, 28),
(29, 34, 29),
(29, 35, 30),
(29, 36, 31),
(29, 37, 33),
(29, 38, 34),
(29, 39, 38),
(29, 40, 39),
(30, 621, 1),
(30, 622, 2),
(30, 623, 3),
(30, 465, 4),
(30, 58, 5),
(30, 466, 6),
(30, 56, 7),
(30, 57, 8),
(30, 467, 11),
(30, 59, 12),
(30, 60, 13),
(30, 61, 14),
(30, 619, 15),
(30, 620, 16),
(30, 503, 17),
(30, 363, 18),
(30, 19, 19),
(30, 20, 20),
(30, 21, 22),
(30, 22, 23),
(30, 23, 24),
(30, 24, 25),
(30, 25, 26),
(30, 26, 27),
(30, 27, 28),
(30, 28, 29),
(30, 29, 30),
(30, 30, 31),
(30, 31, 32),
(30, 32, 33),
(30, 33, 34),
(30, 34, 35),
(30, 35, 36),
(30, 36, 37),
(30, 37, 39),
(30, 38, 40),
(30, 39, 44),
(30, 40, 45),
(31, 2, 1),
(31, 3, 2),
(31, 4, 3),
(31, 5, 4),
(31, 6, 6),
(31, 408, 7),
(31, 409, 8),
(31, 197, 9),
(31, 624, 10),
(31, 625, 11),
(31, 626, 12),
(31, 627, 13),
(31, 283, 14),
(32, 628, 1),
(32, 62, 2),
(32, 629, 3),
(32, 630, 4),
(32, 631, 5),
(32, 632, 6),
(32, 633, 7),
(32, 634, 8),
(32, 635, 9),
(32, 30, 10),
(32, 636, 11),
(32, 637, 12),
(32, 638, 13),
(32, 639, 14),
(32, 235, 15),
(32, 197, 16),
(32, 640, 17),
(32, 641, 18),
(32, 642, 19),
(32, 643, 20),
(32, 644, 23),
(32, 645, 25),
(32, 646, 26),
(32, 647, 27),
(32, 648, 28),
(32, 160, 29),
(32, 649, 30),
(32, 455, 31),
(33, 650, 1),
(33, 651, 2),
(33, 652, 3),
(33, 653, 4),
(33, 654, 5),
(33, 628, 6),
(33, 62, 7),
(33, 629, 8),
(33, 630, 9),
(33, 631, 10),
(33, 632, 11),
(33, 633, 12),
(33, 634, 13),
(33, 535, 14),
(33, 536, 15),
(33, 537, 16),
(33, 538, 17),
(33, 539, 18),
(33, 540, 19),
(33, 541, 20),
(33, 542, 21),
(33, 543, 22),
(33, 655, 23),
(34, 656, 1),
(34, 657, 2),
(34, 658, 3),
(34, 256, 4),
(34, 659, 5),
(34, 660, 6),
(34, 259, 7),
(34, 258, 8),
(34, 499, 9),
(34, 500, 10),
(34, 501, 11),
(34, 502, 12),
(34, 503, 13),
(34, 363, 14),
(34, 661, 15),
(34, 19, 16),
(34, 662, 17),
(34, 663, 18),
(34, 664, 19),
(34, 665, 20),
(34, 666, 21),
(34, 667, 23),
(34, 509, 24),
(34, 507, 25),
(34, 510, 26),
(34, 668, 27),
(34, 669, 28),
(34, 513, 29),
(34, 670, 30),
(34, 514, 31),
(34, 62, 33),
(34, 515, 34),
(34, 73, 35),
(34, 94, 36),
(34, 95, 37),
(34, 96, 38),
(34, 97, 39),
(34, 65, 40),
(34, 671, 42),
(34, 672, 43),
(35, 93, 1),
(35, 6, 2),
(35, 673, 3),
(35, 674, 4),
(35, 675, 5),
(35, 676, 6),
(35, 677, 7),
(35, 525, 8),
(35, 526, 9),
(35, 527, 10),
(35, 528, 11),
(35, 309, 12),
(35, 530, 15),
(35, 531, 16),
(35, 532, 18),
(35, 533, 20),
(35, 463, 21),
(35, 468, 22),
(35, 469, 23),
(35, 272, 25),
(35, 273, 26),
(35, 274, 27),
(35, 470, 29),
(36, 678, 1),
(36, 234, 2),
(36, 679, 4),
(36, 680, 5),
(36, 62, 8),
(36, 392, 10),
(36, 393, 11),
(36, 160, 14),
(36, 394, 15),
(36, 395, 17),
(36, 396, 18),
(36, 681, 20),
(36, 231, 21),
(36, 682, 23),
(36, 348, 26),
(36, 350, 27),
(36, 351, 28),
(36, 683, 29),
(36, 283, 30),
(36, 684, 31),
(36, 55, 32),
(36, 685, 35),
(36, 686, 38),
(36, 687, 39),
(36, 688, 40),
(36, 58, 41),
(36, 689, 42),
(36, 262, 44),
(36, 690, 47),
(36, 56, 48),
(37, 691, 1),
(37, 692, 2),
(37, 693, 3),
(37, 62, 6),
(37, 694, 7),
(37, 695, 8),
(37, 696, 9),
(37, 102, 10),
(37, 697, 11),
(37, 698, 12),
(37, 519, 13),
(37, 259, 14),
(37, 258, 15),
(37, 61, 16),
(37, 619, 17),
(37, 620, 18),
(37, 503, 19),
(37, 363, 20),
(37, 361, 21),
(37, 699, 23),
(37, 276, 24),
(37, 277, 25),
(37, 278, 26),
(37, 700, 27),
(37, 701, 28),
(37, 702, 29),
(37, 703, 30),
(37, 704, 31),
(37, 705, 32),
(37, 226, 33),
(37, 471, 34),
(37, 472, 35),
(37, 473, 36),
(37, 474, 37),
(37, 475, 38),
(37, 476, 39),
(37, 403, 41),
(37, 404, 42),
(37, 706, 43),
(37, 707, 44),
(37, 628, 45),
(37, 708, 46),
(38, 709, 1),
(38, 710, 2),
(38, 35, 3),
(38, 711, 4),
(38, 712, 8),
(38, 635, 10),
(38, 30, 11),
(38, 636, 12),
(38, 637, 13),
(38, 713, 14),
(38, 714, 15),
(38, 20, 16),
(38, 715, 17),
(38, 716, 19),
(38, 717, 20),
(38, 718, 22),
(38, 197, 24),
(38, 719, 25),
(38, 720, 26),
(38, 272, 28),
(38, 273, 29),
(38, 274, 30),
(38, 470, 32),
(38, 357, 34),
(38, 353, 35),
(38, 278, 36),
(38, 700, 37),
(38, 721, 39),
(38, 705, 40),
(38, 226, 41),
(38, 471, 42),
(38, 722, 43),
(38, 723, 44),
(38, 400, 45),
(38, 401, 46),
(38, 402, 47),
(38, 234, 49),
(38, 235, 50),
(39, 724, 1),
(39, 56, 2),
(39, 57, 3),
(39, 58, 4),
(39, 59, 7),
(39, 60, 8),
(39, 61, 9),
(39, 685, 10),
(39, 725, 13),
(39, 667, 14),
(39, 726, 15),
(39, 727, 16),
(39, 668, 17),
(39, 721, 19),
(39, 705, 20),
(39, 226, 21),
(39, 471, 22),
(39, 398, 23),
(39, 399, 24),
(39, 728, 25),
(39, 729, 26),
(39, 730, 27),
(39, 731, 28),
(39, 732, 29),
(39, 733, 30),
(39, 235, 31),
(39, 234, 32),
(39, 734, 34),
(39, 735, 35),
(39, 736, 36),
(39, 737, 37),
(39, 738, 38),
(39, 739, 39),
(40, 724, 1),
(40, 56, 2),
(40, 153, 3),
(40, 154, 4),
(40, 58, 5),
(40, 62, 6),
(40, 740, 8),
(40, 741, 9),
(40, 375, 10),
(40, 123, 11),
(40, 124, 12),
(40, 742, 13),
(40, 743, 14),
(40, 383, 15),
(40, 744, 16),
(40, 745, 17),
(40, 746, 18),
(40, 747, 19),
(40, 717, 20),
(40, 20, 21),
(40, 129, 22),
(40, 130, 23),
(40, 131, 24),
(40, 132, 25),
(40, 133, 26),
(40, 86, 27),
(40, 748, 28),
(40, 647, 29),
(40, 648, 30),
(40, 160, 31),
(40, 649, 32),
(40, 455, 33),
(40, 456, 34),
(40, 403, 35),
(40, 404, 36),
(40, 148, 37),
(40, 550, 38),
(40, 551, 39),
(40, 552, 40),
(40, 553, 41),
(40, 554, 42),
(40, 555, 43),
(40, 508, 44),
(40, 556, 45),
(40, 557, 46),
(40, 558, 47),
(40, 559, 48),
(40, 560, 49),
(40, 561, 50),
(40, 749, 51),
(40, 235, 52),
(41, 691, 1),
(41, 692, 2),
(41, 693, 3),
(41, 62, 6),
(41, 694, 7),
(41, 695, 8),
(41, 696, 9),
(41, 102, 10),
(41, 750, 11),
(41, 100, 12),
(41, 751, 13),
(41, 752, 15),
(41, 271, 16),
(41, 16, 17),
(41, 725, 18),
(41, 753, 19),
(41, 235, 20),
(41, 699, 21),
(41, 754, 22),
(41, 275, 23),
(41, 755, 24),
(41, 756, 25),
(41, 757, 26),
(41, 758, 27),
(41, 759, 28),
(41, 131, 29),
(41, 132, 30),
(41, 133, 31),
(41, 86, 32),
(41, 748, 33),
(41, 647, 34),
(41, 648, 35),
(41, 160, 36),
(41, 649, 37),
(41, 455, 38),
(42, 760, 1),
(42, 761, 2),
(42, 660, 3),
(42, 762, 4),
(42, 763, 6),
(42, 62, 7),
(42, 328, 8);
INSERT INTO Route_Stop (RouteID, StopID, StopOrder) VALUES 
(42, 329, 9),
(42, 330, 10),
(42, 6, 11),
(42, 764, 12),
(42, 765, 13),
(42, 766, 14),
(42, 767, 15),
(42, 768, 17),
(42, 769, 19),
(42, 770, 25),
(42, 391, 26),
(42, 771, 27),
(42, 772, 28),
(42, 773, 30),
(42, 774, 33),
(42, 775, 34),
(42, 776, 35),
(42, 777, 36),
(42, 778, 37),
(42, 736, 38),
(42, 737, 39),
(42, 738, 40),
(42, 739, 41),
(43, 724, 1),
(43, 56, 2),
(43, 779, 3),
(43, 57, 4),
(43, 58, 5),
(43, 59, 8),
(43, 60, 9),
(43, 61, 10),
(43, 62, 11),
(43, 14, 12),
(43, 63, 13),
(43, 780, 15),
(43, 781, 16),
(43, 782, 17),
(43, 51, 18),
(43, 52, 19),
(43, 626, 20),
(43, 783, 21),
(43, 283, 22),
(43, 784, 25),
(43, 785, 26),
(43, 721, 27),
(43, 705, 28),
(43, 226, 29),
(43, 471, 30),
(43, 472, 31),
(43, 473, 32),
(43, 474, 33),
(43, 475, 34),
(43, 476, 35),
(43, 403, 37),
(43, 404, 38),
(43, 148, 39),
(43, 550, 40),
(43, 551, 41),
(43, 552, 42),
(43, 553, 43),
(43, 554, 44),
(43, 786, 45),
(44, 787, 1),
(44, 710, 2),
(44, 788, 3),
(44, 789, 4),
(44, 35, 5),
(44, 711, 6),
(44, 712, 10),
(44, 635, 12),
(44, 30, 13),
(44, 636, 14),
(44, 637, 15),
(44, 713, 16),
(44, 714, 17),
(44, 20, 18),
(44, 715, 19),
(44, 790, 21),
(44, 716, 22),
(44, 791, 23),
(44, 792, 24),
(44, 793, 25),
(44, 794, 26),
(44, 62, 27),
(44, 197, 28),
(44, 644, 29),
(44, 235, 30),
(44, 645, 31),
(44, 646, 32),
(44, 647, 33),
(44, 648, 34),
(44, 160, 35),
(44, 649, 36),
(44, 455, 37),
(44, 456, 38),
(44, 795, 39),
(44, 234, 40),
(44, 233, 41),
(44, 796, 42),
(44, 797, 43),
(44, 798, 44),
(44, 231, 45),
(44, 799, 47),
(44, 393, 49),
(44, 800, 50),
(44, 222, 51),
(44, 394, 52),
(44, 801, 53),
(45, 802, 1),
(45, 222, 2),
(45, 803, 3),
(45, 804, 4),
(45, 456, 5),
(45, 457, 6),
(45, 458, 7),
(45, 459, 8),
(45, 282, 9),
(45, 283, 10),
(45, 683, 11),
(45, 511, 13),
(45, 512, 15),
(45, 513, 16),
(45, 670, 17),
(45, 805, 18),
(45, 294, 19),
(45, 62, 20),
(45, 806, 21),
(45, 807, 22),
(45, 328, 24),
(45, 329, 25),
(45, 330, 26),
(45, 73, 27),
(45, 74, 28),
(45, 75, 29),
(45, 5, 30),
(45, 76, 32),
(46, 42, 1),
(46, 43, 2),
(46, 65, 3),
(46, 808, 5),
(46, 255, 6),
(46, 256, 8),
(46, 809, 9),
(46, 619, 10),
(46, 620, 11),
(46, 503, 12),
(46, 363, 13),
(46, 361, 14),
(46, 699, 16),
(46, 276, 17),
(46, 277, 18),
(46, 356, 19),
(46, 353, 20),
(46, 810, 21),
(46, 811, 23),
(46, 197, 24),
(46, 644, 25),
(46, 235, 26),
(46, 645, 27),
(46, 646, 28),
(46, 647, 29),
(46, 648, 30),
(46, 160, 31),
(46, 649, 32),
(46, 804, 33),
(46, 456, 34),
(46, 795, 35),
(46, 234, 36),
(47, 234, 1),
(47, 160, 3),
(47, 236, 4),
(47, 237, 5),
(47, 238, 6),
(47, 239, 7),
(47, 240, 8),
(47, 241, 9),
(47, 242, 10),
(47, 243, 11),
(47, 244, 13),
(47, 812, 14),
(47, 813, 15),
(47, 814, 16),
(47, 815, 17),
(47, 816, 18),
(47, 817, 19),
(47, 818, 20),
(47, 819, 21),
(47, 820, 22),
(47, 821, 23),
(47, 822, 24),
(47, 823, 25),
(47, 824, 26),
(47, 825, 27),
(47, 826, 28),
(47, 827, 29),
(47, 828, 30),
(47, 829, 31),
(47, 830, 32),
(47, 831, 33),
(48, 93, 1),
(48, 6, 2),
(48, 7, 3),
(48, 8, 4),
(48, 9, 5),
(48, 10, 6),
(48, 294, 7),
(48, 255, 8),
(48, 256, 10),
(48, 257, 11),
(48, 832, 14),
(48, 154, 18),
(48, 58, 19),
(48, 62, 20),
(48, 740, 22),
(48, 741, 23),
(48, 375, 24),
(48, 376, 25),
(48, 377, 26),
(49, 724, 1),
(49, 833, 2),
(49, 153, 3),
(49, 154, 4),
(49, 58, 5),
(49, 62, 6),
(49, 834, 8),
(49, 835, 9),
(49, 120, 10),
(49, 121, 11),
(49, 122, 12),
(49, 123, 13),
(49, 124, 14),
(49, 836, 15),
(49, 837, 16),
(49, 838, 17),
(49, 839, 18),
(49, 840, 19),
(49, 841, 20),
(49, 842, 21),
(49, 629, 23),
(49, 630, 24),
(49, 631, 25),
(49, 632, 26),
(49, 633, 27),
(49, 843, 28),
(49, 844, 29),
(49, 845, 32),
(49, 37, 33),
(49, 38, 34),
(49, 35, 35),
(49, 39, 38),
(49, 40, 39),
(49, 846, 40),
(49, 847, 41),
(49, 848, 42),
(49, 849, 43),
(49, 850, 44),
(49, 851, 45),
(49, 852, 46),
(49, 853, 47),
(50, 678, 1),
(50, 244, 2),
(50, 854, 3),
(50, 234, 4),
(50, 855, 5),
(50, 233, 6),
(50, 796, 7),
(50, 797, 8),
(50, 798, 9),
(50, 231, 10),
(50, 856, 12),
(50, 230, 13),
(50, 348, 14),
(50, 349, 15),
(50, 857, 17),
(50, 282, 18),
(50, 283, 19),
(50, 683, 20),
(50, 511, 22),
(50, 512, 24),
(50, 513, 25),
(50, 13, 26),
(50, 14, 27),
(50, 64, 28),
(50, 65, 29),
(50, 255, 31),
(50, 256, 33),
(50, 257, 34),
(50, 309, 37),
(50, 858, 38),
(50, 859, 39),
(50, 104, 40),
(50, 105, 41),
(50, 62, 42),
(50, 693, 43),
(51, 347, 1),
(51, 722, 2),
(51, 723, 3),
(51, 860, 4),
(51, 729, 5),
(51, 861, 6),
(51, 160, 7),
(51, 862, 8),
(51, 139, 9),
(51, 140, 10),
(51, 222, 11),
(51, 803, 12),
(51, 628, 13),
(51, 648, 14),
(51, 863, 16),
(51, 197, 17),
(51, 864, 18),
(51, 791, 19),
(51, 865, 21),
(51, 22, 23),
(51, 23, 24),
(51, 24, 25),
(51, 25, 26),
(51, 26, 27),
(51, 27, 28),
(51, 28, 29),
(51, 866, 30),
(51, 867, 31),
(51, 868, 32),
(51, 869, 33),
(51, 870, 34),
(51, 871, 35),
(51, 872, 36),
(51, 873, 37),
(51, 874, 38),
(51, 875, 39),
(51, 876, 40),
(51, 877, 41),
(51, 878, 42),
(51, 879, 43),
(51, 880, 44),
(51, 881, 45),
(51, 882, 46),
(51, 883, 47),
(51, 157, 48),
(51, 884, 49),
(52, 327, 1),
(52, 885, 2),
(52, 781, 3),
(52, 782, 4),
(52, 293, 5),
(52, 294, 6),
(52, 62, 7),
(52, 806, 8),
(52, 807, 9),
(52, 328, 11),
(52, 329, 12),
(52, 330, 13),
(52, 73, 14),
(52, 2, 15),
(52, 5, 16),
(52, 77, 18),
(52, 78, 20),
(52, 79, 21),
(52, 335, 23),
(52, 336, 24),
(52, 337, 25),
(52, 338, 26),
(52, 339, 27),
(52, 340, 29),
(52, 341, 31),
(52, 342, 32),
(52, 160, 33),
(52, 343, 34),
(52, 344, 35),
(52, 886, 36),
(52, 887, 37),
(52, 168, 38),
(52, 888, 39),
(52, 889, 40),
(52, 890, 41),
(52, 891, 42),
(52, 892, 43),
(52, 893, 44),
(53, 327, 1),
(53, 885, 2),
(53, 781, 3),
(53, 782, 4),
(53, 293, 5),
(53, 294, 6),
(53, 62, 7),
(53, 806, 8),
(53, 807, 9),
(53, 328, 11),
(53, 329, 12),
(53, 330, 13),
(53, 73, 14),
(53, 2, 15),
(53, 5, 16),
(53, 77, 18),
(53, 78, 20),
(53, 79, 21),
(53, 335, 23),
(53, 336, 24),
(53, 337, 25),
(53, 338, 26),
(53, 339, 27),
(53, 340, 29),
(53, 341, 31),
(53, 342, 32),
(53, 160, 33),
(53, 343, 34),
(53, 344, 35),
(53, 886, 36),
(53, 887, 37),
(53, 168, 38),
(53, 888, 39),
(53, 889, 40),
(53, 890, 41),
(53, 891, 42),
(53, 892, 43),
(53, 893, 44),
(53, 894, 45),
(53, 757, 46),
(53, 895, 47),
(54, 896, 1),
(54, 897, 2),
(54, 768, 3),
(54, 898, 5),
(54, 767, 6),
(54, 899, 7),
(54, 900, 8),
(54, 901, 9),
(54, 6, 10),
(54, 408, 11),
(54, 409, 12),
(54, 902, 13),
(54, 53, 14),
(54, 54, 15),
(54, 55, 16),
(54, 903, 19),
(54, 16, 20),
(54, 14, 21),
(54, 688, 23),
(54, 58, 24),
(54, 689, 25),
(54, 262, 27),
(54, 62, 29),
(54, 690, 30),
(54, 56, 31),
(54, 724, 32),
(54, 57, 34),
(54, 59, 38),
(54, 60, 39),
(54, 61, 40),
(54, 63, 43),
(54, 780, 45),
(54, 904, 46),
(54, 905, 49),
(54, 668, 51),
(54, 669, 52),
(54, 764, 54),
(54, 765, 55),
(54, 766, 56),
(54, 769, 61),
(55, 906, 1),
(55, 692, 2),
(55, 693, 3),
(55, 62, 6),
(55, 694, 7),
(55, 695, 8),
(55, 696, 9),
(55, 102, 10),
(55, 750, 11),
(55, 100, 12),
(55, 751, 13),
(55, 67, 14),
(55, 68, 15),
(55, 69, 16),
(55, 70, 17),
(55, 71, 18),
(55, 72, 19),
(55, 2, 21),
(55, 5, 22),
(55, 77, 24),
(55, 78, 26),
(55, 79, 27),
(55, 80, 29),
(55, 81, 30),
(56, 326, 1),
(56, 327, 2),
(56, 65, 3),
(56, 66, 4),
(56, 67, 6),
(56, 68, 7),
(56, 69, 8),
(56, 70, 9),
(56, 71, 10),
(56, 72, 11),
(56, 2, 13),
(56, 5, 14),
(56, 77, 16),
(56, 78, 18),
(56, 79, 19),
(56, 80, 21),
(56, 81, 22);
INSERT INTO Route_Stop (RouteID, StopID, StopOrder) VALUES 
(56, 82, 24),
(56, 83, 25),
(56, 296, 26),
(56, 297, 27),
(56, 298, 28),
(56, 414, 29),
(56, 415, 30),
(56, 416, 31),
(56, 417, 32),
(56, 418, 33),
(56, 168, 34),
(56, 419, 35),
(56, 420, 37),
(56, 421, 39),
(56, 422, 40),
(56, 197, 41),
(56, 907, 42),
(56, 423, 44),
(56, 424, 46),
(56, 425, 48),
(56, 908, 50),
(56, 668, 51),
(56, 909, 52),
(56, 910, 53),
(57, 41, 1),
(57, 98, 2),
(57, 99, 3),
(57, 516, 4),
(57, 809, 5),
(57, 619, 6),
(57, 620, 7),
(57, 503, 8),
(57, 363, 9),
(57, 19, 10),
(57, 20, 11),
(57, 534, 12),
(57, 129, 15),
(57, 130, 16),
(57, 131, 17),
(57, 811, 18),
(57, 197, 19),
(57, 644, 20),
(57, 235, 21),
(57, 645, 22),
(57, 646, 23),
(57, 647, 24),
(57, 648, 25),
(57, 160, 26),
(57, 649, 27),
(57, 455, 28),
(58, 309, 1),
(58, 310, 2),
(58, 311, 3),
(58, 312, 4),
(58, 313, 5),
(58, 911, 6),
(58, 912, 7),
(58, 913, 8),
(58, 914, 9),
(58, 630, 10),
(58, 915, 11),
(58, 522, 12),
(58, 42, 13),
(58, 43, 14),
(58, 44, 15),
(58, 916, 16),
(58, 254, 17),
(58, 47, 18),
(58, 48, 19),
(58, 49, 20),
(58, 50, 21),
(58, 902, 22),
(58, 917, 23),
(58, 918, 24),
(58, 919, 25),
(58, 410, 26),
(58, 411, 27),
(58, 412, 28),
(58, 413, 29),
(58, 397, 32),
(58, 231, 33),
(58, 229, 34),
(58, 230, 35),
(58, 232, 37),
(58, 233, 38),
(58, 234, 39),
(58, 235, 40),
(59, 802, 1),
(59, 222, 2),
(59, 803, 3),
(59, 160, 4),
(59, 649, 5),
(59, 804, 6),
(59, 456, 7),
(59, 795, 8),
(59, 234, 9),
(59, 235, 11),
(59, 920, 14),
(59, 921, 15),
(59, 922, 16),
(59, 923, 17),
(59, 907, 19),
(59, 168, 20),
(59, 924, 21),
(59, 422, 22),
(59, 925, 23),
(59, 926, 25),
(59, 927, 27),
(59, 481, 29),
(59, 482, 30),
(59, 483, 31),
(59, 484, 32),
(59, 485, 33),
(59, 910, 34),
(60, 6, 1),
(60, 73, 2),
(60, 62, 3),
(60, 928, 4),
(60, 929, 6),
(60, 930, 8),
(60, 931, 10),
(60, 932, 12),
(60, 933, 14),
(60, 934, 16),
(60, 935, 18),
(60, 936, 19),
(60, 937, 21),
(60, 938, 23),
(60, 939, 25),
(60, 940, 27),
(60, 941, 29),
(60, 942, 31),
(60, 943, 32),
(60, 944, 33),
(60, 945, 34),
(60, 946, 35),
(61, 6, 1),
(61, 73, 2),
(61, 62, 3),
(61, 928, 4),
(61, 929, 6),
(61, 930, 8),
(61, 931, 10),
(61, 932, 12),
(61, 933, 14),
(61, 934, 16),
(61, 935, 18),
(61, 936, 19),
(61, 937, 21),
(61, 938, 23),
(61, 939, 25),
(61, 940, 27),
(61, 941, 29),
(61, 947, 31),
(61, 948, 32),
(61, 949, 33),
(62, 41, 1),
(62, 676, 2),
(62, 677, 3),
(62, 525, 4),
(62, 526, 5),
(62, 527, 6),
(62, 528, 7),
(62, 950, 8),
(62, 951, 9),
(62, 62, 10),
(62, 952, 11),
(62, 315, 12),
(62, 953, 13),
(62, 954, 14),
(62, 955, 15),
(62, 956, 16),
(62, 197, 17),
(62, 957, 18),
(62, 958, 19),
(62, 959, 20),
(62, 960, 21),
(62, 961, 22),
(62, 962, 23),
(62, 963, 24),
(62, 964, 25),
(62, 965, 26),
(62, 966, 28),
(62, 967, 30),
(62, 968, 31),
(63, 969, 1),
(63, 42, 2),
(63, 43, 3),
(63, 44, 4),
(63, 916, 5),
(63, 254, 6),
(63, 970, 7),
(63, 763, 8),
(63, 15, 9),
(63, 14, 10),
(63, 16, 11),
(63, 725, 12),
(63, 667, 13),
(63, 702, 14),
(63, 701, 15),
(63, 703, 17),
(63, 704, 18),
(63, 705, 19),
(63, 226, 20),
(63, 471, 21),
(63, 722, 22),
(63, 723, 23),
(63, 400, 24),
(63, 401, 25),
(63, 402, 26),
(63, 234, 28),
(63, 403, 29),
(63, 404, 30),
(63, 706, 31),
(63, 707, 32),
(63, 146, 33),
(63, 147, 34),
(64, 93, 1),
(64, 6, 2),
(64, 764, 3),
(64, 765, 4),
(64, 971, 5),
(64, 972, 6),
(64, 197, 7),
(64, 624, 8),
(64, 625, 9),
(64, 626, 10),
(64, 783, 11),
(64, 684, 12),
(64, 973, 13),
(64, 974, 14),
(64, 753, 15),
(64, 235, 16),
(64, 699, 17),
(64, 754, 18),
(64, 275, 19),
(64, 470, 20),
(64, 273, 21),
(64, 810, 22),
(64, 811, 24),
(64, 644, 26),
(64, 645, 28),
(64, 646, 29),
(64, 975, 30),
(64, 976, 31),
(64, 977, 32),
(64, 978, 33),
(65, 969, 1),
(65, 676, 2),
(65, 677, 3),
(65, 525, 4),
(65, 526, 5),
(65, 527, 6),
(65, 528, 7),
(65, 979, 8),
(65, 697, 9),
(65, 698, 10),
(65, 980, 11),
(65, 981, 12),
(65, 982, 13),
(65, 518, 14),
(65, 809, 15),
(65, 619, 16),
(65, 620, 17),
(65, 503, 18),
(65, 363, 19),
(65, 19, 20),
(65, 504, 21),
(65, 505, 22),
(65, 506, 23),
(65, 754, 25),
(65, 275, 26),
(65, 755, 27),
(65, 756, 28),
(65, 757, 29),
(65, 758, 30),
(65, 983, 31),
(65, 984, 32),
(65, 985, 33),
(65, 986, 34),
(65, 134, 35),
(65, 135, 36),
(65, 136, 37),
(65, 137, 38),
(65, 138, 39),
(65, 987, 40),
(66, 255, 1),
(66, 256, 2),
(66, 257, 3),
(66, 309, 6),
(66, 858, 7),
(66, 859, 8),
(66, 988, 9),
(66, 989, 10),
(66, 990, 12),
(66, 991, 13),
(66, 339, 14),
(66, 338, 15),
(66, 340, 16),
(66, 341, 18),
(66, 342, 19),
(66, 160, 20),
(66, 343, 21),
(66, 344, 22),
(66, 886, 23),
(66, 887, 24),
(66, 168, 25),
(66, 888, 26),
(66, 889, 27),
(66, 890, 28),
(66, 891, 29),
(66, 892, 30),
(66, 992, 31),
(66, 993, 32),
(66, 994, 33),
(66, 586, 34),
(66, 995, 35),
(66, 996, 36),
(66, 997, 37),
(66, 998, 38),
(67, 255, 1),
(67, 256, 2),
(67, 257, 3),
(67, 309, 6),
(67, 858, 7),
(67, 859, 8),
(67, 988, 9),
(67, 989, 10),
(67, 999, 12),
(67, 1000, 13),
(67, 1001, 14),
(67, 937, 15),
(67, 928, 16),
(67, 938, 17),
(67, 939, 19),
(67, 940, 21),
(67, 941, 23),
(67, 1002, 25),
(67, 942, 26),
(67, 943, 27),
(67, 1003, 28),
(67, 1004, 29),
(67, 1005, 30),
(67, 1006, 31),
(67, 1007, 32),
(67, 992, 33),
(67, 993, 34),
(67, 1008, 35),
(67, 1009, 36),
(67, 1010, 37),
(67, 244, 38),
(68, 234, 1),
(68, 235, 2),
(68, 1011, 5),
(68, 1012, 6),
(68, 1013, 7),
(68, 1014, 8),
(68, 1015, 9),
(68, 1016, 10),
(68, 1017, 11),
(68, 1018, 12),
(68, 1019, 13),
(68, 1020, 14),
(68, 1021, 15),
(68, 1022, 16),
(68, 1023, 17),
(68, 1024, 18),
(68, 383, 19),
(68, 168, 20),
(68, 908, 21),
(68, 1025, 22),
(68, 910, 23),
(69, 222, 1),
(69, 803, 2),
(69, 455, 3),
(69, 456, 4),
(69, 795, 5),
(69, 234, 6),
(69, 235, 8),
(69, 160, 11),
(69, 236, 12),
(69, 237, 13),
(69, 238, 14),
(69, 239, 15),
(69, 240, 16),
(69, 241, 17),
(69, 242, 18),
(69, 243, 19),
(69, 244, 21),
(69, 245, 22),
(69, 246, 24),
(69, 1026, 26),
(69, 1027, 27),
(69, 1028, 28),
(69, 1029, 29),
(70, 93, 1),
(70, 6, 2),
(70, 73, 3),
(70, 74, 4),
(70, 75, 5),
(70, 5, 6),
(70, 77, 8),
(70, 78, 10),
(70, 79, 11),
(70, 80, 13),
(70, 81, 14),
(70, 82, 16),
(70, 83, 17),
(70, 296, 18),
(70, 297, 19),
(70, 298, 20),
(70, 299, 22),
(70, 62, 25),
(70, 300, 26),
(70, 301, 27),
(70, 302, 28),
(70, 303, 29),
(70, 304, 30),
(70, 305, 31),
(70, 306, 32),
(70, 307, 33),
(70, 308, 34),
(70, 1030, 35),
(70, 1031, 36),
(70, 1032, 37),
(70, 1033, 38),
(70, 1034, 39),
(70, 1035, 40),
(70, 1036, 41),
(70, 1037, 42),
(70, 1038, 43),
(70, 1039, 44),
(70, 1040, 45),
(70, 1041, 46),
(70, 1042, 47),
(70, 187, 48),
(70, 1043, 49),
(70, 1044, 50),
(70, 1045, 51),
(70, 1046, 52),
(70, 1047, 53),
(70, 1048, 54),
(70, 1049, 55),
(70, 1050, 56),
(71, 309, 1),
(71, 310, 2),
(71, 311, 3),
(71, 312, 4),
(71, 313, 5),
(71, 314, 6),
(71, 315, 7),
(71, 69, 8),
(71, 70, 9),
(71, 71, 10),
(71, 72, 11),
(71, 6, 13),
(71, 764, 14),
(71, 765, 15),
(71, 766, 16),
(71, 767, 17),
(71, 768, 19),
(71, 769, 21),
(71, 62, 24),
(71, 770, 27),
(71, 391, 28),
(71, 393, 30),
(71, 235, 31),
(71, 390, 32),
(71, 392, 34),
(71, 160, 38),
(71, 394, 39),
(71, 395, 41),
(71, 396, 42),
(71, 681, 44),
(71, 231, 45),
(71, 682, 47),
(71, 348, 50),
(71, 1051, 51),
(72, 310, 1),
(72, 311, 2),
(72, 312, 3),
(72, 313, 4),
(72, 314, 5),
(72, 315, 6),
(72, 69, 7),
(72, 70, 8),
(72, 71, 9),
(72, 72, 10),
(72, 6, 12),
(72, 764, 13),
(72, 765, 14),
(72, 766, 15),
(72, 767, 16),
(72, 768, 18),
(72, 769, 20),
(72, 62, 23),
(72, 770, 26),
(72, 391, 27),
(72, 393, 29),
(72, 235, 30);
INSERT INTO Route_Stop (RouteID, StopID, StopOrder) VALUES 
(72, 390, 31),
(72, 392, 33),
(72, 160, 37),
(72, 394, 38),
(72, 395, 40),
(72, 396, 41),
(72, 681, 43),
(72, 231, 44),
(72, 682, 46),
(72, 348, 49),
(72, 857, 50),
(72, 282, 51),
(73, 234, 1),
(73, 160, 3),
(73, 236, 4),
(73, 237, 5),
(73, 238, 6),
(73, 239, 7),
(73, 240, 8),
(73, 241, 9),
(73, 242, 10),
(73, 243, 11),
(73, 244, 13),
(73, 245, 14),
(73, 246, 16),
(73, 247, 18),
(73, 248, 20),
(73, 249, 22),
(73, 1052, 24),
(73, 187, 25),
(73, 1053, 26),
(73, 1054, 27),
(73, 1055, 28),
(73, 1056, 29),
(73, 197, 31),
(73, 1057, 32),
(73, 1058, 34),
(73, 1059, 36),
(73, 1060, 38),
(73, 1061, 40),
(73, 1062, 42),
(73, 1063, 43),
(73, 1064, 44),
(73, 1065, 45),
(73, 1066, 46),
(73, 1067, 47),
(73, 1068, 48),
(74, 234, 1),
(74, 160, 3),
(74, 236, 4),
(74, 237, 5),
(74, 238, 6),
(74, 239, 7),
(74, 240, 8),
(74, 241, 9),
(74, 242, 10),
(74, 243, 11),
(74, 244, 13),
(74, 245, 14),
(74, 246, 16),
(74, 247, 18),
(74, 248, 20),
(74, 249, 22),
(74, 1052, 24),
(74, 187, 25),
(74, 1053, 26),
(74, 1054, 27),
(74, 1055, 28),
(74, 1056, 29),
(74, 197, 31),
(74, 1057, 32),
(74, 1058, 34),
(74, 1059, 36),
(74, 1060, 38),
(74, 1061, 40),
(74, 1062, 42),
(74, 1063, 43),
(74, 1064, 44),
(74, 1065, 45),
(74, 1066, 46),
(74, 1067, 47),
(74, 1068, 48),
(74, 112, 50),
(74, 1069, 52),
(74, 1070, 53),
(75, 234, 1),
(75, 160, 3),
(75, 236, 4),
(75, 237, 5),
(75, 238, 6),
(75, 239, 7),
(75, 240, 8),
(75, 241, 9),
(75, 242, 10),
(75, 243, 11),
(75, 244, 13),
(75, 245, 14),
(75, 246, 16),
(75, 247, 18),
(75, 248, 20),
(75, 249, 22),
(75, 1052, 24),
(75, 187, 25),
(75, 1053, 26),
(75, 1054, 27),
(75, 1055, 28),
(75, 1056, 29),
(75, 197, 31),
(75, 1057, 32),
(75, 1058, 34),
(75, 1059, 36),
(75, 1060, 38),
(75, 1061, 40),
(75, 1062, 42),
(75, 1063, 43),
(75, 1064, 44),
(75, 1065, 45),
(75, 1066, 46),
(75, 1067, 47),
(75, 1068, 48),
(75, 112, 50),
(75, 1071, 52),
(75, 1072, 53),
(75, 1073, 55),
(76, 1074, 1),
(76, 234, 2),
(76, 734, 4),
(76, 735, 5),
(76, 1075, 6),
(76, 1076, 7),
(76, 1077, 8),
(76, 1078, 9),
(76, 1079, 10),
(76, 235, 11),
(76, 1080, 12),
(76, 1081, 13),
(76, 1082, 14),
(76, 553, 15),
(76, 554, 16),
(76, 555, 17),
(76, 1083, 18),
(76, 1084, 19),
(76, 1085, 20),
(76, 1086, 21),
(76, 1087, 22),
(76, 62, 23),
(76, 1088, 24),
(76, 1089, 25),
(76, 1090, 26),
(76, 1091, 28),
(76, 1092, 29),
(76, 1093, 30),
(76, 1094, 31),
(76, 538, 32),
(76, 536, 33),
(76, 1095, 34),
(76, 33, 35),
(76, 34, 36),
(76, 35, 37),
(76, 36, 38),
(76, 37, 40),
(76, 38, 41),
(76, 39, 45),
(76, 40, 46),
(76, 846, 47),
(76, 847, 48),
(76, 848, 49),
(76, 849, 50),
(76, 850, 51),
(76, 851, 52),
(76, 852, 53),
(76, 1096, 54),
(76, 1097, 55),
(76, 1098, 56),
(76, 1099, 57),
(77, 1100, 1),
(77, 6, 2),
(77, 764, 3),
(77, 765, 4),
(77, 766, 5),
(77, 767, 6),
(77, 768, 8),
(77, 769, 10),
(77, 62, 13),
(77, 770, 16),
(77, 391, 17),
(77, 771, 18),
(77, 772, 19),
(77, 773, 21),
(77, 774, 24),
(77, 775, 25),
(77, 1101, 26),
(77, 160, 27),
(77, 236, 28),
(77, 237, 29),
(77, 238, 30),
(77, 239, 31),
(77, 240, 32),
(77, 241, 33),
(77, 242, 34),
(77, 243, 35),
(77, 244, 37),
(77, 245, 38),
(77, 246, 40),
(77, 247, 42),
(77, 248, 44),
(77, 249, 46),
(77, 1052, 48),
(77, 187, 49),
(77, 1102, 50),
(77, 1103, 54),
(77, 1104, 60),
(77, 1105, 61),
(77, 1106, 62),
(77, 20, 63),
(77, 1107, 64),
(77, 1108, 65),
(77, 1109, 66),
(77, 1110, 67),
(77, 1111, 68),
(78, 1112, 1),
(78, 910, 2),
(78, 487, 3),
(78, 488, 4),
(78, 489, 5),
(78, 1113, 6),
(78, 168, 7),
(78, 424, 8),
(78, 1114, 10),
(78, 160, 12),
(78, 907, 13),
(78, 924, 15),
(78, 422, 16),
(78, 925, 17),
(78, 926, 19),
(78, 927, 21),
(78, 1020, 23),
(78, 1115, 24),
(78, 1116, 25),
(78, 1117, 26),
(78, 701, 27),
(78, 414, 28),
(78, 80, 29),
(78, 84, 30),
(78, 85, 31),
(78, 86, 32),
(78, 1118, 34),
(78, 1119, 35),
(78, 1120, 36),
(78, 1121, 37),
(78, 1122, 38),
(78, 1123, 39),
(78, 1124, 40),
(78, 1125, 41),
(78, 1126, 42),
(78, 1127, 43),
(78, 1128, 44),
(78, 1129, 45),
(78, 345, 46),
(78, 62, 47),
(78, 1130, 49),
(79, 621, 1),
(79, 622, 2),
(79, 623, 3),
(79, 740, 4),
(79, 741, 5),
(79, 375, 6),
(79, 123, 7),
(79, 124, 8),
(79, 742, 9),
(79, 743, 10),
(79, 383, 11),
(79, 744, 12),
(79, 745, 13),
(79, 746, 14),
(79, 747, 15),
(79, 717, 16),
(79, 20, 17),
(79, 129, 18),
(79, 130, 19),
(79, 1131, 20),
(79, 983, 21),
(79, 811, 22),
(79, 197, 23),
(79, 644, 24),
(79, 235, 25),
(79, 645, 26),
(79, 646, 27),
(79, 647, 28),
(79, 648, 29),
(79, 160, 30),
(79, 649, 31),
(79, 455, 32),
(79, 456, 33),
(79, 795, 34),
(79, 234, 35),
(80, 740, 1),
(80, 741, 2),
(80, 375, 3),
(80, 123, 4),
(80, 124, 5),
(80, 125, 6),
(80, 126, 7),
(80, 62, 8),
(80, 127, 9),
(80, 128, 11),
(80, 197, 14),
(80, 719, 15),
(80, 534, 16),
(80, 20, 17),
(80, 129, 19),
(80, 130, 20),
(80, 1131, 21),
(80, 983, 22),
(80, 810, 23),
(80, 811, 24),
(80, 644, 26),
(80, 235, 27),
(80, 645, 28),
(80, 646, 29),
(80, 647, 30),
(80, 648, 31),
(80, 160, 32),
(80, 649, 33),
(80, 455, 34),
(80, 456, 35),
(80, 795, 36),
(80, 234, 37),
(80, 236, 43),
(80, 1132, 44),
(81, 1133, 1),
(81, 1134, 2),
(81, 1135, 3),
(81, 1136, 4),
(81, 1137, 5),
(81, 1138, 6),
(81, 235, 7),
(81, 1139, 8),
(81, 1140, 9),
(81, 160, 10),
(81, 1141, 11),
(81, 488, 12),
(81, 489, 13),
(81, 168, 15),
(81, 1142, 16),
(81, 1143, 17),
(81, 197, 18),
(81, 1021, 19),
(81, 1144, 20),
(81, 1145, 21),
(81, 1146, 22),
(81, 584, 23),
(81, 1147, 24),
(81, 1148, 25),
(81, 1149, 26),
(81, 813, 27),
(81, 814, 28),
(81, 1150, 29),
(81, 239, 30),
(81, 240, 31),
(81, 241, 32),
(81, 1151, 33),
(81, 1152, 34),
(81, 1153, 36),
(81, 1154, 37),
(81, 1155, 39),
(81, 1156, 40),
(81, 1157, 41),
(81, 1158, 42),
(82, 709, 1),
(82, 710, 2),
(82, 35, 3),
(82, 711, 4),
(82, 1159, 7),
(82, 844, 8),
(82, 1160, 9),
(82, 871, 10),
(82, 872, 11),
(82, 873, 12),
(82, 874, 13),
(82, 875, 14),
(82, 876, 15),
(82, 877, 16),
(82, 878, 17),
(82, 879, 18),
(82, 880, 19),
(82, 881, 20),
(82, 882, 21),
(82, 883, 22),
(82, 160, 23),
(82, 161, 24),
(82, 162, 25),
(82, 163, 26),
(82, 164, 27),
(82, 165, 28),
(82, 166, 29),
(82, 167, 30),
(82, 168, 31),
(82, 169, 32),
(82, 170, 34),
(82, 171, 36),
(82, 172, 37),
(82, 173, 38),
(82, 174, 39),
(82, 175, 41),
(82, 176, 44),
(82, 177, 46),
(82, 178, 48),
(83, 1161, 1),
(83, 1162, 2),
(83, 1163, 3),
(83, 1164, 4),
(83, 1165, 5),
(83, 1166, 6),
(83, 1167, 7),
(83, 1168, 8),
(83, 197, 9),
(83, 1169, 10),
(83, 819, 11),
(83, 820, 12),
(83, 821, 13),
(83, 1170, 14),
(83, 823, 15),
(83, 824, 16),
(83, 825, 17),
(83, 827, 18),
(83, 828, 19),
(83, 1171, 21),
(83, 830, 22),
(83, 831, 23),
(83, 1172, 24),
(83, 1173, 25),
(83, 160, 26),
(83, 1174, 27),
(83, 1175, 28),
(83, 1176, 29),
(83, 1177, 30),
(83, 1178, 31),
(83, 62, 32),
(83, 1179, 33),
(83, 244, 34),
(83, 1180, 36),
(84, 1161, 1),
(84, 237, 2),
(84, 238, 3),
(84, 239, 4),
(84, 243, 5),
(84, 245, 7),
(84, 246, 9),
(84, 247, 11),
(84, 248, 13),
(84, 249, 15),
(84, 1052, 17),
(84, 187, 18),
(84, 1102, 19),
(84, 1181, 21),
(84, 1182, 22),
(84, 1183, 23),
(84, 1184, 24),
(84, 1185, 25),
(84, 1186, 26),
(84, 216, 27),
(84, 1187, 30),
(84, 451, 31),
(84, 168, 32),
(84, 197, 33),
(84, 452, 34),
(85, 1188, 1),
(85, 1189, 2),
(85, 1190, 3),
(85, 1191, 4),
(85, 1192, 5),
(85, 1193, 6),
(85, 1194, 7),
(85, 1195, 8),
(85, 1196, 9),
(85, 244, 10),
(85, 235, 11),
(85, 1197, 12),
(85, 1198, 13),
(85, 1199, 16),
(85, 1200, 18),
(85, 1201, 19),
(85, 383, 20),
(85, 1202, 21),
(85, 1116, 22),
(85, 1203, 23),
(85, 1204, 24),
(85, 1205, 25),
(85, 1206, 26),
(85, 316, 27),
(85, 317, 28),
(85, 318, 29),
(85, 319, 30),
(85, 320, 31),
(85, 323, 32),
(85, 324, 33),
(85, 1207, 34),
(85, 1208, 35),
(85, 1209, 36);
INSERT INTO Route_Stop (RouteID, StopID, StopOrder) VALUES 
(85, 1210, 37),
(85, 1211, 38),
(85, 1212, 39),
(85, 1213, 40),
(85, 1214, 41),
(85, 1215, 42),
(85, 1216, 43),
(85, 1217, 44),
(85, 1218, 45),
(85, 1219, 46),
(85, 1220, 47),
(85, 416, 48),
(85, 160, 49),
(85, 1221, 50),
(85, 1222, 51),
(85, 1223, 52),
(85, 1224, 54),
(85, 1225, 58),
(85, 1226, 60),
(85, 1227, 61),
(85, 1228, 62),
(85, 1229, 63),
(85, 1230, 64),
(85, 321, 65),
(85, 1231, 67),
(85, 1232, 68),
(85, 1233, 70),
(86, 456, 1),
(86, 403, 2),
(86, 404, 3),
(86, 148, 4),
(86, 550, 5),
(86, 551, 6),
(86, 552, 7),
(86, 553, 8),
(86, 554, 9),
(86, 555, 10),
(86, 508, 11),
(86, 556, 12),
(86, 557, 13),
(86, 558, 14),
(86, 559, 15),
(86, 560, 16),
(86, 561, 17),
(86, 562, 18),
(86, 563, 19),
(86, 1234, 20),
(86, 565, 21),
(86, 566, 22),
(86, 567, 23),
(86, 568, 24),
(86, 569, 25),
(86, 570, 26),
(86, 571, 27),
(86, 572, 29),
(86, 573, 30),
(86, 574, 31),
(86, 575, 32),
(86, 576, 33),
(86, 577, 34),
(86, 578, 35),
(86, 579, 36),
(86, 580, 37),
(86, 581, 38),
(86, 582, 39),
(86, 583, 40),
(86, 584, 41),
(86, 585, 42),
(86, 586, 43),
(86, 187, 45),
(86, 197, 46),
(86, 1235, 47),
(86, 1236, 48),
(86, 1237, 49),
(86, 1238, 50),
(86, 1239, 51),
(86, 1240, 52),
(86, 1241, 53),
(86, 1242, 54),
(86, 1243, 55),
(86, 1244, 56),
(86, 1245, 57),
(86, 1246, 58),
(86, 1247, 60),
(86, 1248, 61),
(86, 1249, 62),
(86, 1250, 63),
(87, 456, 1),
(87, 403, 2),
(87, 404, 3),
(87, 148, 4),
(87, 550, 5),
(87, 551, 6),
(87, 552, 7),
(87, 553, 8),
(87, 554, 9),
(87, 555, 10),
(87, 508, 11),
(87, 556, 12),
(87, 557, 13),
(87, 558, 14),
(87, 559, 15),
(87, 560, 16),
(87, 561, 17),
(87, 562, 18),
(87, 563, 19),
(87, 1234, 20),
(87, 565, 21),
(87, 566, 22),
(87, 567, 23),
(87, 568, 24),
(87, 569, 25),
(87, 570, 26),
(87, 571, 27),
(87, 572, 29),
(87, 573, 30),
(87, 574, 31),
(87, 575, 32),
(87, 576, 33),
(87, 577, 34),
(87, 578, 35),
(87, 579, 36),
(87, 580, 37),
(87, 581, 38),
(87, 582, 39),
(87, 583, 40),
(87, 584, 41),
(87, 585, 42),
(87, 586, 43),
(87, 187, 45),
(87, 197, 46),
(87, 1235, 47),
(87, 1236, 48),
(87, 1237, 49),
(87, 1238, 50),
(87, 1239, 51),
(87, 1240, 52),
(87, 1241, 53),
(87, 1242, 54),
(87, 1243, 55),
(87, 1244, 56),
(87, 1245, 57),
(87, 1246, 58),
(87, 1247, 60),
(88, 802, 1),
(88, 222, 2),
(88, 454, 3),
(88, 628, 4),
(88, 648, 5),
(88, 975, 6),
(88, 976, 7),
(88, 977, 8),
(88, 1251, 9),
(88, 174, 10),
(88, 1252, 11),
(88, 1253, 12),
(88, 1254, 13),
(88, 1255, 14),
(88, 1256, 15),
(88, 1257, 16),
(88, 1258, 17),
(88, 1259, 18),
(88, 1260, 19),
(88, 1261, 20),
(88, 1262, 21),
(88, 1263, 22),
(88, 1264, 23),
(89, 222, 1),
(89, 454, 2),
(89, 628, 3),
(89, 648, 4),
(89, 975, 5),
(89, 976, 6),
(89, 977, 7),
(89, 1251, 8),
(89, 174, 9),
(89, 1252, 10),
(89, 1253, 11),
(89, 1254, 12),
(89, 1255, 13),
(89, 1256, 14),
(89, 1257, 15),
(89, 1258, 16),
(89, 1259, 17),
(89, 1260, 18),
(89, 1262, 19),
(89, 1263, 20),
(89, 1265, 21),
(89, 1266, 22),
(89, 1267, 23),
(89, 235, 24),
(89, 1268, 25),
(89, 1269, 26),
(89, 1270, 27),
(89, 1271, 28),
(89, 187, 29),
(89, 1272, 30),
(89, 1273, 31),
(89, 1274, 32),
(89, 1275, 33),
(89, 1276, 34),
(89, 1277, 35),
(89, 1278, 36),
(89, 112, 37),
(89, 1279, 38),
(89, 1280, 39),
(89, 1281, 40),
(89, 1282, 41),
(90, 709, 1),
(90, 847, 2),
(90, 848, 3),
(90, 849, 4),
(90, 850, 5),
(90, 851, 6),
(90, 852, 7),
(90, 1096, 8),
(90, 1097, 9),
(90, 1098, 10),
(90, 1283, 11),
(90, 1284, 12),
(90, 1285, 13),
(90, 1286, 14),
(90, 1287, 15),
(90, 1288, 16),
(90, 166, 17),
(90, 1289, 18),
(90, 1290, 19),
(90, 1275, 20),
(90, 1276, 21),
(90, 1277, 22),
(90, 1278, 23),
(90, 112, 24),
(90, 1279, 25),
(90, 1280, 26),
(90, 1291, 27),
(90, 1282, 28),
(90, 1292, 29),
(91, 1293, 1),
(91, 222, 2),
(91, 454, 3),
(91, 160, 4),
(91, 649, 5),
(91, 455, 6),
(91, 456, 7),
(91, 403, 8),
(91, 404, 9),
(91, 148, 10),
(91, 550, 11),
(91, 551, 12),
(91, 552, 13),
(91, 553, 14),
(91, 554, 15),
(91, 555, 16),
(91, 508, 17),
(91, 556, 18),
(91, 557, 19),
(91, 558, 20),
(91, 559, 21),
(91, 560, 22),
(91, 561, 23),
(91, 1294, 24),
(92, 709, 1),
(92, 710, 2),
(92, 1295, 3),
(92, 1296, 4),
(92, 1297, 5),
(92, 1298, 6),
(92, 1299, 7),
(92, 1300, 8),
(92, 197, 9),
(92, 1301, 10),
(92, 160, 11),
(92, 1302, 12),
(92, 1303, 13),
(92, 1304, 14),
(92, 1305, 15),
(92, 187, 16),
(92, 1306, 17),
(92, 1307, 18),
(92, 1308, 19),
(92, 1309, 20),
(92, 1310, 21),
(92, 1311, 22),
(92, 1312, 23),
(92, 1313, 24),
(92, 1314, 25),
(93, 1315, 1),
(93, 187, 2),
(93, 197, 3),
(93, 1235, 4),
(93, 1236, 5),
(93, 1237, 6),
(93, 1238, 7),
(93, 1239, 8),
(93, 1240, 9),
(93, 1241, 10),
(93, 1243, 11),
(93, 1244, 12),
(93, 1245, 13),
(93, 1246, 14),
(93, 1247, 16),
(93, 1248, 17),
(93, 1249, 18),
(93, 1250, 19),
(94, 709, 1),
(94, 710, 2),
(94, 1295, 3),
(94, 35, 4),
(94, 711, 5),
(94, 712, 9),
(94, 535, 11),
(94, 536, 12),
(94, 537, 13),
(94, 538, 14),
(94, 197, 15),
(94, 1316, 16),
(94, 1317, 17),
(94, 1318, 18),
(94, 1090, 19),
(94, 1319, 20),
(94, 1320, 21),
(94, 1321, 22),
(94, 1322, 23),
(94, 1323, 24),
(94, 1324, 25),
(94, 1325, 26),
(94, 222, 27),
(94, 1326, 28),
(94, 1327, 29),
(94, 1328, 30),
(94, 1329, 32),
(94, 1330, 33),
(94, 1331, 34),
(94, 1332, 35),
(94, 1333, 37),
(94, 1334, 38),
(94, 579, 39),
(94, 580, 40),
(94, 581, 41),
(94, 582, 42),
(94, 583, 43),
(94, 584, 44),
(94, 585, 45),
(94, 586, 46),
(94, 587, 48),
(95, 1293, 1),
(95, 222, 2),
(95, 454, 3),
(95, 628, 4),
(95, 648, 5),
(95, 863, 7),
(95, 197, 8),
(95, 864, 9),
(95, 791, 10),
(95, 865, 11),
(95, 22, 13),
(95, 23, 14),
(95, 24, 15),
(95, 25, 16),
(95, 26, 17),
(95, 27, 18),
(95, 28, 19),
(95, 29, 20),
(95, 30, 21),
(95, 31, 22),
(95, 32, 23),
(95, 33, 24),
(95, 34, 25),
(95, 35, 26),
(95, 36, 27),
(95, 37, 29),
(95, 38, 30),
(95, 1296, 34),
(95, 1297, 35),
(95, 1298, 36),
(95, 1299, 37),
(95, 1300, 38),
(95, 1301, 40),
(95, 160, 41),
(95, 1302, 42),
(95, 1303, 43),
(95, 1304, 44),
(95, 1305, 45),
(95, 187, 46),
(95, 1306, 47),
(95, 1307, 48),
(95, 1308, 49),
(96, 1315, 1),
(96, 1335, 2),
(96, 1336, 3),
(96, 1337, 4),
(96, 1338, 5),
(96, 1339, 6),
(96, 1340, 7),
(96, 1341, 8),
(96, 1342, 9),
(96, 1343, 10),
(96, 1344, 11),
(96, 1345, 12),
(96, 1346, 13),
(97, 1347, 1),
(97, 1348, 2),
(97, 1349, 3),
(97, 647, 4),
(97, 708, 6),
(97, 1350, 7),
(97, 1351, 8),
(97, 1352, 9),
(97, 68, 10),
(97, 1353, 11),
(97, 244, 12),
(97, 1354, 13),
(97, 1355, 14),
(97, 222, 15),
(97, 803, 16),
(97, 628, 17),
(97, 648, 18),
(97, 1356, 19),
(97, 1357, 20),
(97, 1358, 21),
(97, 1359, 22),
(97, 1360, 23),
(97, 1361, 24),
(97, 984, 25),
(97, 985, 26),
(97, 1362, 27),
(97, 757, 28),
(97, 758, 29),
(97, 1363, 30),
(97, 1364, 32),
(97, 62, 33),
(97, 273, 34),
(97, 1365, 35),
(97, 362, 36),
(97, 19, 37),
(97, 1366, 38),
(97, 365, 39),
(97, 1367, 41),
(97, 369, 43),
(97, 370, 44),
(97, 371, 45),
(97, 372, 46),
(97, 373, 47),
(97, 374, 48),
(97, 375, 49),
(97, 376, 50),
(97, 377, 51),
(97, 120, 52),
(98, 347, 1),
(98, 1368, 2),
(98, 1369, 3),
(98, 1370, 4),
(98, 1357, 5),
(98, 1358, 6),
(98, 1371, 7),
(98, 1372, 8),
(98, 1373, 9),
(98, 1374, 10),
(98, 1375, 11),
(98, 1131, 12),
(98, 1376, 13),
(98, 1377, 14),
(98, 1378, 15),
(98, 1379, 16),
(98, 1380, 17),
(98, 1381, 18),
(98, 244, 19),
(98, 1382, 20),
(98, 1383, 21),
(98, 1384, 22),
(98, 28, 23),
(98, 29, 24),
(98, 30, 25),
(98, 866, 26),
(98, 867, 27),
(98, 1385, 28),
(98, 843, 29),
(98, 844, 30),
(98, 62, 31),
(98, 1386, 32),
(99, 1387, 1),
(99, 805, 2),
(99, 295, 3),
(99, 329, 4),
(99, 6, 5),
(99, 765, 6),
(99, 768, 7),
(99, 62, 8),
(99, 770, 9),
(99, 391, 10),
(99, 1388, 11),
(99, 1389, 12),
(99, 1390, 13),
(99, 1391, 16),
(100, 1293, 1),
(100, 222, 2),
(100, 803, 3),
(100, 628, 4),
(100, 648, 5),
(100, 863, 7);
INSERT INTO Route_Stop (RouteID, StopID, StopOrder) VALUES 
(100, 197, 8),
(100, 864, 9),
(100, 1392, 11),
(100, 1393, 13),
(100, 1394, 14),
(100, 1395, 15),
(100, 1396, 16),
(100, 1253, 17),
(100, 1254, 18),
(100, 1255, 19),
(100, 1256, 20),
(100, 1257, 21),
(100, 1258, 22),
(100, 1397, 24),
(100, 1398, 25),
(100, 1252, 26),
(100, 1399, 27),
(100, 1400, 28),
(100, 1401, 29),
(100, 1402, 30),
(100, 1403, 31),
(100, 201, 32),
(100, 1404, 33),
(100, 1405, 34),
(100, 1406, 35),
(100, 1407, 36),
(100, 1408, 37),
(100, 244, 38),
(100, 321, 39),
(100, 1409, 40),
(100, 1410, 41),
(100, 1411, 42),
(100, 1412, 43),
(100, 537, 44),
(100, 1413, 45),
(100, 1414, 46),
(100, 1290, 47),
(100, 1275, 48),
(100, 1276, 49),
(100, 1277, 50),
(100, 1278, 51),
(100, 112, 52),
(100, 1279, 53),
(100, 1280, 54),
(100, 1291, 55),
(100, 1282, 56),
(100, 1292, 57),
(101, 1293, 1),
(101, 222, 2),
(101, 803, 3),
(101, 628, 4),
(101, 648, 5),
(101, 975, 6),
(101, 976, 7),
(101, 977, 8),
(101, 1393, 9),
(101, 1394, 10),
(101, 1395, 11),
(101, 1396, 12),
(101, 1253, 13),
(101, 1254, 14),
(101, 1255, 15),
(101, 1256, 16),
(101, 1257, 17),
(101, 1258, 18),
(101, 197, 19),
(101, 1397, 20),
(101, 1398, 21),
(101, 1252, 22),
(101, 1259, 23),
(101, 1055, 25),
(101, 1415, 26),
(101, 1416, 27),
(101, 1417, 28),
(101, 1260, 29),
(101, 1261, 30),
(101, 1418, 31),
(101, 1419, 32),
(101, 1262, 33),
(101, 1263, 34),
(101, 1265, 35),
(101, 1420, 36),
(101, 1421, 37),
(101, 1422, 38),
(101, 1266, 39),
(101, 1267, 40),
(101, 235, 41),
(101, 1268, 42),
(101, 321, 43),
(101, 1423, 44),
(101, 1424, 45),
(101, 1269, 46),
(101, 1270, 47),
(101, 1271, 48),
(101, 187, 49),
(101, 1272, 50),
(101, 1273, 51),
(101, 1274, 52),
(101, 1425, 53),
(101, 1426, 54),
(101, 1427, 55),
(101, 1428, 56),
(101, 1429, 57),
(101, 1430, 58),
(101, 1431, 60),
(101, 1432, 61),
(101, 1433, 62),
(101, 1434, 63),
(102, 787, 1),
(102, 710, 2),
(102, 35, 3),
(102, 711, 4),
(102, 712, 8),
(102, 535, 10),
(102, 536, 11),
(102, 537, 12),
(102, 538, 13),
(102, 197, 14),
(102, 1316, 15),
(102, 1092, 16),
(102, 1317, 17),
(102, 1318, 18),
(102, 1091, 19),
(102, 1319, 20),
(102, 1087, 21),
(102, 1435, 22),
(102, 1396, 23),
(102, 1253, 24),
(102, 1254, 25),
(102, 1255, 26),
(102, 1256, 27),
(102, 1257, 28),
(102, 1258, 29),
(102, 1436, 30),
(102, 1397, 32),
(102, 1398, 33),
(102, 1252, 34),
(102, 1259, 35),
(102, 1055, 37),
(102, 1415, 38),
(102, 1437, 39),
(102, 1331, 40),
(102, 1438, 41),
(102, 1439, 42),
(102, 1332, 43),
(102, 1333, 45),
(102, 579, 46),
(102, 580, 47),
(102, 581, 48),
(102, 582, 49),
(102, 583, 50),
(102, 584, 51),
(102, 585, 52),
(102, 586, 53),
(102, 587, 55),
(103, 283, 1),
(103, 1440, 2),
(103, 62, 3),
(103, 784, 4),
(103, 785, 5),
(103, 284, 6),
(103, 285, 7),
(103, 286, 8),
(103, 287, 10),
(103, 412, 11),
(103, 413, 12),
(103, 393, 15),
(103, 800, 16),
(103, 222, 17),
(103, 394, 18),
(103, 1441, 19),
(103, 1442, 21),
(103, 1443, 22),
(103, 197, 23),
(103, 1444, 24),
(103, 1445, 25),
(103, 497, 26),
(103, 1388, 27),
(103, 1446, 28),
(104, 787, 1),
(104, 1447, 2),
(104, 1448, 3),
(104, 1449, 4),
(104, 1450, 5),
(104, 1451, 6),
(104, 1452, 7),
(104, 1453, 8),
(104, 1454, 9),
(104, 1455, 10),
(104, 1456, 11),
(104, 1457, 13),
(104, 1458, 14),
(104, 1459, 15),
(104, 1460, 16),
(104, 1461, 17),
(104, 1462, 18),
(104, 1463, 19),
(104, 1464, 20),
(104, 1465, 21),
(104, 1466, 22);
GO

-- 6. CHÈN BẢNG BUSES (Xe Buýt)
SET IDENTITY_INSERT Buses ON;
INSERT INTO Buses (BusID, LicensePlate, Capacity, BusType, Status) VALUES 
(1, '29B-913.12', 60, N'Thường', 'MAINTENANCE'),
(2, '29B-924.96', 60, N'Thường', 'ACTIVE'),
(3, '29B-321.61', 30, N'Xe buýt điện VinBus', 'ACTIVE'),
(4, '29B-924.57', 60, N'Thường', 'MAINTENANCE'),
(5, '29B-573.45', 60, N'Thường', 'ACTIVE'),
(6, '29B-723.55', 80, N'Xe buýt nối toa', 'ACTIVE'),
(7, '29B-273.42', 30, N'Xe buýt điện VinBus', 'ACTIVE'),
(8, '29B-245.92', 60, N'Thường', 'MAINTENANCE'),
(9, '29B-844.47', 80, N'Xe buýt nối toa', 'MAINTENANCE'),
(10, '29B-228.92', 60, N'Thường', 'ACTIVE'),
(11, '29B-359.49', 60, N'Thường', 'ACTIVE'),
(12, '29B-160.68', 60, N'Thường', 'ACTIVE'),
(13, '29B-201.24', 60, N'Thường', 'MAINTENANCE'),
(14, '29B-878.76', 60, N'Thường', 'MAINTENANCE'),
(15, '29B-461.92', 80, N'Xe buýt nối toa', 'ACTIVE'),
(16, '29B-130.91', 80, N'Xe buýt nối toa', 'ACTIVE'),
(17, '29B-674.51', 30, N'Xe buýt điện VinBus', 'ACTIVE'),
(18, '29B-293.53', 60, N'Thường', 'ACTIVE'),
(19, '29B-883.36', 60, N'Thường', 'MAINTENANCE'),
(20, '29B-938.83', 30, N'Xe buýt điện VinBus', 'ACTIVE'),
(21, '29B-693.86', 80, N'Xe buýt nối toa', 'ACTIVE'),
(22, '29B-502.25', 30, N'Xe buýt điện VinBus', 'ACTIVE'),
(23, '29B-691.74', 80, N'Xe buýt nối toa', 'MAINTENANCE'),
(24, '29B-506.18', 60, N'Thường', 'ACTIVE'),
(25, '29B-305.27', 60, N'Thường', 'ACTIVE'),
(26, '29B-739.29', 60, N'Thường', 'MAINTENANCE'),
(27, '29B-777.45', 80, N'Xe buýt nối toa', 'ACTIVE'),
(28, '29B-585.59', 80, N'Xe buýt nối toa', 'ACTIVE'),
(29, '29B-471.41', 80, N'Xe buýt nối toa', 'MAINTENANCE'),
(30, '29B-325.97', 80, N'Xe buýt nối toa', 'ACTIVE');
SET IDENTITY_INSERT Buses OFF;
GO

-- 7. CHÈN BẢNG TRIPS (Chuyến Đi)
SET IDENTITY_INSERT Trips ON;
INSERT INTO Trips (TripID, RouteID, BusID, DriverID, AssistantID, TripDate, StartTime, EndTime, Direction, Status) VALUES 
(1, 1, 4, 6, 7, '2026-06-28', '06:00', '07:30', 2, 'SCHEDULED'),
(2, 1, 13, 6, NULL, '2026-06-28', '08:00', '09:30', 1, 'SCHEDULED'),
(3, 1, 3, 4, NULL, '2026-06-28', '10:00', '11:30', 2, 'SCHEDULED'),
(4, 1, 19, 6, NULL, '2026-06-28', '14:00', '15:30', 1, 'SCHEDULED'),
(5, 1, 17, 6, NULL, '2026-06-28', '16:00', '17:30', 1, 'SCHEDULED'),
(6, 1, 2, 6, NULL, '2026-06-28', '18:00', '19:30', 1, 'SCHEDULED'),
(7, 2, 18, 6, 7, '2026-06-28', '06:00', '07:30', 2, 'SCHEDULED'),
(8, 2, 1, 5, NULL, '2026-06-28', '08:00', '09:30', 2, 'SCHEDULED'),
(9, 2, 16, 6, 8, '2026-06-28', '10:00', '11:30', 2, 'SCHEDULED'),
(10, 2, 15, 5, 7, '2026-06-28', '14:00', '15:30', 1, 'SCHEDULED'),
(11, 2, 18, 5, 8, '2026-06-28', '16:00', '17:30', 2, 'SCHEDULED'),
(12, 2, 3, 5, 8, '2026-06-28', '18:00', '19:30', 1, 'SCHEDULED'),
(13, 3, 12, 6, 7, '2026-06-28', '06:00', '07:30', 2, 'SCHEDULED'),
(14, 3, 8, 5, 7, '2026-06-28', '08:00', '09:30', 1, 'SCHEDULED'),
(15, 3, 7, 5, 8, '2026-06-28', '10:00', '11:30', 2, 'SCHEDULED'),
(16, 3, 8, 4, NULL, '2026-06-28', '14:00', '15:30', 2, 'SCHEDULED'),
(17, 3, 15, 6, NULL, '2026-06-28', '16:00', '17:30', 1, 'SCHEDULED'),
(18, 3, 2, 5, 8, '2026-06-28', '18:00', '19:30', 1, 'SCHEDULED'),
(19, 4, 2, 6, NULL, '2026-06-28', '06:00', '07:30', 1, 'SCHEDULED'),
(20, 4, 13, 6, NULL, '2026-06-28', '08:00', '09:30', 1, 'SCHEDULED'),
(21, 4, 6, 4, NULL, '2026-06-28', '10:00', '11:30', 1, 'SCHEDULED'),
(22, 4, 5, 6, NULL, '2026-06-28', '14:00', '15:30', 1, 'SCHEDULED'),
(23, 4, 15, 4, NULL, '2026-06-28', '16:00', '17:30', 1, 'SCHEDULED'),
(24, 4, 7, 5, 7, '2026-06-28', '18:00', '19:30', 2, 'SCHEDULED'),
(25, 5, 20, 4, NULL, '2026-06-28', '06:00', '07:30', 2, 'SCHEDULED'),
(26, 5, 9, 6, NULL, '2026-06-28', '08:00', '09:30', 1, 'SCHEDULED'),
(27, 5, 6, 6, 7, '2026-06-28', '10:00', '11:30', 1, 'SCHEDULED'),
(28, 5, 8, 4, 7, '2026-06-28', '14:00', '15:30', 1, 'SCHEDULED'),
(29, 5, 11, 6, 7, '2026-06-28', '16:00', '17:30', 1, 'SCHEDULED'),
(30, 5, 17, 5, NULL, '2026-06-28', '18:00', '19:30', 1, 'SCHEDULED'),
(31, 6, 8, 4, NULL, '2026-06-28', '06:00', '07:30', 1, 'SCHEDULED'),
(32, 6, 1, 6, 7, '2026-06-28', '08:00', '09:30', 1, 'SCHEDULED'),
(33, 6, 8, 6, 7, '2026-06-28', '10:00', '11:30', 1, 'SCHEDULED'),
(34, 6, 15, 5, NULL, '2026-06-28', '14:00', '15:30', 1, 'SCHEDULED'),
(35, 6, 5, 4, 8, '2026-06-28', '16:00', '17:30', 1, 'SCHEDULED'),
(36, 6, 2, 4, 7, '2026-06-28', '18:00', '19:30', 2, 'SCHEDULED'),
(37, 7, 18, 4, 8, '2026-06-28', '06:00', '07:30', 1, 'SCHEDULED'),
(38, 7, 15, 6, 8, '2026-06-28', '08:00', '09:30', 1, 'SCHEDULED'),
(39, 7, 4, 4, NULL, '2026-06-28', '10:00', '11:30', 2, 'SCHEDULED'),
(40, 7, 6, 5, NULL, '2026-06-28', '14:00', '15:30', 2, 'SCHEDULED'),
(41, 7, 9, 4, NULL, '2026-06-28', '16:00', '17:30', 1, 'SCHEDULED'),
(42, 7, 17, 5, 8, '2026-06-28', '18:00', '19:30', 1, 'SCHEDULED'),
(43, 8, 15, 6, NULL, '2026-06-28', '06:00', '07:30', 1, 'SCHEDULED'),
(44, 8, 6, 5, NULL, '2026-06-28', '08:00', '09:30', 1, 'SCHEDULED'),
(45, 8, 4, 6, NULL, '2026-06-28', '10:00', '11:30', 2, 'SCHEDULED'),
(46, 8, 7, 4, 7, '2026-06-28', '14:00', '15:30', 2, 'SCHEDULED'),
(47, 8, 8, 5, NULL, '2026-06-28', '16:00', '17:30', 1, 'SCHEDULED'),
(48, 8, 4, 5, 7, '2026-06-28', '18:00', '19:30', 2, 'SCHEDULED'),
(49, 9, 11, 6, 7, '2026-06-28', '06:00', '07:30', 2, 'SCHEDULED'),
(50, 9, 11, 4, 7, '2026-06-28', '08:00', '09:30', 1, 'SCHEDULED'),
(51, 9, 7, 6, NULL, '2026-06-28', '10:00', '11:30', 2, 'SCHEDULED'),
(52, 9, 6, 6, NULL, '2026-06-28', '14:00', '15:30', 1, 'SCHEDULED'),
(53, 9, 7, 6, NULL, '2026-06-28', '16:00', '17:30', 1, 'SCHEDULED'),
(54, 9, 4, 6, NULL, '2026-06-28', '18:00', '19:30', 1, 'SCHEDULED'),
(55, 10, 11, 5, NULL, '2026-06-28', '06:00', '07:30', 1, 'SCHEDULED'),
(56, 10, 5, 4, 8, '2026-06-28', '08:00', '09:30', 1, 'SCHEDULED'),
(57, 10, 19, 4, NULL, '2026-06-28', '10:00', '11:30', 1, 'SCHEDULED'),
(58, 10, 19, 5, 8, '2026-06-28', '14:00', '15:30', 1, 'SCHEDULED'),
(59, 10, 11, 6, NULL, '2026-06-28', '16:00', '17:30', 2, 'SCHEDULED'),
(60, 10, 5, 5, NULL, '2026-06-28', '18:00', '19:30', 1, 'SCHEDULED');
SET IDENTITY_INSERT Trips OFF;
GO

-- 8. CHÈN BẢNG TICKETS (Vé Lượt)
INSERT INTO Tickets (AccountID, TripID, RouteID, TicketCode, Price, SaleChannel, Status, PurchasedAt) VALUES 
(9, 9, 1, 'TK-01-MOCK001', 7000, 'ONLINE', 'UNUSED', GETDATE()),
(NULL, 8, 4, 'TK-04-MOCK002', 7000, 'ONLINE', 'USED', GETDATE()),
(NULL, 8, 4, 'TK-04-MOCK003', 7000, 'ON_BUS', 'USED', GETDATE()),
(NULL, 1, 4, 'TK-04-MOCK004', 7000, 'ONLINE', 'USED', GETDATE()),
(NULL, 8, 4, 'TK-04-MOCK005', 7000, 'ON_BUS', 'USED', GETDATE()),
(9, 3, 1, 'TK-01-MOCK006', 7000, 'COUNTER', 'UNUSED', GETDATE()),
(11, 7, 5, 'TK-05-MOCK007', 7000, 'COUNTER', 'USED', GETDATE()),
(9, 3, 3, 'TK-03-MOCK008', 7000, 'ONLINE', 'USED', GETDATE()),
(NULL, 10, 5, 'TK-05-MOCK009', 7000, 'ON_BUS', 'USED', GETDATE()),
(9, 7, 2, 'TK-02-MOCK010', 7000, 'ON_BUS', 'UNUSED', GETDATE()),
(NULL, 1, 4, 'TK-04-MOCK011', 7000, 'ONLINE', 'UNUSED', GETDATE()),
(NULL, 5, 2, 'TK-02-MOCK012', 7000, 'ON_BUS', 'UNUSED', GETDATE()),
(11, 2, 3, 'TK-03-MOCK013', 7000, 'ONLINE', 'USED', GETDATE()),
(NULL, 8, 4, 'TK-04-MOCK014', 7000, 'ONLINE', 'UNUSED', GETDATE()),
(11, 2, 2, 'TK-02-MOCK015', 7000, 'ONLINE', 'UNUSED', GETDATE());
GO

-- 9. CHÈN BẢNG MONTHLY PASS TYPES
SET IDENTITY_INSERT MonthlyPassTypes ON;
INSERT INTO MonthlyPassTypes (PassTypeID, TypeName, DiscountPercentage, Description) VALUES 
(1, N'Học sinh/Sinh viên (1 Tuyến)', 50.00, N'Dành cho HSSV, chỉ đi 1 tuyến cố định'),
(2, N'Học sinh/Sinh viên (Liên Tuyến)', 50.00, N'Dành cho HSSV, đi tất cả các tuyến'),
(3, N'Người cao tuổi', 100.00, N'Miễn phí toàn bộ mạng lưới buýt Hà Nội'),
(4, N'Phổ thông (Liên Tuyến)', 0.00, N'Vé tháng bình thường đi tất cả các tuyến');
SET IDENTITY_INSERT MonthlyPassTypes OFF;
GO

-- 10. CHÈN BẢNG MONTHLY PASSES (Vé Tháng)
INSERT INTO MonthlyPasses (AccountID, RouteID, PassTypeID, PassCode, StartDate, EndDate, Price, Status, ApprovedBy, ApprovedAt) VALUES 
(10, 1, 1, 'MP-SV-001', '2026-06-01', '2026-06-30', 50000, 'APPROVED', 2, GETDATE()),
(10, 2, 1, 'MP-SV-002', '2026-07-01', '2026-07-31', 50000, 'APPROVED', 2, GETDATE()),
(9, NULL, 4, 'MP-PT-001', '2026-06-01', '2026-06-30', 200000, 'PENDING', NULL, NULL),
(11, NULL, 3, 'MP-CT-001', '2026-01-01', '2026-12-31', 0, 'APPROVED', 1, GETDATE());
GO

-- 11. CHÈN BẢNG FAVORITES (Tuyến Xe Yêu Thích)
INSERT INTO Favorites (AccountID, RouteID) VALUES 
(9, 1), (9, 3), (10, 2), (10, 5), (11, 4);
GO

-- 12. CHÈN BẢNG SEARCH HISTORY (Lịch Sử Tìm Kiếm)
INSERT INTO SearchHistory (AccountID, FromStopID, ToStopID) VALUES 
(9, 1, 10), (9, 5, 20), (10, 3, 15);
GO

-- 13. CHÈN BẢNG NOTIFICATIONS
INSERT INTO Notifications (AccountID, NotificationType, Title, Content, IsRead) VALUES 
(10, 'PASS_APPROVED', N'Vé tháng đã được phê duyệt', N'Yêu cầu gia hạn vé tháng MP-SV-002 của bạn đã được duyệt thành công.', 0),
(9, 'SYSTEM_ALERT', N'Thay đổi lộ trình tuyến 01', N'Tuyến số 01 thay đổi tạm thời do sửa chữa đường tại phố Tây Sơn.', 0);
GO

-- 14. CHÈN BẢNG BUS LOCATIONS (Vị Trí GPS Xe Buýt)
INSERT INTO BusLocations (BusID, Latitude, Longitude, UpdatedAt) VALUES 
(1, 20.9967887, 105.8246316, GETDATE()),
(2, 21.0574704, 105.7748750, GETDATE()),
(3, 20.9782956, 105.8311788, GETDATE()),
(4, 21.0428017, 105.7799007, GETDATE()),
(5, 21.0317396, 105.8434734, GETDATE()),
(6, 20.9950549, 105.8299167, GETDATE()),
(7, 21.0127137, 105.8259216, GETDATE()),
(8, 21.0238276, 105.8293515, GETDATE()),
(9, 20.9983558, 105.8204975, GETDATE()),
(10, 21.0348214, 105.7834439, GETDATE()),
(11, 21.0000587, 105.8130615, GETDATE()),
(12, 21.0124029, 105.8158696, GETDATE()),
(13, 20.9826450, 105.8285382, GETDATE()),
(14, 21.0125309, 105.8131847, GETDATE()),
(15, 21.0489094, 105.8287239, GETDATE());
GO

