-- ========================================================
-- MOCK DATA TỰ ĐỘNG SINH TỪ DỮ LIỆU XE BUÝT HÀ NỘI THỰC TẾ (JAVA ENGINE)
-- ========================================================

USE HanoiBusDB;
GO

-- NÂNG CẤP CẤU TRÚC CỘT HỖ TRỢ TIẾNG VIỆT VÀ ĐỘ DÀI MÔ TẢ
ALTER TABLE Routes ALTER COLUMN OperatingHours NVARCHAR(150) NOT NULL;
ALTER TABLE Routes ALTER COLUMN Frequency NVARCHAR(150);
GO

-- XÓA DỮ LIỆU CŨ TRƯỚC KHI CHÈN
DELETE FROM BusLocations;
DELETE FROM Notifications;
DELETE FROM SearchHistory;
DELETE FROM Favorites;
DELETE FROM MonthlyPasses;
DELETE FROM MonthlyPassTypes;
DELETE FROM Tickets;
DELETE FROM Attendance;
DELETE FROM Trips;
DELETE FROM Route_Stop;
DELETE FROM Buses;
DELETE FROM Routes;
DELETE FROM Stops;
DELETE FROM Accounts;
DELETE FROM Roles;
GO

-- 1. CHÈN BẢNG ROLES
SET IDENTITY_INSERT Roles ON;
INSERT INTO Roles (RoleID, RoleName) VALUES (1, 'ADMIN'), (2, 'STAFF'), (3, 'DRIVER'), (4, 'ASSISTANT'), (5, 'CUSTOMER');
SET IDENTITY_INSERT Roles OFF;
GO

-- 2. CHÈN BẢNG ACCOUNTS
SET IDENTITY_INSERT Accounts ON;
INSERT INTO Accounts (AccountID, Username, Password, FullName, Email, Phone, RoleID, IsActive) VALUES 
(1, 'admin', '$2a$10$.5Elh8fgxypNUWhpUUr/xOa2sZm0VIaE0qWuGGl9otUfobb46T1Pq', N'Lê Quản Trị', 'admin@bus.vn', '0901234561', 1, 1),
(2, 'staff01', '$2a$10$.5Elh8fgxypNUWhpUUr/xOa2sZm0VIaE0qWuGGl9otUfobb46T1Pq', N'Nguyễn Văn Trạm', 'staff01@bus.vn', '0901234562', 2, 1),
(3, 'staff02', '$2a$10$.5Elh8fgxypNUWhpUUr/xOa2sZm0VIaE0qWuGGl9otUfobb46T1Pq', N'Trần Thị Quầy', 'staff02@bus.vn', '0901234563', 2, 1),
(4, 'driver01', '$2a$10$.5Elh8fgxypNUWhpUUr/xOa2sZm0VIaE0qWuGGl9otUfobb46T1Pq', N'Bác Tài Số Một', 'driver01@bus.vn', '0901234564', 3, 1),
(5, 'driver02', '$2a$10$.5Elh8fgxypNUWhpUUr/xOa2sZm0VIaE0qWuGGl9otUfobb46T1Pq', N'Bác Tài Số Hai', 'driver02@bus.vn', '0901234565', 3, 1),
(6, 'driver03', '$2a$10$.5Elh8fgxypNUWhpUUr/xOa2sZm0VIaE0qWuGGl9otUfobb46T1Pq', N'Bác Tài Số Ba', 'driver03@bus.vn', '0901234566', 3, 1),
(7, 'assistant01', '$2a$10$.5Elh8fgxypNUWhpUUr/xOa2sZm0VIaE0qWuGGl9otUfobb46T1Pq', N'Hoàng Soát Vé', 'assist01@bus.vn', '0901234567', 4, 1),
(8, 'assistant02', '$2a$10$.5Elh8fgxypNUWhpUUr/xOa2sZm0VIaE0qWuGGl9otUfobb46T1Pq', N'Đinh Lơ Xe', 'assist02@bus.vn', '0901234568', 4, 1),
(9, 'customer1', '$2a$10$.5Elh8fgxypNUWhpUUr/xOa2sZm0VIaE0qWuGGl9otUfobb46T1Pq', N'Nguyễn Nhật Linh', 'linh@bus.vn', '0911111111', 5, 1),
(10, 'customer2', '$2a$10$.5Elh8fgxypNUWhpUUr/xOa2sZm0VIaE0qWuGGl9otUfobb46T1Pq', N'Trần Sinh Viên', 'sv@bus.vn', '0922222222', 5, 1),
(11, 'customer3', '$2a$10$.5Elh8fgxypNUWhpUUr/xOa2sZm0VIaE0qWuGGl9otUfobb46T1Pq', N'Phan Khách Hàng', 'khach@bus.vn', '0933333333', 5, 1);
SET IDENTITY_INSERT Accounts OFF;
GO

-- 3. CHÈN BẢNG STOPS (1391 Trạm Dừng)
SET IDENTITY_INSERT Stops ON;
INSERT INTO Stops (StopID, StopName, Address, Latitude, Longitude) VALUES 
(1, N'549 Nguyễn Văn Cừ - Biển báo số 1', N'549 Nguyễn Văn Cừ - Biển báo số 1, Hà Nội', 20.9859966, 105.8279419),
(2, N'Cty Cầu 5 Thăng Long - 307 Nguyễn Văn Cừ', N'Cty Cầu 5 Thăng Long - 307 Nguyễn Văn Cừ, Hà Nội', 21.0282202, 105.7592371),
(3, N'135 Nguyễn Văn Cừ', N'135 Nguyễn Văn Cừ, Hà Nội', 20.9803961, 105.8465091),
(4, N'E3.1 Trung chuyển Long Biên', N'E3.1 Trung chuyển Long Biên, Hà Nội', 20.9690298, 105.8241863),
(5, N'50 Hàng Cót', N'50 Hàng Cót, Hà Nội', 21.0436372, 105.8079169),
(6, N'28 Đường Thành', N'28 Đường Thành, Hà Nội', 20.9757931, 105.8413443),
(7, N'Bệnh viện Phụ sản TW - Đối diện số 4 Triệu Quốc Đạt', N'Bệnh viện Phụ sản TW - Đối diện số 4 Triệu Quốc Đạt, Hà Nội', 21.0074524, 105.8124928),
(8, N'Đối diện tháp Hà Nội - Hai Bà Trưng (cạnh 56 Hai Bà Trưng)', N'Đối diện tháp Hà Nội - Hai Bà Trưng (cạnh 56 Hai Bà Trưng), Hà Nội', 21.0457284, 105.7892282),
(9, N'Tổng công ty Đường sắt Việt Nam - 116 Lê Duẩn', N'Tổng công ty Đường sắt Việt Nam - 116 Lê Duẩn, Hà Nội', 20.9773710, 105.8132703),
(10, N'Ga Hà Nội - 120 Lê Duẩn', N'Ga Hà Nội - 120 Lê Duẩn, Hà Nội', 20.9581078, 105.8137463),
(11, N'78-80A Khâm Thiên (Đối diện 71)', N'78-80A Khâm Thiên (Đối diện 71), Hà Nội', 20.9620844, 105.8442272),
(12, N'274-276 Khâm Thiên', N'274-276 Khâm Thiên, Hà Nội', 21.0487104, 105.8155894),
(13, N'142-144 Nguyễn Lương Bằng', N'142-144 Nguyễn Lương Bằng, Hà Nội', 20.9886973, 105.8339561),
(14, N'Gò Đống Đa - Tây Sơn', N'Gò Đống Đa - Tây Sơn, Hà Nội', 20.9599338, 105.7655225),
(15, N'290 Tây Sơn', N'290 Tây Sơn, Hà Nội', 20.9756214, 105.8344569),
(16, N'94 Nguyễn Trãi', N'94 Nguyễn Trãi, Hà Nội', 20.9918836, 105.8265373),
(17, N'332 Nguyễn Trãi', N'332 Nguyễn Trãi, Hà Nội', 20.9865257, 105.7690589),
(18, N'386 Nguyễn Trãi - Cục Sở hữu trí tuệ', N'386 Nguyễn Trãi - Cục Sở hữu trí tuệ, Hà Nội', 21.0329841, 105.8002008),
(19, N'Hè trước Bách hóa Thanh Xuân - đường Nguyễn Trãi', N'Hè trước Bách hóa Thanh Xuân - đường Nguyễn Trãi, Hà Nội', 20.9685469, 105.8309198),
(20, N'204-206 Nguyễn Trãi ( Gần ngã 3 Nguyễn Trãi - Lương Thế Vinh )', N'204-206 Nguyễn Trãi ( Gần ngã 3 Nguyễn Trãi - Lương Thế Vinh ), Hà Nội', 20.9800009, 105.7560415),
(21, N'Công ty CP Công trình GT 873 - Nguyễn Trãi', N'Công ty CP Công trình GT 873 - Nguyễn Trãi, Hà Nội', 20.9858700, 105.8441184),
(22, N'Cửa hàng bán xe ôtô Hoà Bình - Trần Phú (Hà Đông)', N'Cửa hàng bán xe ôtô Hoà Bình - Trần Phú (Hà Đông), Hà Nội', 20.9668393, 105.8474440),
(23, N'Học viện công nghệ bưu chính viễn thông - Trần Phú (Hà Đông)', N'Học viện công nghệ bưu chính viễn thông - Trần Phú (Hà Đông), Hà Nội', 20.9958258, 105.8330447),
(24, N'Công ty Điện lực TP cơ sở 2 - 100 Trần Phú (Hà Đông)', N'Công ty Điện lực TP cơ sở 2 - 100 Trần Phú (Hà Đông), Hà Nội', 21.0090789, 105.7652733),
(25, N'Khách sạn Sông Nhuệ (148 Trần Phú- Hà Đông)', N'Khách sạn Sông Nhuệ (148 Trần Phú- Hà Đông), Hà Nội', 20.9788130, 105.8326114),
(26, N'8 Quang Trung - Siêu thị Hiway', N'8 Quang Trung - Siêu thị Hiway, Hà Nội', 21.0369282, 105.8313349),
(27, N'Chi cục quản lý thị trường Hà Nội - 78 Quang Trung (Hà Đông)', N'Chi cục quản lý thị trường Hà Nội - 78 Quang Trung (Hà Đông), Hà Nội', 21.0256355, 105.8117514),
(28, N'Nhà thi đấu Hà Đông - 182 Quang Trung (Hà Đông)', N'Nhà thi đấu Hà Đông - 182 Quang Trung (Hà Đông), Hà Nội', 21.0331314, 105.7877735),
(29, N'268 Quang Trung - Hà Đông', N'268 Quang Trung - Hà Đông, Hà Nội', 21.0062584, 105.7757296),
(30, N'Đối diện KĐT Văn Phú - 418 Quang Trung (Hà Đông)', N'Đối diện KĐT Văn Phú - 418 Quang Trung (Hà Đông), Hà Nội', 21.0143304, 105.7956493),
(31, N'530 - 532 Quang Trung (Hà Đông)', N'530 - 532 Quang Trung (Hà Đông), Hà Nội', 20.9925181, 105.7589932),
(32, N'678 - 680 Quang Trung (Hà Đông)', N'678 - 680 Quang Trung (Hà Đông), Hà Nội', 20.9944838, 105.8161786),
(33, N'Showroom ô tô Trường Sơn (đối diện Nissan Hà Đông km 14+600, Quốc lộ 6)', N'Showroom ô tô Trường Sơn (đối diện Nissan Hà Đông km 14+600, Quốc lộ 6), Hà Nội', 20.9839863, 105.8195966),
(34, N'Đối diện trường trung cấp kinh tế - Tài chính Hà Nội B', N'Đối diện trường trung cấp kinh tế - Tài chính Hà Nội B, Hà Nội', 21.0471681, 105.8115084),
(35, N'Đối diện Bệnh Viện Trung ương Quân đội 108 - Trần Hưng Đạo', N'Đối diện Bệnh Viện Trung ương Quân đội 108 - Trần Hưng Đạo, Hà Nội', 20.9909679, 105.7986822),
(36, N'9 Trần Thánh Tông', N'9 Trần Thánh Tông, Hà Nội', 21.0399324, 105.7683971),
(37, N'Hè cạnh vườn hoa 19-8', N'Hè cạnh vườn hoa 19-8, Hà Nội', 20.9615273, 105.8140620),
(38, N'22B Hai Bà Trưng', N'22B Hai Bà Trưng, Hà Nội', 21.0483509, 105.8178011),
(39, N'48 Hai Bà Trưng - Viện Kiểm Nghiệm thuốc Trung ương', N'48 Hai Bà Trưng - Viện Kiểm Nghiệm thuốc Trung ương, Hà Nội', 21.0004703, 105.8156382),
(40, N'6-8 Tràng Thi (Qua ngã 4 Tràng Thi - Lý Quốc Sư)', N'6-8 Tràng Thi (Qua ngã 4 Tràng Thi - Lý Quốc Sư), Hà Nội', 20.9700166, 105.7961252),
(41, N'Bệnh viện Việt Đức - 40 Tràng Thi', N'Bệnh viện Việt Đức - 40 Tràng Thi, Hà Nội', 21.0173699, 105.8422155),
(42, N'12A Điện Biên Phủ', N'12A Điện Biên Phủ, Hà Nội', 21.0494402, 105.7697664),
(43, N'Công viên Lê nin - Đối diện 34 Trần Phú', N'Công viên Lê nin - Đối diện 34 Trần Phú, Hà Nội', 20.9580082, 105.7842023),
(44, N'Bệnh viện Xanhpon - 12 Chu Văn An', N'Bệnh viện Xanhpon - 12 Chu Văn An, Hà Nội', 20.9936671, 105.8235937),
(45, N'92-94 Tôn Đức Thắng', N'92-94 Tôn Đức Thắng, Hà Nội', 21.0190192, 105.7747598),
(46, N'160 Tôn Đức Thắng', N'160 Tôn Đức Thắng, Hà Nội', 21.0053983, 105.7961268),
(47, N'276 Tôn Đức Thắng', N'276 Tôn Đức Thắng, Hà Nội', 21.0190501, 105.8031550),
(48, N'bến xe Giáp Bát - Tuyến 03 1 Toyota Giải Phóng - 807 Giải Phóng', N'bến xe Giáp Bát - Tuyến 03 1 Toyota Giải Phóng - 807 Giải Phóng, Hà Nội', 20.9854974, 105.8294363),
(49, N'649 Giải Phóng', N'649 Giải Phóng, Hà Nội', 21.0014196, 105.7683843),
(50, N'487 Giải Phóng', N'487 Giải Phóng, Hà Nội', 20.9599891, 105.7901641),
(51, N'175-177 Giải Phóng (Ngã 3 Lê Thanh Nghị)', N'175-177 Giải Phóng (Ngã 3 Lê Thanh Nghị), Hà Nội', 20.9730377, 105.7685804),
(52, N'17 Giải Phóng - Biển báo số 2', N'17 Giải Phóng - Biển báo số 2, Hà Nội', 20.9680040, 105.8095689),
(53, N'Đối diện 394 Lê Duẩn', N'Đối diện 394 Lê Duẩn, Hà Nội', 21.0422599, 105.7522793),
(54, N'Công viên Thống Nhất - Đối diện 326 Lê Duẩn', N'Công viên Thống Nhất - Đối diện 326 Lê Duẩn, Hà Nội', 21.0065937, 105.7851263),
(55, N'1A Yết Kiêu', N'1A Yết Kiêu, Hà Nội', 21.0043865, 105.8413158),
(56, N'Cung VH Hữu Nghị Việt Xô - 91 Trần Hưng Đạo', N'Cung VH Hữu Nghị Việt Xô - 91 Trần Hưng Đạo, Hà Nội', 20.9659405, 105.7839732),
(57, N'67 Trần Hưng Đạo', N'67 Trần Hưng Đạo, Hà Nội', 21.0376742, 105.7719323),
(58, N'Trường Tiểu học Võ Thị Sáu - 35 Trần Hưng Đạo', N'Trường Tiểu học Võ Thị Sáu - 35 Trần Hưng Đạo, Hà Nội', 21.0042089, 105.7893584),
(59, N'13A Trần Hưng Đạo', N'13A Trần Hưng Đạo, Hà Nội', 21.0150164, 105.7906288),
(60, N'Cổng bệnh viện Quân y 108 - Đối diện 2E Trần Hưng Đạo', N'Cổng bệnh viện Quân y 108 - Đối diện 2E Trần Hưng Đạo, Hà Nội', 21.0051308, 105.8352717),
(61, N'Đối diện khu tập thể 15C Trần Khánh Dư (chiều Trần Khánh Dư đi cầu Chương Dương)', N'Đối diện khu tập thể 15C Trần Khánh Dư (chiều Trần Khánh Dư đi cầu Chương Dương), Hà Nội', 21.0068554, 105.7843454),
(62, N'Trước Phố Chương Dương Độ (Đối diện 198 Trần Quang Khải)', N'Trước Phố Chương Dương Độ (Đối diện 198 Trần Quang Khải), Hà Nội', 21.0333929, 105.7815461),
(63, N'Cạnh Phố Hàm Tử Quan (Đối diện 162 Trần Quang Khải)', N'Cạnh Phố Hàm Tử Quan (Đối diện 162 Trần Quang Khải), Hà Nội', 21.0494271, 105.8207618),
(64, N'80 Trần Nhật Duật', N'80 Trần Nhật Duật, Hà Nội', 20.9529887, 105.7919880),
(65, N'Tổng cục Hải Quan - 162 Nguyễn Văn Cừ (Cột 2)', N'Tổng cục Hải Quan - 162 Nguyễn Văn Cừ (Cột 2), Hà Nội', 20.9790972, 105.8238164),
(66, N'358 - 360 Nguyễn Văn Cừ', N'358 - 360 Nguyễn Văn Cừ, Hà Nội', 21.0019240, 105.7914640),
(67, N'Đối diện 447 Ngọc Lâm - Vườn hoa Gia Lâm B', N'Đối diện 447 Ngọc Lâm - Vườn hoa Gia Lâm B, Hà Nội', 20.9883349, 105.8119838),
(68, N'17 Giải Phóng - Biển báo số 1', N'17 Giải Phóng - Biển báo số 1, Hà Nội', 21.0230077, 105.7943805),
(69, N'162 Nguyễn Văn Cừ - Biển báo số 1', N'162 Nguyễn Văn Cừ - Biển báo số 1, Hà Nội', 21.0417788, 105.7824229),
(70, N'436 - 438 Nguyễn Văn Cừ', N'436 - 438 Nguyễn Văn Cừ, Hà Nội', 21.0349383, 105.8166184),
(71, N'Hè trước nhà số 548 Nguyễn Văn Cừ', N'Hè trước nhà số 548 Nguyễn Văn Cừ, Hà Nội', 21.0018852, 105.8327920),
(72, N'Phòng Công Chứng số 2 TPHN - 654 Nguyễn Văn Cừ', N'Phòng Công Chứng số 2 TPHN - 654 Nguyễn Văn Cừ, Hà Nội', 20.9904875, 105.8057419),
(73, N'18-20 Ngô Gia Tự', N'18-20 Ngô Gia Tự, Hà Nội', 20.9528096, 105.7743503),
(74, N'170 - 172 Ngô Gia Tự - Đối diện chợ Ô Cách', N'170 - 172 Ngô Gia Tự - Đối diện chợ Ô Cách, Hà Nội', 21.0093115, 105.7501757),
(75, N'318 Ngô Gia Tự', N'318 Ngô Gia Tự, Hà Nội', 20.9784574, 105.8049016),
(76, N'368 Ngô Gia Tự - Ngã 3 đường vào công An quận Long Biên', N'368 Ngô Gia Tự - Ngã 3 đường vào công An quận Long Biên, Hà Nội', 20.9917627, 105.7570539),
(77, N'Đối diện Nhà K2 - KĐT Việt Hưng', N'Đối diện Nhà K2 - KĐT Việt Hưng, Hà Nội', 21.0460484, 105.7782046),
(78, N'Đối diện nhà B6 - KĐT Việt Hưng', N'Đối diện nhà B6 - KĐT Việt Hưng, Hà Nội', 21.0170510, 105.8205665),
(79, N'Trường học 05 - KĐT Việt Hưng', N'Trường học 05 - KĐT Việt Hưng, Hà Nội', 20.9700776, 105.8276664),
(80, N'Đối diện VP Vincom Village', N'Đối diện VP Vincom Village, Hà Nội', 21.0041997, 105.8378889),
(81, N'Đối diện TTTM Vincom', N'Đối diện TTTM Vincom, Hà Nội', 20.9832129, 105.7764501),
(82, N'Chợ Phúc Lợi', N'Chợ Phúc Lợi, Hà Nội', 20.9674636, 105.7681564),
(83, N'Trường THPT Phúc Lợi - Ngõ 115 Phúc Lợi B Đầu B: Phúc Lợi', N'Trường THPT Phúc Lợi - Ngõ 115 Phúc Lợi B Đầu B: Phúc Lợi, Hà Nội', 21.0204545, 105.7935698),
(84, N'54 Nguyễn Hữu Huân', N'54 Nguyễn Hữu Huân, Hà Nội', 21.0292264, 105.7714477),
(85, N'36 Lý Thái Tổ - Cung thiếu nhi Hà Nội', N'36 Lý Thái Tổ - Cung thiếu nhi Hà Nội, Hà Nội', 21.0307959, 105.8361137),
(86, N'Đối diện Đại học Dược Hà Nội - 15 Lê Thánh Tông', N'Đối diện Đại học Dược Hà Nội - 15 Lê Thánh Tông, Hà Nội', 20.9628641, 105.8093747),
(87, N'34-36 Tăng Bạt Hổ', N'34-36 Tăng Bạt Hổ, Hà Nội', 20.9666538, 105.7514261),
(88, N'48B Tăng Bạt Hổ - Viện Dinh Dưỡng - Bộ y tế', N'48B Tăng Bạt Hổ - Viện Dinh Dưỡng - Bộ y tế, Hà Nội', 21.0256616, 105.8366257),
(89, N'172 Lò Đúc (Cửa hàng xe máy Honda)', N'172 Lò Đúc (Cửa hàng xe máy Honda), Hà Nội', 20.9655027, 105.7998949),
(90, N'86 Kim Ngưu', N'86 Kim Ngưu, Hà Nội', 21.0075911, 105.7636902),
(91, N'Tập thể E6 Quỳnh Mai - Kim Ngưu', N'Tập thể E6 Quỳnh Mai - Kim Ngưu, Hà Nội', 21.0304278, 105.7989351),
(92, N'Cửa hàng nhựa đường số 3 – 344 Kim Ngưu', N'Cửa hàng nhựa đường số 3 – 344 Kim Ngưu, Hà Nội', 20.9656084, 105.8249969),
(93, N'Cách cổng Công ty cơ khí Trần Hưng Đạo 40m - 18 Tam Trinh', N'Cách cổng Công ty cơ khí Trần Hưng Đạo 40m - 18 Tam Trinh, Hà Nội', 21.0367259, 105.7818231),
(94, N'20 Lĩnh Nam', N'20 Lĩnh Nam, Hà Nội', 21.0350956, 105.8438257),
(95, N'Đối diện 123 Lĩnh Nam - Thôn Tân Khai', N'Đối diện 123 Lĩnh Nam - Thôn Tân Khai, Hà Nội', 21.0402147, 105.8112278),
(96, N'374 Lĩnh Nam', N'374 Lĩnh Nam, Hà Nội', 21.0101787, 105.8456067),
(97, N'Trường THPT Hoàng Văn Thụ', N'Trường THPT Hoàng Văn Thụ, Hà Nội', 21.0395736, 105.7866033),
(98, N'376-378 Lĩnh Nam', N'376-378 Lĩnh Nam, Hà Nội', 20.9628670, 105.8346019),
(99, N'Bưu Điện Trung Tâm 6 - 582 Lĩnh Nam', N'Bưu Điện Trung Tâm 6 - 582 Lĩnh Nam, Hà Nội', 21.0498240, 105.8370460),
(100, N'Đình Nam Dư Hạ - Đường dẫn cầu Thanh Trì', N'Đình Nam Dư Hạ - Đường dẫn cầu Thanh Trì, Hà Nội', 21.0273132, 105.8154641),
(101, N'Qua đường vào chùa Khuyến Lương - Đường dẫn cầu Thanh Trì', N'Qua đường vào chùa Khuyến Lương - Đường dẫn cầu Thanh Trì, Hà Nội', 20.9769655, 105.7967891),
(102, N'Số nhà 43 - Tổ 14 - Phường Yên Sở - Đường dẫn cầu Thanh Trì', N'Số nhà 43 - Tổ 14 - Phường Yên Sở - Đường dẫn cầu Thanh Trì, Hà Nội', 21.0099633, 105.8108012),
(103, N'Công ty TNHH Minh Trường Sinh - Đường dẫn cầu Thanh Trì', N'Công ty TNHH Minh Trường Sinh - Đường dẫn cầu Thanh Trì, Hà Nội', 21.0448228, 105.8191950),
(104, N'Qua lối rẽ khu hành chính quận Hoàng Mai - đường Pháp Vân', N'Qua lối rẽ khu hành chính quận Hoàng Mai - đường Pháp Vân, Hà Nội', 20.9989629, 105.7986245),
(105, N'Đối diện Tập thể Bến xe Nước ngầm Hà Nội - Ngọc Hồi', N'Đối diện Tập thể Bến xe Nước ngầm Hà Nội - Ngọc Hồi, Hà Nội', 21.0143140, 105.7969257),
(106, N'Trường PTTH Việt Nam Balan (Đối diện Khách sạn Nam Thành) - Ngọc Hồi B Bến xe Nước Ngầm', N'Trường PTTH Việt Nam Balan (Đối diện Khách sạn Nam Thành) - Ngọc Hồi B Bến xe Nước Ngầm, Hà Nội', 21.0369110, 105.7694412),
(107, N'Nhà NƠ. 1A KĐT Linh Đàm - Nguyễn Duy Trinh', N'Nhà NƠ. 1A KĐT Linh Đàm - Nguyễn Duy Trinh, Hà Nội', 20.9526401, 105.8209111),
(108, N'Đối diện Trạm cấp nước Linh Đàm - Nguyễn Hữu Thọ', N'Đối diện Trạm cấp nước Linh Đàm - Nguyễn Hữu Thọ, Hà Nội', 20.9898981, 105.7817526),
(109, N'Công viên Bắc Linh Đàm - Nguyễn Hữu Thọ', N'Công viên Bắc Linh Đàm - Nguyễn Hữu Thọ, Hà Nội', 20.9553044, 105.8288017),
(110, N'Điểm xén hè (Toà nhà CT2 - KĐT Bắc Linh Đàm) - Cầu Dậu', N'Điểm xén hè (Toà nhà CT2 - KĐT Bắc Linh Đàm) - Cầu Dậu, Hà Nội', 20.9927391, 105.7768503),
(111, N'Đối diện cổng phụ Bệnh viện đa khoa y học cổ truyền', N'Đối diện cổng phụ Bệnh viện đa khoa y học cổ truyền, Hà Nội', 20.9974027, 105.7647838),
(112, N'Đối diện trường Tiểu học, THCS Đại Kim', N'Đối diện trường Tiểu học, THCS Đại Kim, Hà Nội', 20.9754097, 105.7990568),
(113, N'Đối diện 222 Kim Giang', N'Đối diện 222 Kim Giang, Hà Nội', 20.9922914, 105.7969518),
(114, N'Đối diện 32 Kim Giang', N'Đối diện 32 Kim Giang, Hà Nội', 20.9789149, 105.7559336),
(115, N'Đối diện 272 Khương Đình', N'Đối diện 272 Khương Đình, Hà Nội', 20.9655198, 105.8158735),
(116, N'Đối diện 134 Khương Đình', N'Đối diện 134 Khương Đình, Hà Nội', 20.9501701, 105.8444860),
(117, N'90 Nguyễn Tuân', N'90 Nguyễn Tuân, Hà Nội', 21.0098261, 105.7685501),
(118, N'Làng Sinh viên Hacinco - Nguyễn Tuân', N'Làng Sinh viên Hacinco - Nguyễn Tuân, Hà Nội', 20.9649447, 105.7640223),
(119, N'Qua Nhà N1A KĐT Trung Hòa Nhân Chính 50m - Hoàng Minh Giám', N'Qua Nhà N1A KĐT Trung Hòa Nhân Chính 50m - Hoàng Minh Giám, Hà Nội', 20.9730320, 105.7656655),
(120, N'Trường THPT chuyên Hà Nội - Amsterdam (Hoàng Minh Giám)', N'Trường THPT chuyên Hà Nội - Amsterdam (Hoàng Minh Giám), Hà Nội', 20.9655164, 105.8340782),
(121, N'Trường THPT Nguyễn Bỉnh Khiêm - đường Nguyễn Chánh', N'Trường THPT Nguyễn Bỉnh Khiêm - đường Nguyễn Chánh, Hà Nội', 21.0448296, 105.8368344),
(122, N'54 Vũ Phạm Hàm', N'54 Vũ Phạm Hàm, Hà Nội', 21.0154080, 105.8366957),
(123, N'Trường CĐ Cộng Đồng Hà Nội - 102 Trung Kinh', N'Trường CĐ Cộng Đồng Hà Nội - 102 Trung Kinh, Hà Nội', 20.9507392, 105.7985005),
(124, N'Trước trường THCS Yên Hòa 30m - Trung Kính', N'Trước trường THCS Yên Hòa 30m - Trung Kính, Hà Nội', 20.9674251, 105.8063530),
(125, N'Qua đối diện Viện Huyết học và truyền máu Trung ương 20m - Trần Thái Tông', N'Qua đối diện Viện Huyết học và truyền máu Trung ương 20m - Trần Thái Tông, Hà Nội', 21.0319296, 105.8422037),
(126, N'Sân bóng Đồng Bông - Tôn Thất Thuyết (gần ĐH FPT)', N'Sân bóng Đồng Bông - Tôn Thất Thuyết (gần ĐH FPT), Hà Nội', 21.0131875, 105.7979657),
(127, N'Toyota Mỹ Đình - Tôn Thất Thuyết', N'Toyota Mỹ Đình - Tôn Thất Thuyết, Hà Nội', 20.9881235, 105.8471235),
(128, N'Vịnh xén hè trước Công ty cổ phần Sông Đà 9 - đường Nguyễn Hoàng', N'Vịnh xén hè trước Công ty cổ phần Sông Đà 9 - đường Nguyễn Hoàng, Hà Nội', 21.0324409, 105.7736377),
(129, N'Vịnh xén hè xe buýt trước tòa nhà PT2 - KĐT Phú Mỹ - Đường Nguyễn Hoàng', N'Vịnh xén hè xe buýt trước tòa nhà PT2 - KĐT Phú Mỹ - Đường Nguyễn Hoàng, Hà Nội', 20.9874745, 105.7701276),
(130, N'Vịnh xén hè xe buýt trước tòa nhà Sun Square - Đường Nguyễn Hoàng', N'Vịnh xén hè xe buýt trước tòa nhà Sun Square - Đường Nguyễn Hoàng, Hà Nội', 20.9886637, 105.7622172),
(131, N'Hè đối diện Đơn nguyên 2 KTX Mỹ Đình - đường Hàm Nghi', N'Hè đối diện Đơn nguyên 2 KTX Mỹ Đình - đường Hàm Nghi, Hà Nội', 21.0020841, 105.7689891),
(132, N'264-266 Hồ Tùng Mậu', N'264-266 Hồ Tùng Mậu, Hà Nội', 21.0238267, 105.7622177),
(133, N'Đối diện 51 Đường K1 Cầu Diễn', N'Đối diện 51 Đường K1 Cầu Diễn, Hà Nội', 21.0107413, 105.7700092),
(134, N'Lối rẽ vào ga Phú Diễn - Đường K1 Cầu Diễn', N'Lối rẽ vào ga Phú Diễn - Đường K1 Cầu Diễn, Hà Nội', 20.9896374, 105.7782919),
(135, N'Đối diện cổng làng Phú Diễn - Đường K1 Cầu Diễn B', N'Đối diện cổng làng Phú Diễn - Đường K1 Cầu Diễn B, Hà Nội', 21.0214971, 105.7999672),
(136, N'Đối diện Bến xe Giáp Bát - Giải Phóng', N'Đối diện Bến xe Giáp Bát - Giải Phóng, Hà Nội', 21.0152008, 105.8042023),
(137, N'Ga Giáp Bát - Đối diện 1035 Giải Phóng', N'Ga Giáp Bát - Đối diện 1035 Giải Phóng, Hà Nội', 21.0058526, 105.7641422),
(138, N'Đối diện 1251 Giải Phóng', N'Đối diện 1251 Giải Phóng, Hà Nội', 20.9517467, 105.7911081),
(139, N'Trường PTTH Việt Nam Balan (Đối diện Khách sạn Nam Thành) - Ngọc Hồi', N'Trường PTTH Việt Nam Balan (Đối diện Khách sạn Nam Thành) - Ngọc Hồi, Hà Nội', 21.0036183, 105.7670867),
(140, N'Qua đường vào Bệnh viện đa khoa Thăng Long 60m - Đối diện 171 Ngọc Hồi', N'Qua đường vào Bệnh viện đa khoa Thăng Long 60m - Đối diện 171 Ngọc Hồi, Hà Nội', 20.9539254, 105.7689959),
(141, N'Đối diện TCT cơ điện nông nghiệp & Thủy lợi (Văn Điển) - 264 Ngọc Hồi', N'Đối diện TCT cơ điện nông nghiệp & Thủy lợi (Văn Điển) - 264 Ngọc Hồi, Hà Nội', 20.9529183, 105.8409027),
(142, N'Đối diện Trụ sở HĐND huyện Thanh Trì - Ngọc Hồi', N'Đối diện Trụ sở HĐND huyện Thanh Trì - Ngọc Hồi, Hà Nội', 20.9541442, 105.8212062),
(143, N'Qua ngã 3 Ngọc Hồi - Phan Trọng Tuệ 100m - Ngọc Hồi', N'Qua ngã 3 Ngọc Hồi - Phan Trọng Tuệ 100m - Ngọc Hồi, Hà Nội', 21.0233432, 105.7669602),
(144, N'Qua Khu tập thể LICÔLA 100m - Ngọc Hồi', N'Qua Khu tập thể LICÔLA 100m - Ngọc Hồi, Hà Nội', 20.9615137, 105.8472657),
(145, N'Đối diện Vidamco (Văn Điển) - Ngọc Hồi', N'Đối diện Vidamco (Văn Điển) - Ngọc Hồi, Hà Nội', 20.9819186, 105.7513157),
(146, N'Qua Công ty CP Vận tải & Dịch vụ TS 15m - Ngọc Hồi', N'Qua Công ty CP Vận tải & Dịch vụ TS 15m - Ngọc Hồi, Hà Nội', 20.9701999, 105.7876113),
(147, N'Viện nghiên cứu trồng & phát triển cây trồng', N'Viện nghiên cứu trồng & phát triển cây trồng, Hà Nội', 21.0013409, 105.8415282),
(148, N'Đội 7 Thôn Ngọc Hồi - Km 186+350 Quốc Lộ 1A', N'Đội 7 Thôn Ngọc Hồi - Km 186+350 Quốc Lộ 1A, Hà Nội', 20.9933196, 105.8252966),
(149, N'Cụm Công nghiệp vừa và nhỏ Ngọc Hồi - Km 186+900 Quốc Lộ 1A', N'Cụm Công nghiệp vừa và nhỏ Ngọc Hồi - Km 186+900 Quốc Lộ 1A, Hà Nội', 21.0278416, 105.7531381),
(150, N'Cách đường vào UBND xã Liên Ninh 60m - Km 187+680 Quốc Lộ 1A', N'Cách đường vào UBND xã Liên Ninh 60m - Km 187+680 Quốc Lộ 1A, Hà Nội', 21.0479951, 105.8244026),
(151, N'Đối diện Cây xăng Liên Ninh - Quốc Lộ 1A', N'Đối diện Cây xăng Liên Ninh - Quốc Lộ 1A, Hà Nội', 20.9620760, 105.8077652),
(152, N'Qua lối rẽ vào Đình đền làng Yên Phú 100m (Chiều Ga HN-Thường Tín) - Quốc lộ 1A', N'Qua lối rẽ vào Đình đền làng Yên Phú 100m (Chiều Ga HN-Thường Tín) - Quốc lộ 1A, Hà Nội', 21.0047775, 105.8126231),
(153, N'Đường vào Xí Nghiệp 198 - Km 189+780 Quốc Lộ 1A', N'Đường vào Xí Nghiệp 198 - Km 189+780 Quốc Lộ 1A, Hà Nội', 20.9705944, 105.7715979),
(154, N'Đường vào Trại tạm giam số 2 - Km 190+380 Quốc Lộ 1A', N'Đường vào Trại tạm giam số 2 - Km 190+380 Quốc Lộ 1A, Hà Nội', 20.9803734, 105.7663811),
(155, N'Qua lối rẽ trạm biến áp 500KV (Khu Ga Thường Tín) 50m - Km 191+360 Quốc Lộ 1A', N'Qua lối rẽ trạm biến áp 500KV (Khu Ga Thường Tín) 50m - Km 191+360 Quốc Lộ 1A, Hà Nội', 21.0377360, 105.8229877),
(156, N'165 Thị trấn Thường Tín - Km 192 Quốc Lộ 1A', N'165 Thị trấn Thường Tín - Km 192 Quốc Lộ 1A, Hà Nội', 20.9964559, 105.8108297),
(157, N'Đường vào Bệnh viện tâm thần Trung ương - Km 192+660 Quốc Lộ 1A', N'Đường vào Bệnh viện tâm thần Trung ương - Km 192+660 Quốc Lộ 1A, Hà Nội', 20.9882000, 105.7709305),
(158, N'Qua BX Thường Tín 50m - Quốc Lộ 1A', N'Qua BX Thường Tín 50m - Quốc Lộ 1A, Hà Nội', 21.0493139, 105.8042254),
(159, N'Đối diện công ty PTXD Hoàng Long - Quốc Lộ 1A', N'Đối diện công ty PTXD Hoàng Long - Quốc Lộ 1A, Hà Nội', 20.9590781, 105.7924039),
(160, N'Cửa hàng điện thoại di động Minh Thanh - Quốc Lộ 1A', N'Cửa hàng điện thoại di động Minh Thanh - Quốc Lộ 1A, Hà Nội', 21.0351918, 105.8364108),
(161, N'Đông Y Phúc Kiên (Chợ Cầu) - Quốc Lộ 1A', N'Đông Y Phúc Kiên (Chợ Cầu) - Quốc Lộ 1A, Hà Nội', 20.9767985, 105.7558527),
(162, N'Qua đường vào xưởng thêu tay - Quốc Lộ 1A', N'Qua đường vào xưởng thêu tay - Quốc Lộ 1A, Hà Nội', 20.9543931, 105.8345273),
(163, N'Cửa hàng ĐTDĐ Mạnh Cường (27 Tô Hiệu - Phố Tía) - Quốc Lộ 1A', N'Cửa hàng ĐTDĐ Mạnh Cường (27 Tô Hiệu - Phố Tía) - Quốc Lộ 1A, Hà Nội', 20.9992122, 105.7505472),
(164, N'Rặng nhãn - Gần ga Tía - Km 201+50 - Quốc Lộ 1A', N'Rặng nhãn - Gần ga Tía - Km 201+50 - Quốc Lộ 1A, Hà Nội', 20.9735709, 105.8355786),
(165, N'Đối diện đình Nguộn - Quốc Lộ 1A', N'Đối diện đình Nguộn - Quốc Lộ 1A, Hà Nội', 21.0159655, 105.8471154),
(166, N'Cửa hàng đồ gỗ Thanh Bình, qua cầu Đỗ Xá - Quốc lộ 1A', N'Cửa hàng đồ gỗ Thanh Bình, qua cầu Đỗ Xá - Quốc lộ 1A, Hà Nội', 20.9600997, 105.7550962),
(167, N'Đối diện café Mê Trang - Quốc Lộ 1A', N'Đối diện café Mê Trang - Quốc Lộ 1A, Hà Nội', 20.9613352, 105.7732327),
(168, N'Cửa hàng điện lạnh Hằng - Dịu - Quốc Lộ 1A', N'Cửa hàng điện lạnh Hằng - Dịu - Quốc Lộ 1A, Hà Nội', 21.0150196, 105.7539126),
(169, N'Đối diện đồ gỗ Ích Bùi (H5/206) - Phố Sổ - Quốc Lộ 1A', N'Đối diện đồ gỗ Ích Bùi (H5/206) - Phố Sổ - Quốc Lộ 1A, Hà Nội', 20.9828661, 105.8002750),
(170, N'Đồ gỗ Mỹ Hà - Quốc Lộ 1A', N'Đồ gỗ Mỹ Hà - Quốc Lộ 1A, Hà Nội', 21.0217700, 105.7809250),
(171, N'Bưu điện Phú Xuyên - Quốc Lộ 1A', N'Bưu điện Phú Xuyên - Quốc Lộ 1A, Hà Nội', 21.0264324, 105.8016791),
(172, N'Đối diện công ty giống cây trồng Nam Dương - Quốc Lộ 1A', N'Đối diện công ty giống cây trồng Nam Dương - Quốc Lộ 1A, Hà Nội', 20.9967735, 105.8487388),
(173, N'Phố Guột - Quốc Lộ 1A', N'Phố Guột - Quốc Lộ 1A, Hà Nội', 21.0437579, 105.7618242),
(174, N'Ngã 3 đường ra Cao tốc Pháp Vân - Cầu Giẽ - Quốc Lộ 1A B', N'Ngã 3 đường ra Cao tốc Pháp Vân - Cầu Giẽ - Quốc Lộ 1A B, Hà Nội', 20.9749068, 105.7812061),
(175, N'Gần cửa hàng thời trang Zulia’s (đối diện cột mốc H5/12) - TL 427', N'Gần cửa hàng thời trang Zulia’s (đối diện cột mốc H5/12) - TL 427, Hà Nội', 21.0019616, 105.7854341),
(176, N'Qua Siêu thị Lanchi Mart 100m - cạnh cột mốc H1/13 - TL 427', N'Qua Siêu thị Lanchi Mart 100m - cạnh cột mốc H1/13 - TL 427, Hà Nội', 20.9879899, 105.7571308),
(177, N'Cạnh cửa hàng đồ gỗ Điệp Trang (đối diện cột mốc H1/14) - TL 427', N'Cạnh cửa hàng đồ gỗ Điệp Trang (đối diện cột mốc H1/14) - TL 427, Hà Nội', 20.9763596, 105.7818236),
(178, N'Trước nhà 70 - 72 Thôn Vân Hoà - Xã Vân Tảo (Đường 71) - TL 427', N'Trước nhà 70 - 72 Thôn Vân Hoà - Xã Vân Tảo (Đường 71) - TL 427, Hà Nội', 20.9976506, 105.7627897),
(179, N'Đối diện Trường mầm non tư thục Bình Minh - TL 427 B', N'Đối diện Trường mầm non tư thục Bình Minh - TL 427 B, Hà Nội', 21.0375351, 105.7757464),
(180, N'Cạnh cột mốc H2/2 - TL429 xã Vạn Điểm', N'Cạnh cột mốc H2/2 - TL429 xã Vạn Điểm, Hà Nội', 21.0252674, 105.7574226),
(181, N'Đối diện đồ gỗ Đốc Hằng - TL429 xã Vạn Điểm', N'Đối diện đồ gỗ Đốc Hằng - TL429 xã Vạn Điểm, Hà Nội', 21.0016012, 105.8271740),
(182, N'Trước nhà 89 - 91 thôn Phú Thịnh - Phú Minh - TL429 B', N'Trước nhà 89 - 91 thôn Phú Thịnh - Phú Minh - TL429 B, Hà Nội', 20.9811654, 105.7504741),
(183, N'Nhà hàng Bằng Liễu - Đường trục huyện Thao Chính', N'Nhà hàng Bằng Liễu - Đường trục huyện Thao Chính, Hà Nội', 20.9986163, 105.8260236),
(184, N'Túi xách Tiến Thắm - Đường trục huyện Thao Chính', N'Túi xách Tiến Thắm - Đường trục huyện Thao Chính, Hà Nội', 21.0328407, 105.7871237),
(185, N'Đối diện trạm y tế xã Sơn Hà - Đường trục huyện Thao Chính', N'Đối diện trạm y tế xã Sơn Hà - Đường trục huyện Thao Chính, Hà Nội', 21.0282701, 105.7646697),
(186, N'Đối diện gần cửa hàng xăng dầu xã Tân Dân - Đường trục huyện Thao Chính', N'Đối diện gần cửa hàng xăng dầu xã Tân Dân - Đường trục huyện Thao Chính, Hà Nội', 20.9677076, 105.8395186),
(187, N'Qua cầu anh Trỗi 70m - Đường trục huyện Thao Chính B Tân Dân (Phú Xuyên)', N'Qua cầu anh Trỗi 70m - Đường trục huyện Thao Chính B Tân Dân (Phú Xuyên), Hà Nội', 21.0142453, 105.7810166),
(188, N'Nhà văn hoá thôn Tử Dương - TL 429', N'Nhà văn hoá thôn Tử Dương - TL 429, Hà Nội', 20.9997144, 105.8051284),
(189, N'Đối diện cột mốc Km5 - TL 429', N'Đối diện cột mốc Km5 - TL 429, Hà Nội', 21.0390702, 105.8079744),
(190, N'Đối diện gần trường THPT Đồng Quan - TL 429', N'Đối diện gần trường THPT Đồng Quan - TL 429, Hà Nội', 21.0411421, 105.8207706),
(191, N'Trước cầu Đồng Quan 70m', N'Trước cầu Đồng Quan 70m, Hà Nội', 21.0398100, 105.7613722),
(192, N'Gần cột mốc Km8+500 - TL 429', N'Gần cột mốc Km8+500 - TL 429, Hà Nội', 21.0110026, 105.8111076),
(193, N'Gần mốc Km9+600 - TL 429', N'Gần mốc Km9+600 - TL 429, Hà Nội', 20.9716090, 105.8476602),
(194, N'Gần mốc Km11+400 - TL 429', N'Gần mốc Km11+400 - TL 429, Hà Nội', 20.9796712, 105.8037965),
(195, N'Qua ngã 3 TL 429 đi Phú Túc - 200m', N'Qua ngã 3 TL 429 đi Phú Túc - 200m, Hà Nội', 21.0008774, 105.7751927),
(196, N'Gần ngã 3 vào làng Phú Túc', N'Gần ngã 3 vào làng Phú Túc, Hà Nội', 20.9557390, 105.7599764),
(197, N'Gần đối diện cổng làng Lưu Thượng B', N'Gần đối diện cổng làng Lưu Thượng B, Hà Nội', 20.9728277, 105.8084490),
(198, N'106-108 Cầu Giấy - Khách sạn Cầu Giấy', N'106-108 Cầu Giấy - Khách sạn Cầu Giấy, Hà Nội', 21.0055424, 105.7884071),
(199, N'Đối diện Trường Cao đẳng Điện tử - Điện lạnh Hà Nội', N'Đối diện Trường Cao đẳng Điện tử - Điện lạnh Hà Nội, Hà Nội', 21.0091023, 105.8132449),
(200, N'Bảo tàng dân tộc học Việt Nam - Nguyễn Văn Huyên', N'Bảo tàng dân tộc học Việt Nam - Nguyễn Văn Huyên, Hà Nội', 20.9584237, 105.8343257),
(201, N'90 Hoàng Quốc Việt - Ngã 3 Nguyễn Văn Huyên', N'90 Hoàng Quốc Việt - Ngã 3 Nguyễn Văn Huyên, Hà Nội', 21.0303911, 105.8027984),
(202, N'122-124 Hoàng Quốc Việt', N'122-124 Hoàng Quốc Việt, Hà Nội', 20.9915010, 105.7599688),
(203, N'212 Hoàng Quốc Việt - Đối diện HV Chính trị Quốc Gia Hồ Chí Minh', N'212 Hoàng Quốc Việt - Đối diện HV Chính trị Quốc Gia Hồ Chí Minh, Hà Nội', 20.9662270, 105.8094587),
(204, N'36A Phạm Văn Đồng', N'36A Phạm Văn Đồng, Hà Nội', 21.0065725, 105.7627099),
(205, N'527 Phạm Văn Đồng', N'527 Phạm Văn Đồng, Hà Nội', 21.0095522, 105.7749727),
(206, N'Qua 70m đường vào công viên Hòa Bình', N'Qua 70m đường vào công viên Hòa Bình, Hà Nội', 21.0087521, 105.8088909),
(207, N'373 Phạm Văn Đồng', N'373 Phạm Văn Đồng, Hà Nội', 20.9971896, 105.7733544),
(208, N'113 Phạm Văn Đồng', N'113 Phạm Văn Đồng, Hà Nội', 20.9715336, 105.7966815),
(209, N'Qua ngã 3 Hải Bối, Vĩnh Ngọc 300m', N'Qua ngã 3 Hải Bối, Vĩnh Ngọc 300m, Hà Nội', 21.0490072, 105.7547382),
(210, N'Qua ngã tư khu CN Thăng Long 100m (chiều Hà Nội - Nội Bài)', N'Qua ngã tư khu CN Thăng Long 100m (chiều Hà Nội - Nội Bài), Hà Nội', 21.0261988, 105.7996788),
(211, N'Đối diện UBND xã Kim Chung- Km 2+230 Cao tốc BTL-NB', N'Đối diện UBND xã Kim Chung- Km 2+230 Cao tốc BTL-NB, Hà Nội', 20.9783547, 105.8260418),
(212, N'Qua cầu chu dân sinh số 4 - Đường vào thôn Nhuế, Km 11+200 (chiều Hà Nội đi sân bay Nội Bài)', N'Qua cầu chu dân sinh số 4 - Đường vào thôn Nhuế, Km 11+200 (chiều Hà Nội đi sân bay Nội Bài), Hà Nội', 21.0448383, 105.7844616),
(213, N'Cầu Vân Trì- Km 4+560 Cao tốc BTL-NB', N'Cầu Vân Trì- Km 4+560 Cao tốc BTL-NB, Hà Nội', 20.9942566, 105.7648252),
(214, N'Trước 70m cầu vượt Ngã tư Nam Hồng Cao tốc BTL-NB', N'Trước 70m cầu vượt Ngã tư Nam Hồng Cao tốc BTL-NB, Hà Nội', 20.9957211, 105.8399458),
(215, N'Công ty cơ khí Nam Hồng- Km 6+120 Cao tốc BTL-NB', N'Công ty cơ khí Nam Hồng- Km 6+120 Cao tốc BTL-NB, Hà Nội', 20.9518840, 105.7964301),
(216, N'Đối diện KCN Quang Minh (Melinh Palaza) - Km 8+100 Cao tốc BTL-NB', N'Đối diện KCN Quang Minh (Melinh Palaza) - Km 8+100 Cao tốc BTL-NB, Hà Nội', 21.0373500, 105.8041389),
(217, N'Nhà máy tấm lợp VitMetal- Km 8+850 Cao tốc BTL-NB', N'Nhà máy tấm lợp VitMetal- Km 8+850 Cao tốc BTL-NB, Hà Nội', 20.9719881, 105.7512957),
(218, N'Soát vé cao tốc Bắc Thăng Long - Km 10+230 Cao tốc BTL-NB', N'Soát vé cao tốc Bắc Thăng Long - Km 10+230 Cao tốc BTL-NB, Hà Nội', 20.9832619, 105.8247713),
(219, N'Ngã tư Cao tốc TL- Phúc Yên - Km 11+700 Cao tốc BTL-NB', N'Ngã tư Cao tốc TL- Phúc Yên - Km 11+700 Cao tốc BTL-NB, Hà Nội', 21.0422602, 105.7592893),
(220, N'Qua 50m ngã 3 vào thôn Điền Xá', N'Qua 50m ngã 3 vào thôn Điền Xá, Hà Nội', 21.0134784, 105.8442862),
(221, N'Đối diện nhà ga T2 sân bay Nội Bài', N'Đối diện nhà ga T2 sân bay Nội Bài, Hà Nội', 21.0339970, 105.8309592),
(222, N'Đối diện nhà ga T1 Sân bay Nội Bài B', N'Đối diện nhà ga T1 Sân bay Nội Bài B, Hà Nội', 21.0304861, 105.7567986),
(223, N'40 Ngô Quyền - TT Giao Dịch Công Nghệ', N'40 Ngô Quyền - TT Giao Dịch Công Nghệ, Hà Nội', 21.0159824, 105.8218042),
(224, N'32 Lý Thường Kiệt - Trường THCS Trưng Vương', N'32 Lý Thường Kiệt - Trường THCS Trưng Vương, Hà Nội', 20.9577242, 105.8448867),
(225, N'58B Bà Triệu', N'58B Bà Triệu, Hà Nội', 21.0241591, 105.7749752),
(226, N'92-94 Bà Triệu', N'92-94 Bà Triệu, Hà Nội', 20.9567767, 105.7674615),
(227, N'180 -182 Bà Triệu', N'180 -182 Bà Triệu, Hà Nội', 20.9504464, 105.7902616),
(228, N'Đối diện Vincom Tower - Bà Triệu', N'Đối diện Vincom Tower - Bà Triệu, Hà Nội', 20.9958191, 105.8364585),
(229, N'216-218 Bạch Mai', N'216-218 Bạch Mai, Hà Nội', 21.0469729, 105.7727849),
(230, N'60 Lê Thanh Nghị', N'60 Lê Thanh Nghị, Hà Nội', 21.0363357, 105.7897306),
(231, N'Qua Viện tin học pháp ngữ 20m - Lê Thanh Nghị', N'Qua Viện tin học pháp ngữ 20m - Lê Thanh Nghị, Hà Nội', 21.0030266, 105.7735112),
(232, N'Kí túc xá ĐH Xây Dựng', N'Kí túc xá ĐH Xây Dựng, Hà Nội', 21.0177282, 105.8402701),
(233, N'106 Trần Đại Nghĩa', N'106 Trần Đại Nghĩa, Hà Nội', 21.0411852, 105.8455115),
(234, N'196 Giải Phóng - Ngân hàng Nông nghiệp & PTNT Chi nhánh Nam Hà Nội', N'196 Giải Phóng - Ngân hàng Nông nghiệp & PTNT Chi nhánh Nam Hà Nội, Hà Nội', 21.0101535, 105.7577700),
(235, N'352 Giải Phóng', N'352 Giải Phóng, Hà Nội', 20.9963750, 105.8048406),
(236, N'Đối diện 807 Giải Phóng', N'Đối diện 807 Giải Phóng, Hà Nội', 20.9747787, 105.8175365),
(237, N'Đối diện Công ty CP XNK vật tư Nông Nghiệp - Ngũ Hiệp', N'Đối diện Công ty CP XNK vật tư Nông Nghiệp - Ngũ Hiệp, Hà Nội', 20.9870172, 105.8029701),
(238, N'XN thiết bị y tế 130 - Ngũ Hiệp', N'XN thiết bị y tế 130 - Ngũ Hiệp, Hà Nội', 21.0176143, 105.8338953),
(239, N'Đối diện làng Tương Chúc - Ngũ Hiệp', N'Đối diện làng Tương Chúc - Ngũ Hiệp, Hà Nội', 20.9609533, 105.7889052),
(240, N'Cầu Đông Mỹ- Ngũ Hiệp (Chiều Long Biên - Đông Mỹ)', N'Cầu Đông Mỹ- Ngũ Hiệp (Chiều Long Biên - Đông Mỹ), Hà Nội', 21.0481823, 105.7804865),
(241, N'Trung tâm giáo dục thường xuyên Đông Mỹ - Ngũ Hiệp B', N'Trung tâm giáo dục thường xuyên Đông Mỹ - Ngũ Hiệp B, Hà Nội', 21.0005061, 105.7634279),
(242, N'Ngã 3 Lê Thái Tổ - Hàng Trống', N'Ngã 3 Lê Thái Tổ - Hàng Trống, Hà Nội', 20.9575012, 105.7882230),
(243, N'24A Bà Triệu', N'24A Bà Triệu, Hà Nội', 21.0008122, 105.8053541),
(244, N'Đối diện Trung tâm giải trí Ngôi Sao Xanh (Hồ Thiền Quang) - Trần Nhân Tông', N'Đối diện Trung tâm giải trí Ngôi Sao Xanh (Hồ Thiền Quang) - Trần Nhân Tông, Hà Nội', 21.0112152, 105.8031914),
(245, N'Flatfom dành riêng cho xe buýt trước nhà 80 Đường Láng', N'Flatfom dành riêng cho xe buýt trước nhà 80 Đường Láng, Hà Nội', 20.9934772, 105.7802555),
(246, N'220 đường Láng - Trường Đảng Lê Hồng Phong', N'220 đường Láng - Trường Đảng Lê Hồng Phong, Hà Nội', 21.0131682, 105.7814018),
(247, N'470 Đường Láng', N'470 Đường Láng, Hà Nội', 20.9736358, 105.8257914),
(248, N'97 Láng Hạ', N'97 Láng Hạ, Hà Nội', 21.0323229, 105.7950478),
(249, N'Đối diện Đài Truyền hình Hà Nội', N'Đối diện Đài Truyền hình Hà Nội, Hà Nội', 21.0026633, 105.8446091),
(250, N'20 Huỳnh Thúc Kháng', N'20 Huỳnh Thúc Kháng, Hà Nội', 21.0016437, 105.8258180),
(251, N'89 Nguyễn Chí Thanh - KTX Đại học Luật', N'89 Nguyễn Chí Thanh - KTX Đại học Luật, Hà Nội', 21.0010650, 105.8257153),
(252, N'Đối diện Học viện Quan hệ quốc tế - 69 Chùa Láng', N'Đối diện Học viện Quan hệ quốc tế - 69 Chùa Láng, Hà Nội', 20.9914144, 105.8248018),
(253, N'Đối diện THCS Láng Thượng - Chùa Láng', N'Đối diện THCS Láng Thượng - Chùa Láng, Hà Nội', 21.0164863, 105.7582858),
(254, N'1014 Đường Láng', N'1014 Đường Láng, Hà Nội', 21.0314316, 105.8256630),
(255, N'1152D Đường Láng', N'1152D Đường Láng, Hà Nội', 20.9503157, 105.7980737),
(256, N'ĐH Giao Thông Vận Tải - Điểm số 1', N'ĐH Giao Thông Vận Tải - Điểm số 1, Hà Nội', 21.0066116, 105.8080082),
(257, N'593 - 595 Kim Mã', N'593 - 595 Kim Mã, Hà Nội', 20.9530166, 105.7958905),
(258, N'Đại sứ quán Nhật Bản - 27 Liễu Giai', N'Đại sứ quán Nhật Bản - 27 Liễu Giai, Hà Nội', 20.9787756, 105.8212558),
(259, N'Viện Khoa học Xã Hội Việt Nam - số 1 Liễu Giai', N'Viện Khoa học Xã Hội Việt Nam - số 1 Liễu Giai, Hà Nội', 20.9531085, 105.8000785),
(260, N'73 Văn Cao - Đối diện Cung thể thao Quần Ngựa Hà Nội', N'73 Văn Cao - Đối diện Cung thể thao Quần Ngựa Hà Nội, Hà Nội', 20.9937196, 105.7958142),
(261, N'239-241 Hoàng Hoa Thám', N'239-241 Hoàng Hoa Thám, Hà Nội', 20.9676263, 105.8004570),
(262, N'Trường THCS Ba Đình - 145 Hoàng Hoa Thám', N'Trường THCS Ba Đình - 145 Hoàng Hoa Thám, Hà Nội', 21.0171526, 105.7880102),
(263, N'174 - 176 Ngọc Hà', N'174 - 176 Ngọc Hà, Hà Nội', 20.9529247, 105.7899181),
(264, N'91-93 Lê Hồng Phong', N'91-93 Lê Hồng Phong, Hà Nội', 21.0056840, 105.8279573),
(265, N'1B Lê Hồng Phong - Trung tâm TDTT Khúc Hạo', N'1B Lê Hồng Phong - Trung tâm TDTT Khúc Hạo, Hà Nội', 20.9938517, 105.7816627),
(266, N'7 Điện Biên Phủ', N'7 Điện Biên Phủ, Hà Nội', 20.9597597, 105.7654372),
(267, N'49 Hai Bà Trưng - Tháp Hà Nội', N'49 Hai Bà Trưng - Tháp Hà Nội, Hà Nội', 20.9966035, 105.8350097),
(268, N'37 Hai Bà Trưng - Bệnh viện Việt Nam Cu Ba', N'37 Hai Bà Trưng - Bệnh viện Việt Nam Cu Ba, Hà Nội', 21.0243002, 105.8378696),
(269, N'Bưu điện Thành phố Hà Nội - 75B Đinh Tiên Hoàng B', N'Bưu điện Thành phố Hà Nội - 75B Đinh Tiên Hoàng B, Hà Nội', 21.0459801, 105.8107781),
(270, N'608 - 610 Ngô Gia Tự - gần đường lên Cầu Đuống', N'608 - 610 Ngô Gia Tự - gần đường lên Cầu Đuống, Hà Nội', 20.9997616, 105.8165734),
(271, N'Cạnh đường vào Phù Đổng - 44 Hà Huy Tập', N'Cạnh đường vào Phù Đổng - 44 Hà Huy Tập, Hà Nội', 21.0112983, 105.7984313),
(272, N'270 - 272 Hà Huy Tập', N'270 - 272 Hà Huy Tập, Hà Nội', 21.0014402, 105.8227788),
(273, N'Công ty Giầy Yên Viên - 488 Hà Huy Tập', N'Công ty Giầy Yên Viên - 488 Hà Huy Tập, Hà Nội', 21.0368783, 105.8314917),
(274, N'664 Hà Huy Tập', N'664 Hà Huy Tập, Hà Nội', 20.9580642, 105.8432263),
(275, N'Đối diện 38 Dốc Lã - Hà Huy Tập', N'Đối diện 38 Dốc Lã - Hà Huy Tập, Hà Nội', 21.0328049, 105.8351738),
(276, N'Hè trước chợ Trùng Quán - QL1 (chiều Hà Nội - Băc Ninh)', N'Hè trước chợ Trùng Quán - QL1 (chiều Hà Nội - Băc Ninh), Hà Nội', 20.9720632, 105.8166948),
(277, N'Đường vào Trường CĐ Thuỷ sản - Bắc Ninh - Quốc Lộ 1', N'Đường vào Trường CĐ Thuỷ sản - Bắc Ninh - Quốc Lộ 1, Hà Nội', 20.9895753, 105.8307499),
(278, N'Cầu Chùa Dận - Quốc lộ 1', N'Cầu Chùa Dận - Quốc lộ 1, Hà Nội', 20.9733784, 105.8074266),
(279, N'Đường vào Đình Bảng - Quốc Lộ 1', N'Đường vào Đình Bảng - Quốc Lộ 1, Hà Nội', 20.9762793, 105.7548553),
(280, N'Bưu điện Từ Sơn (115 Trần Phú - Từ Sơn) - Quốc Lộ 1', N'Bưu điện Từ Sơn (115 Trần Phú - Từ Sơn) - Quốc Lộ 1, Hà Nội', 20.9862751, 105.8291755),
(281, N'57 Trần Phú - Từ Sơn - Quốc Lộ 1 B', N'57 Trần Phú - Từ Sơn - Quốc Lộ 1 B, Hà Nội', 21.0461190, 105.8387549),
(282, N'690 - 692 Minh Khai', N'690 - 692 Minh Khai, Hà Nội', 20.9943414, 105.8344786),
(283, N'287 Nguyễn Khoái (Ngã', N'287 Nguyễn Khoái (Ngã, Hà Nội', 20.9653604, 105.8325363),
(284, N'Dốc Minh Khai) 3 Đối diện BX Lương Yên (Trước nhà 17B1 Đầm Trấu) - Nguyễn Khoái', N'Dốc Minh Khai) 3 Đối diện BX Lương Yên (Trước nhà 17B1 Đầm Trấu) - Nguyễn Khoái, Hà Nội', 21.0327031, 105.8377597),
(285, N'K9 Bộ đội biên phòng - Ngõ 49 Nguyễn Khoái', N'K9 Bộ đội biên phòng - Ngõ 49 Nguyễn Khoái, Hà Nội', 21.0022182, 105.7522581),
(286, N'E3.3 Trung chuyển Long Biên', N'E3.3 Trung chuyển Long Biên, Hà Nội', 20.9584608, 105.7979991),
(287, N'Đối diện Xưởng vẽ Tranh sơn dầu Mai Hồng - Yên Thường', N'Đối diện Xưởng vẽ Tranh sơn dầu Mai Hồng - Yên Thường, Hà Nội', 20.9607118, 105.7742775),
(288, N'Giáp cửa hàng vải Dũng Thúy - Đầu chợ vải Ninh Hiệp', N'Giáp cửa hàng vải Dũng Thúy - Đầu chợ vải Ninh Hiệp, Hà Nội', 20.9504497, 105.8469593),
(289, N'Trạm biến áp số 10 - Chợ vải Ninh Hiệp', N'Trạm biến áp số 10 - Chợ vải Ninh Hiệp, Hà Nội', 21.0211889, 105.8002926),
(290, N'Bưu điện xã Ninh Hiệp', N'Bưu điện xã Ninh Hiệp, Hà Nội', 20.9676461, 105.8123352),
(291, N'Xóm 8 - Gần đường vào Đình Xuyên - xã Ninh Hiệp', N'Xóm 8 - Gần đường vào Đình Xuyên - xã Ninh Hiệp, Hà Nội', 20.9540004, 105.7690814),
(292, N'Khu Sinh thái Cánh buồm Xanh - Ninh Hiệp', N'Khu Sinh thái Cánh buồm Xanh - Ninh Hiệp, Hà Nội', 20.9518939, 105.7517007),
(293, N'Qua đường vào hầm chui Quốc lộ 1B - Phù Đổng', N'Qua đường vào hầm chui Quốc lộ 1B - Phù Đổng, Hà Nội', 21.0057186, 105.7964829),
(294, N'Qua đường vào Trường THCS Phù Đổng B', N'Qua đường vào Trường THCS Phù Đổng B, Hà Nội', 20.9950945, 105.7827524),
(295, N'55 Quang Trung - Đối diện Hồ Thiền Quang', N'55 Quang Trung - Đối diện Hồ Thiền Quang, Hà Nội', 21.0183261, 105.7838564),
(296, N'Đối diện 6C Phan Chu Trinh', N'Đối diện 6C Phan Chu Trinh, Hà Nội', 21.0036029, 105.7681067),
(297, N'51 Lý Thái Tổ - Ngân hàng Nhà nước Việt Nam', N'51 Lý Thái Tổ - Ngân hàng Nhà nước Việt Nam, Hà Nội', 21.0309651, 105.8470748),
(298, N'23 Hàng Tre', N'23 Hàng Tre, Hà Nội', 20.9832956, 105.7887825),
(299, N'Số 3 Hàng Muối', N'Số 3 Hàng Muối, Hà Nội', 21.0311181, 105.7830459),
(300, N'Công ty CP nhựa Hàm Rồng - Đối diện 111 đường Long Biên', N'Công ty CP nhựa Hàm Rồng - Đối diện 111 đường Long Biên, Hà Nội', 21.0376214, 105.8195088),
(301, N'52 Ngọc Lâm - Dốc Cẩm', N'52 Ngọc Lâm - Dốc Cẩm, Hà Nội', 20.9675051, 105.8088238),
(302, N'170 Ngọc Lâm', N'170 Ngọc Lâm, Hà Nội', 21.0179219, 105.8011229),
(303, N'Đối diện 447 Ngọc Lâm - Vườn hoa Gia Lâm', N'Đối diện 447 Ngọc Lâm - Vườn hoa Gia Lâm, Hà Nội', 21.0105146, 105.7795627),
(304, N'Đối diện siêu thị BigC Long Biên - Nguyễn Văn Linh', N'Đối diện siêu thị BigC Long Biên - Nguyễn Văn Linh, Hà Nội', 20.9904039, 105.7905807),
(305, N'Đối diện Công ty nước sạch - Nguyễn Văn Linh', N'Đối diện Công ty nước sạch - Nguyễn Văn Linh, Hà Nội', 21.0476479, 105.8158843),
(306, N'Đối diện UBND phường Phúc Đồng - 274 Nguyễn Văn Linh', N'Đối diện UBND phường Phúc Đồng - 274 Nguyễn Văn Linh, Hà Nội', 20.9873692, 105.7574775),
(307, N'Khu CN Sài Đồng - Hanel - Đối diện 523 Nguyễn Văn Linh', N'Khu CN Sài Đồng - Hanel - Đối diện 523 Nguyễn Văn Linh, Hà Nội', 21.0312401, 105.8486678),
(308, N'Đường vào đường Thạch Bàn - Đối diện 693 Nguyễn Văn Linh', N'Đường vào đường Thạch Bàn - Đối diện 693 Nguyễn Văn Linh, Hà Nội', 20.9916554, 105.7874842),
(309, N'Đối diện Công ty May 10 - Nguyễn Văn Linh', N'Đối diện Công ty May 10 - Nguyễn Văn Linh, Hà Nội', 20.9536312, 105.8198401),
(310, N'Qua ngã 3 cầu Thanh Trì - Nguyễn Đức Thuận', N'Qua ngã 3 cầu Thanh Trì - Nguyễn Đức Thuận, Hà Nội', 20.9627135, 105.8477297),
(311, N'Đối diện bưu điện Trâu Quỳ - Nguyễn Đức Thuận', N'Đối diện bưu điện Trâu Quỳ - Nguyễn Đức Thuận, Hà Nội', 21.0109974, 105.7614366),
(312, N'36 Ngô Xuân Quảng', N'36 Ngô Xuân Quảng, Hà Nội', 20.9503456, 105.7669173),
(313, N'Đối diện 205 Ngô Xuân Quảng', N'Đối diện 205 Ngô Xuân Quảng, Hà Nội', 21.0312120, 105.8120151),
(314, N'Đối diện Cty Tư vấn dịch vụ khoa học Nông nghiệp - Ngô Xuân Quảng B HV Nông Nghiệp Việt Nam', N'Đối diện Cty Tư vấn dịch vụ khoa học Nông nghiệp - Ngô Xuân Quảng B HV Nông Nghiệp Việt Nam, Hà Nội', 20.9578497, 105.7838387),
(315, N'15B1 Nguyễn Khánh Toàn', N'15B1 Nguyễn Khánh Toàn, Hà Nội', 20.9833883, 105.8194512),
(316, N'Hè trước đối diện số nhà 26 - 28 Nguyễn Khánh Toàn', N'Hè trước đối diện số nhà 26 - 28 Nguyễn Khánh Toàn, Hà Nội', 21.0101637, 105.8219559),
(317, N'Số 9 Đào Tấn (đối diện 22 Đào Tấn)', N'Số 9 Đào Tấn (đối diện 22 Đào Tấn), Hà Nội', 20.9571718, 105.8222075),
(318, N'Hồ Ngọc Khánh - Đối diện 37 Nguyễn Chí Thanh', N'Hồ Ngọc Khánh - Đối diện 37 Nguyễn Chí Thanh, Hà Nội', 20.9545781, 105.7548486),
(319, N'54 Nguyễn Chí Thanh - Cạnh Khách Sạn Bảo Sơn', N'54 Nguyễn Chí Thanh - Cạnh Khách Sạn Bảo Sơn, Hà Nội', 20.9983798, 105.7973603),
(320, N'Đối diện Đại học Luật Hà Nội - Nguyễn Chí Thanh', N'Đối diện Đại học Luật Hà Nội - Nguyễn Chí Thanh, Hà Nội', 20.9716779, 105.8375787),
(321, N'Trung tâm y tế dự phòng HN - 70 Nguyễn Chí Thanh', N'Trung tâm y tế dự phòng HN - 70 Nguyễn Chí Thanh, Hà Nội', 21.0142481, 105.8129859),
(322, N'KTX Đại học Giao thông Vận tải - 99 Nguyễn Chí Thanh', N'KTX Đại học Giao thông Vận tải - 99 Nguyễn Chí Thanh, Hà Nội', 21.0024040, 105.7924027),
(323, N'57A Huỳnh Thúc Kháng', N'57A Huỳnh Thúc Kháng, Hà Nội', 21.0163314, 105.8249470),
(324, N'7 Huỳnh Thúc Kháng - Cạnh Đài Truyền hình Hà Nội', N'7 Huỳnh Thúc Kháng - Cạnh Đài Truyền hình Hà Nội, Hà Nội', 21.0034659, 105.7537673),
(325, N'Trạm biến áp F3 Thành Công - 171 Thái Hà', N'Trạm biến áp F3 Thành Công - 171 Thái Hà, Hà Nội', 20.9520105, 105.8136892),
(326, N'161-163 Thái Hà', N'161-163 Thái Hà, Hà Nội', 21.0278153, 105.7971514),
(327, N'Bể bơi Thái Hà', N'Bể bơi Thái Hà, Hà Nội', 20.9865986, 105.7653459),
(328, N'251 Chùa Bộc', N'251 Chùa Bộc, Hà Nội', 20.9894823, 105.7990711),
(329, N'49E Chùa Bộc', N'49E Chùa Bộc, Hà Nội', 21.0371958, 105.7632702),
(330, N'20 Tôn Thất Tùng - Đối diện Đại học Y Hà Nội', N'20 Tôn Thất Tùng - Đối diện Đại học Y Hà Nội, Hà Nội', 21.0128057, 105.8014464),
(331, N'148 - 150 Lê Trọng Tấn', N'148 - 150 Lê Trọng Tấn, Hà Nội', 21.0267282, 105.7710486),
(332, N'210 Lê Trọng Tấn', N'210 Lê Trọng Tấn, Hà Nội', 20.9849279, 105.7825274),
(333, N'Đối diện siêu thị ACE Mart - Định Công', N'Đối diện siêu thị ACE Mart - Định Công, Hà Nội', 21.0220174, 105.7561239),
(334, N'Công viên Định Công', N'Công viên Định Công, Hà Nội', 21.0274070, 105.7687107),
(335, N'Đối diện Chợ xanh Định Công', N'Đối diện Chợ xanh Định Công, Hà Nội', 21.0432613, 105.8243398),
(336, N'Qua cầu Định Công 100m', N'Qua cầu Định Công 100m, Hà Nội', 20.9778869, 105.7568289),
(337, N'Nhà A5 Đại Kim - Nguyễn Cảnh Dị', N'Nhà A5 Đại Kim - Nguyễn Cảnh Dị, Hà Nội', 20.9839665, 105.8100414),
(338, N'Đối diện Cty cổ phẩn tập đoàn đầu tư - số 2 lô F1 Nguyễn Cảnh Dị', N'Đối diện Cty cổ phẩn tập đoàn đầu tư - số 2 lô F1 Nguyễn Cảnh Dị, Hà Nội', 21.0259974, 105.7548749),
(339, N'Đối diện đài tưởng niệm chủ tịch HCM - đường Nguyễn Hữu Thọ', N'Đối diện đài tưởng niệm chủ tịch HCM - đường Nguyễn Hữu Thọ, Hà Nội', 20.9601603, 105.7938037),
(340, N'Bãi đỗ xe KĐT Linh Đàm - Nguyễn Hữu Thọ', N'Bãi đỗ xe KĐT Linh Đàm - Nguyễn Hữu Thọ, Hà Nội', 20.9789974, 105.7906272),
(341, N'Nhà HH1C (Cách đường vào Trạm cấp nước Linh Đàm 40m)', N'Nhà HH1C (Cách đường vào Trạm cấp nước Linh Đàm 40m), Hà Nội', 21.0156176, 105.8004288),
(342, N'Gần công ty lưới điện Miền Bắc', N'Gần công ty lưới điện Miền Bắc, Hà Nội', 21.0421510, 105.7822711),
(343, N'Qua chợ Xanh Linh Đàm 50m - đường Hoàng Liệt', N'Qua chợ Xanh Linh Đàm 50m - đường Hoàng Liệt, Hà Nội', 21.0458739, 105.7635416),
(344, N'Đối diện tượng đài Liệt sỹ phường Hoàng Liệt', N'Đối diện tượng đài Liệt sỹ phường Hoàng Liệt, Hà Nội', 20.9864216, 105.8128643),
(345, N'Chùa Ngọc Hồi - Đường mới', N'Chùa Ngọc Hồi - Đường mới, Hà Nội', 20.9679575, 105.8299336),
(346, N'Đối diện trường THCS Ngọc Hồi - Đường mới', N'Đối diện trường THCS Ngọc Hồi - Đường mới, Hà Nội', 21.0417941, 105.8013748),
(347, N'Trước ngã 3 Lạc Thị 200m - Đường mới', N'Trước ngã 3 Lạc Thị 200m - Đường mới, Hà Nội', 20.9550569, 105.8167414),
(348, N'Qua Chợ Lạc Thị 200m', N'Qua Chợ Lạc Thị 200m, Hà Nội', 20.9983798, 105.8170224),
(349, N'Qua lối vào Chùa Thanh Dương 100m', N'Qua lối vào Chùa Thanh Dương 100m, Hà Nội', 20.9757503, 105.8276177),
(350, N'Đại lý thuốc tân dược thôn Vĩnh Thịnh', N'Đại lý thuốc tân dược thôn Vĩnh Thịnh, Hà Nội', 21.0194343, 105.8407848),
(351, N'Cổng làng Vĩnh Trung B', N'Cổng làng Vĩnh Trung B, Hà Nội', 21.0259605, 105.7802395),
(352, N'Qua 50m ngõ 677 Lạc Long Quân (đối diện trường THCS Nhật Tân - 474 Lạc Long Quân)', N'Qua 50m ngõ 677 Lạc Long Quân (đối diện trường THCS Nhật Tân - 474 Lạc Long Quân), Hà Nội', 20.9705150, 105.8381822),
(353, N'Trụ sở Quận uỷ Tây Hồ - 657 Lạc Long Quân', N'Trụ sở Quận uỷ Tây Hồ - 657 Lạc Long Quân, Hà Nội', 21.0184562, 105.7968181),
(354, N'579 Lạc Long Quân', N'579 Lạc Long Quân, Hà Nội', 21.0472271, 105.7708332),
(355, N'545 Lạc Long Quân', N'545 Lạc Long Quân, Hà Nội', 20.9995082, 105.7617154),
(356, N'Qua ngã 3 Xuân La 70m - Lạc Long Quân (Hồ Tây)', N'Qua ngã 3 Xuân La 70m - Lạc Long Quân (Hồ Tây), Hà Nội', 21.0403544, 105.8407810),
(357, N'201 Lạc Long Quân', N'201 Lạc Long Quân, Hà Nội', 20.9952185, 105.7558362),
(358, N'105 - 111 Lạc Long Quân (Gần đối diện ngã 3 Thụy Khuê)', N'105 - 111 Lạc Long Quân (Gần đối diện ngã 3 Thụy Khuê), Hà Nội', 21.0116471, 105.8312139),
(359, N'Trung tâm KHTN Công nghệ Quốc Gia - 18 Hoàng Quốc Việt', N'Trung tâm KHTN Công nghệ Quốc Gia - 18 Hoàng Quốc Việt, Hà Nội', 20.9510731, 105.8361608),
(360, N'Trường THCS Nghĩa Tân - Đối diện 179 Tô Hiệu', N'Trường THCS Nghĩa Tân - Đối diện 179 Tô Hiệu, Hà Nội', 20.9661306, 105.7799610),
(361, N'Trường Trung cấp Tư thục Kinh tế Công nghệ Nguyễn Bình Khiêm - Số 6 Trần Quốc Hoàn', N'Trường Trung cấp Tư thục Kinh tế Công nghệ Nguyễn Bình Khiêm - Số 6 Trần Quốc Hoàn, Hà Nội', 21.0174350, 105.8405957),
(362, N'Câu lạc bộ rèn luyện sức khỏe Công đoàn Bộ ngoại Giao - Đối diện 77 Trần Quốc Hoàn', N'Câu lạc bộ rèn luyện sức khỏe Công đoàn Bộ ngoại Giao - Đối diện 77 Trần Quốc Hoàn, Hà Nội', 20.9975280, 105.7980227),
(363, N'Số 9 Phạm Văn Đồng', N'Số 9 Phạm Văn Đồng, Hà Nội', 20.9509719, 105.7632622),
(364, N'Đối diện ĐH Thương Mại - 6 Hồ Tùng Mậu (Cột 2)', N'Đối diện ĐH Thương Mại - 6 Hồ Tùng Mậu (Cột 2), Hà Nội', 20.9522321, 105.8243975),
(365, N'Giữa nhà 56-58 Tổ 9 Đường K3 Cầu Diễn', N'Giữa nhà 56-58 Tổ 9 Đường K3 Cầu Diễn, Hà Nội', 21.0474294, 105.7634108),
(366, N'Giữa nhà 316-318 Tổ 8 Đường K3 Cầu Diễn', N'Giữa nhà 316-318 Tổ 8 Đường K3 Cầu Diễn, Hà Nội', 21.0042379, 105.7905977),
(367, N'Đối diện Doanh trại Quân đội nhân dân Việt Nam (Cách cột điện CN9/4A 7m) Đường K3 Cầu Diễn', N'Đối diện Doanh trại Quân đội nhân dân Việt Nam (Cách cột điện CN9/4A 7m) Đường K3 Cầu Diễn, Hà Nội', 20.9946923, 105.8423386),
(368, N'Giữa nhà 54-56 Đường Tập thể Học viện Cảnh sát B', N'Giữa nhà 54-56 Đường Tập thể Học viện Cảnh sát B, Hà Nội', 20.9585446, 105.7534994),
(369, N'10-12 Quán Thánh', N'10-12 Quán Thánh, Hà Nội', 21.0367375, 105.8470040),
(370, N'86 Quán Thánh - Bộ chỉ huy Quân sự Quận Ba Đình', N'86 Quán Thánh - Bộ chỉ huy Quân sự Quận Ba Đình, Hà Nội', 21.0037548, 105.8435515),
(371, N'192A Quán Thánh', N'192A Quán Thánh, Hà Nội', 20.9688679, 105.8364754),
(372, N'12 Thụy Khuê -Cạnh Trường THPT Chu Văn An.', N'12 Thụy Khuê -Cạnh Trường THPT Chu Văn An., Hà Nội', 21.0159526, 105.7668713),
(373, N'72-74 Thụy Khuê (Đối diện XN xe điện Hà Nội)', N'72-74 Thụy Khuê (Đối diện XN xe điện Hà Nội), Hà Nội', 21.0425255, 105.7779151),
(374, N'130E -132A Thụy Khuê (Công ty XNK Lương thực thực phẩm Hà Nội - Qua Trường TH Chu Văn An)', N'130E -132A Thụy Khuê (Công ty XNK Lương thực thực phẩm Hà Nội - Qua Trường TH Chu Văn An), Hà Nội', 20.9754089, 105.7943859),
(375, N'Hè trước nhà 278 Thụy Khuê', N'Hè trước nhà 278 Thụy Khuê, Hà Nội', 21.0440180, 105.8224933),
(376, N'382-384 Thụy Khuê', N'382-384 Thụy Khuê, Hà Nội', 20.9952638, 105.7689280),
(377, N'528 Thụy Khuê', N'528 Thụy Khuê, Hà Nội', 21.0256541, 105.8484413),
(378, N'113 Phạm Văn Đồng B', N'113 Phạm Văn Đồng B, Hà Nội', 20.9770566, 105.7620792),
(379, N'Phòng Công Chứng số', N'Phòng Công Chứng số, Hà Nội', 21.0100656, 105.8483955),
(380, N'TPHN - 654 Nguyễn Văn Cừ 2 18-20 Ngô Gia Tự', N'TPHN - 654 Nguyễn Văn Cừ 2 18-20 Ngô Gia Tự, Hà Nội', 21.0018234, 105.8165524),
(381, N'122 Thiên Đức, Yên Viên - Quốc lộ 3', N'122 Thiên Đức, Yên Viên - Quốc lộ 3, Hà Nội', 20.9589059, 105.7812504),
(382, N'Cạnh ngõ vào Cty CP vật tư Mỏ Địa chất - Quốc lộ 3', N'Cạnh ngõ vào Cty CP vật tư Mỏ Địa chất - Quốc lộ 3, Hà Nội', 21.0374519, 105.8170374),
(383, N'Đối diện Công ty Đúc Mai Lâm - Quốc lộ 3', N'Đối diện Công ty Đúc Mai Lâm - Quốc lộ 3, Hà Nội', 20.9956517, 105.8049306),
(384, N'Đối diện Trung tâm lưu trú Lộc Hà - Quốc lộ 3', N'Đối diện Trung tâm lưu trú Lộc Hà - Quốc lộ 3, Hà Nội', 20.9930845, 105.8426871),
(385, N'Đường vào khu di tích Cổ Loa - Km 5 Quốc lộ 3', N'Đường vào khu di tích Cổ Loa - Km 5 Quốc lộ 3, Hà Nội', 20.9988896, 105.7558053),
(386, N'Cây đa Bác Hồ - Km 5+800 Quốc lộ 3', N'Cây đa Bác Hồ - Km 5+800 Quốc lộ 3, Hà Nội', 20.9795808, 105.7677989),
(387, N'Cạnh Công Ty Bê Tông Appha, Đông Hội - Km 6+600 Quốc lộ 3', N'Cạnh Công Ty Bê Tông Appha, Đông Hội - Km 6+600 Quốc lộ 3, Hà Nội', 21.0372602, 105.8429152),
(388, N'Thôn Vạn Lộc (Qua đối diện ngã 3 đường tránh QL5 200m)', N'Thôn Vạn Lộc (Qua đối diện ngã 3 đường tránh QL5 200m), Hà Nội', 21.0413983, 105.7937511),
(389, N'Trước cổng công ty Minh Cường 50m - Km 10+900 Quốc lộ 3', N'Trước cổng công ty Minh Cường 50m - Km 10+900 Quốc lộ 3, Hà Nội', 21.0001389, 105.7807431),
(390, N'Đối diện Khách sạn Hà Anh - Km11 Quốc lộ 3', N'Đối diện Khách sạn Hà Anh - Km11 Quốc lộ 3, Hà Nội', 21.0097250, 105.8148846),
(391, N'Đối diện Cty xây lắp Điện 4, Thị trấn Đông Anh - Km 11+100 Quốc lộ 3', N'Đối diện Cty xây lắp Điện 4, Thị trấn Đông Anh - Km 11+100 Quốc lộ 3, Hà Nội', 20.9891686, 105.7929542),
(392, N'Nhà máy tấm lợp Đông Anh - Km 12+650 Quốc lộ 3', N'Nhà máy tấm lợp Đông Anh - Km 12+650 Quốc lộ 3, Hà Nội', 20.9892919, 105.8437702),
(393, N'Nhà máy kết cấu thép Kim Khí Đông Anh - Km 13+300 Quốc lộ 3', N'Nhà máy kết cấu thép Kim Khí Đông Anh - Km 13+300 Quốc lộ 3, Hà Nội', 20.9749201, 105.7813475),
(394, N'Qua đường vào Cty CP chế tạo thiết bị điện Đông Anh 50m - Quốc lộ 3', N'Qua đường vào Cty CP chế tạo thiết bị điện Đông Anh 50m - Quốc lộ 3, Hà Nội', 21.0320195, 105.8471836),
(395, N'Công ty Chế tạo máy điện Việt Hung - Km 15+240 Quốc lộ 3', N'Công ty Chế tạo máy điện Việt Hung - Km 15+240 Quốc lộ 3, Hà Nội', 20.9902413, 105.7692006),
(396, N'Qua ngã 3 Đường vào Trại gà Nguyên Khê - Km 16+000 Quốc lộ 3', N'Qua ngã 3 Đường vào Trại gà Nguyên Khê - Km 16+000 Quốc lộ 3, Hà Nội', 20.9694974, 105.7731147),
(397, N'Gần cầu Phù Lỗ – Km 16+900 Quốc lộ 3', N'Gần cầu Phù Lỗ – Km 16+900 Quốc lộ 3, Hà Nội', 21.0272646, 105.7962565),
(398, N'Đối diện Trường THPT Lam Hồng - Km 17+850 Quốc lộ 3', N'Đối diện Trường THPT Lam Hồng - Km 17+850 Quốc lộ 3, Hà Nội', 20.9732701, 105.7812636),
(399, N'Đối diện chợ Phủ Lỗ - Km 18+650 Quốc lộ 3', N'Đối diện chợ Phủ Lỗ - Km 18+650 Quốc lộ 3, Hà Nội', 21.0285805, 105.7637952),
(400, N'Đối diện Công ty CTGT 228 - Km 19+400 Quốc lộ 3', N'Đối diện Công ty CTGT 228 - Km 19+400 Quốc lộ 3, Hà Nội', 20.9869996, 105.8247324),
(401, N'Cty xây dựng Sông Đà số 8 (Nội Phật) - Km 20+900 Quốc lộ 3', N'Cty xây dựng Sông Đà số 8 (Nội Phật) - Km 20+900 Quốc lộ 3, Hà Nội', 21.0147417, 105.8025441),
(402, N'Thôn Dược Hạ, Tiên Dược - Km 21+850 Quốc lộ 3', N'Thôn Dược Hạ, Tiên Dược - Km 21+850 Quốc lộ 3, Hà Nội', 21.0277974, 105.7689997),
(403, N'Đối diện đường vào thôn Đông Lạc - Km 22+470 Quốc lộ 3', N'Đối diện đường vào thôn Đông Lạc - Km 22+470 Quốc lộ 3, Hà Nội', 20.9700503, 105.7636275),
(404, N'Trung tâm GDTX Sóc Sơn, Tiên Dược - Km 23+390 Quốc lộ 3', N'Trung tâm GDTX Sóc Sơn, Tiên Dược - Km 23+390 Quốc lộ 3, Hà Nội', 20.9853669, 105.7757689),
(405, N'Bệnh viện đa khoa Sóc Sơn - Km 23+900 Quốc lộ 3', N'Bệnh viện đa khoa Sóc Sơn - Km 23+900 Quốc lộ 3, Hà Nội', 21.0164883, 105.8133195),
(406, N'Ngã 4 Đa Phúc, Thị trấn Sóc Sơn - Km 24+600 Quốc lộ 3', N'Ngã 4 Đa Phúc, Thị trấn Sóc Sơn - Km 24+600 Quốc lộ 3, Hà Nội', 20.9570707, 105.8239094),
(407, N'Đối diện Cty CP Đầu tư thương mại và khoáng sản Sóc Sơn - Km 25+150 Quốc lộ 3', N'Đối diện Cty CP Đầu tư thương mại và khoáng sản Sóc Sơn - Km 25+150 Quốc lộ 3, Hà Nội', 21.0416897, 105.8460564),
(408, N'Phố Mã - Phù Linh (Km 26+100 Quốc lộ 3)', N'Phố Mã - Phù Linh (Km 26+100 Quốc lộ 3), Hà Nội', 21.0446309, 105.7874655),
(409, N'Ấp Vuông - Tân Minh (Km 27+150 Quốc lộ 3) Cột điện BĐ 20', N'Ấp Vuông - Tân Minh (Km 27+150 Quốc lộ 3) Cột điện BĐ 20, Hà Nội', 21.0110090, 105.8169812),
(410, N'Cty cơ khí & xây dựng Thủy lợi 2, Tân Minh - Km 27+950 Quốc lộ 3', N'Cty cơ khí & xây dựng Thủy lợi 2, Tân Minh - Km 27+950 Quốc lộ 3, Hà Nội', 21.0039001, 105.8415853),
(411, N'Trước hè giữa số nhà 56-86 phố Gò Sỏi - Thôn 9, xã Hồng Kỳ, huyện Sóc Sơn', N'Trước hè giữa số nhà 56-86 phố Gò Sỏi - Thôn 9, xã Hồng Kỳ, huyện Sóc Sơn, Hà Nội', 20.9860301, 105.8352341),
(412, N'Qua trạm thu phí Sóc Sơn, Hồng Kỳ - Km 29+200 Quốc lộ 3', N'Qua trạm thu phí Sóc Sơn, Hồng Kỳ - Km 29+200 Quốc lộ 3, Hà Nội', 20.9829809, 105.8212253),
(413, N'Xuân Sơn - Trung Giã (Km 29+770 Quốc lộ 3) Cột điện HK3/20C', N'Xuân Sơn - Trung Giã (Km 29+770 Quốc lộ 3) Cột điện HK3/20C, Hà Nội', 20.9922650, 105.7522696),
(414, N'Dốc 177, Phố Nỉ - Km 30+550 Quốc lộ 3', N'Dốc 177, Phố Nỉ - Km 30+550 Quốc lộ 3, Hà Nội', 21.0059503, 105.8146176),
(415, N'Đối diện UBND xã Trung Giã, chợ Nỉ - Km 31+100 Quốc lộ 3', N'Đối diện UBND xã Trung Giã, chợ Nỉ - Km 31+100 Quốc lộ 3, Hà Nội', 21.0273331, 105.8256718),
(416, N'Ngã 3 đường vào thôn Bình An, Trung Giã - Km 32+00 Quốc lộ 3 B', N'Ngã 3 đường vào thôn Bình An, Trung Giã - Km 32+00 Quốc lộ 3 B, Hà Nội', 20.9595393, 105.8337379),
(417, N'Qua ngã 3 Cổ Loa - QL3 60m, đường Cổ Loa', N'Qua ngã 3 Cổ Loa - QL3 60m, đường Cổ Loa, Hà Nội', 20.9775647, 105.8382564),
(418, N'Đầu Làng Cổ Loa', N'Đầu Làng Cổ Loa, Hà Nội', 21.0183429, 105.7673940),
(419, N'Qua đường vào Thành Cổ Loa 70m, đường Cổ Loa', N'Qua đường vào Thành Cổ Loa 70m, đường Cổ Loa, Hà Nội', 21.0157641, 105.8046885),
(420, N'Trước trường Tiểu học Cổ Loa 80m, đường Cổ Loa', N'Trước trường Tiểu học Cổ Loa 80m, đường Cổ Loa, Hà Nội', 21.0004820, 105.7890542),
(421, N'Trước đối diện trụ sở Hội người mù Đông Anh 30m, đường Cổ Loa', N'Trước đối diện trụ sở Hội người mù Đông Anh 30m, đường Cổ Loa, Hà Nội', 20.9857738, 105.8034129),
(422, N'Trước ngã 3 xay sát Đông Quan 250m, đường Cổ Loa', N'Trước ngã 3 xay sát Đông Quan 250m, đường Cổ Loa, Hà Nội', 20.9801121, 105.7611710),
(423, N'Số 25-27 Cao Lỗ (cắm mới)', N'Số 25-27 Cao Lỗ (cắm mới), Hà Nội', 21.0405172, 105.8303834),
(424, N'17-19 Phố Tó, Uy Nỗ - Cao Lỗ', N'17-19 Phố Tó, Uy Nỗ - Cao Lỗ, Hà Nội', 20.9957709, 105.7505004),
(425, N'9 Uy Nỗ - Cao Lỗ (Viện kiểm sát)', N'9 Uy Nỗ - Cao Lỗ (Viện kiểm sát), Hà Nội', 20.9893593, 105.7828965),
(426, N'Cửa hàng KD tổng hợp số 3 - Km 0+200 Quốc lộ 2', N'Cửa hàng KD tổng hợp số 3 - Km 0+200 Quốc lộ 2, Hà Nội', 20.9842802, 105.8448046),
(427, N'Sân vận động xã Phù Lỗ - Km 0+750 Quốc lộ 2', N'Sân vận động xã Phù Lỗ - Km 0+750 Quốc lộ 2, Hà Nội', 21.0279069, 105.8467726),
(428, N'Cạnh cây xăng Vinapco - Km 1+360 Quốc lộ 2', N'Cạnh cây xăng Vinapco - Km 1+360 Quốc lộ 2, Hà Nội', 21.0387639, 105.8403234),
(429, N'Công ty chè Kim Anh - Km 1+900 Quốc lộ 2', N'Công ty chè Kim Anh - Km 1+900 Quốc lộ 2, Hà Nội', 20.9687832, 105.7781983),
(430, N'Số 9 Phủ Lỗ - Km 2+400 Quốc lộ 2', N'Số 9 Phủ Lỗ - Km 2+400 Quốc lộ 2, Hà Nội', 21.0363181, 105.7515323),
(431, N'Đối diện bưu điện Phú Minh - Km 2+850 Quốc lộ 2', N'Đối diện bưu điện Phú Minh - Km 2+850 Quốc lộ 2, Hà Nội', 20.9654434, 105.8427314),
(432, N'Đối diện Cty CP giao nhận kho vận hàng không TBS - Nội Bài', N'Đối diện Cty CP giao nhận kho vận hàng không TBS - Nội Bài, Hà Nội', 21.0059666, 105.7799575),
(433, N'Công ty xăng dầu hàng không Việt Nam (Vinapco) B', N'Công ty xăng dầu hàng không Việt Nam (Vinapco) B, Hà Nội', 21.0227622, 105.7982894),
(434, N'175-177 Giải Phóng (Ngã', N'175-177 Giải Phóng (Ngã, Hà Nội', 21.0107558, 105.7671969),
(435, N'Lê Thanh Nghị) 3 114 + 115 E8 Phương Mai', N'Lê Thanh Nghị) 3 114 + 115 E8 Phương Mai, Hà Nội', 21.0179048, 105.7863809),
(436, N'116 - C2 Lương Định Của', N'116 - C2 Lương Định Của, Hà Nội', 20.9991941, 105.8488023),
(437, N'Trạm xử lý nước sạch Kim Liên - Đông Tác', N'Trạm xử lý nước sạch Kim Liên - Đông Tác, Hà Nội', 21.0129075, 105.8264088),
(438, N'Công ty in thương mại & dịch vụ ngân hàng - Số10 Chùa Bộc', N'Công ty in thương mại & dịch vụ ngân hàng - Số10 Chùa Bộc, Hà Nội', 21.0407101, 105.8203022),
(439, N'Café Don 105E5 Thái Thịnh - Đối diện Bệnh viện Châm cứu Trung ương', N'Café Don 105E5 Thái Thịnh - Đối diện Bệnh viện Châm cứu Trung ương, Hà Nội', 21.0264245, 105.7915620),
(440, N'122 Thái Thịnh', N'122 Thái Thịnh, Hà Nội', 20.9974051, 105.8244046),
(441, N'196 Thái Thịnh', N'196 Thái Thịnh, Hà Nội', 21.0462627, 105.7816330),
(442, N'Hè gần ngõ 71 Láng Hạ', N'Hè gần ngõ 71 Láng Hạ, Hà Nội', 21.0000935, 105.7692922),
(443, N'Hè giữa nhà số 23-25 Láng Hạ', N'Hè giữa nhà số 23-25 Láng Hạ, Hà Nội', 21.0066073, 105.7980354),
(444, N'Nhà sách Trí Tuệ - 187G Giảng Võ', N'Nhà sách Trí Tuệ - 187G Giảng Võ, Hà Nội', 20.9904773, 105.7919318),
(445, N'Hè gần ngõ 173 Giảng Võ', N'Hè gần ngõ 173 Giảng Võ, Hà Nội', 21.0242530, 105.7693670),
(446, N'Tòa nhà PTA - Số 1 Kim Mã', N'Tòa nhà PTA - Số 1 Kim Mã, Hà Nội', 20.9632706, 105.7874430),
(447, N'145 Nguyễn Thái Học', N'145 Nguyễn Thái Học, Hà Nội', 20.9866911, 105.7720496),
(448, N'85 Nguyễn Thái Học - Trường TH Lý Thường Kiệt', N'85 Nguyễn Thái Học - Trường TH Lý Thường Kiệt, Hà Nội', 20.9921869, 105.8358306),
(449, N'Đối diện 34 Trần Phú', N'Đối diện 34 Trần Phú, Hà Nội', 21.0115623, 105.8398990),
(450, N'167 Phùng Hưng', N'167 Phùng Hưng, Hà Nội', 20.9519284, 105.7707598),
(451, N'115 Phùng Hưng', N'115 Phùng Hưng, Hà Nội', 20.9517692, 105.7589162),
(452, N'Đối diện 16 Phùng Hưng (đường trong)', N'Đối diện 16 Phùng Hưng (đường trong), Hà Nội', 20.9546597, 105.7515596),
(453, N'340-342 Trần Khát Trân', N'340-342 Trần Khát Trân, Hà Nội', 21.0034552, 105.7991574),
(454, N'Hồ Thanh Nhàn - Võ Thị Sáu', N'Hồ Thanh Nhàn - Võ Thị Sáu, Hà Nội', 21.0039243, 105.8192680),
(455, N'94 Võ Thị Sáu', N'94 Võ Thị Sáu, Hà Nội', 20.9850891, 105.8442349),
(456, N'Gần chung cư A3B (số 92) Thanh Nhàn', N'Gần chung cư A3B (số 92) Thanh Nhàn, Hà Nội', 21.0315585, 105.8402865),
(457, N'Qua Viện tin học pháp ngữ 20m - Lê Thanh Nghị B Đầu B: ĐH Kinh tế Quốc dân', N'Qua Viện tin học pháp ngữ 20m - Lê Thanh Nghị B Đầu B: ĐH Kinh tế Quốc dân, Hà Nội', 20.9950566, 105.8408128),
(458, N'Trung tâm kỹ thuật cao Viện 108 (Qua ngã 3 Trần Khánh Dư - Trần Hưng Đạo 50m)', N'Trung tâm kỹ thuật cao Viện 108 (Qua ngã 3 Trần Khánh Dư - Trần Hưng Đạo 50m), Hà Nội', 21.0238793, 105.7670897),
(459, N'Bệnh viện Hữu Nghị Việt Xô - 1 Trần Khánh Dư', N'Bệnh viện Hữu Nghị Việt Xô - 1 Trần Khánh Dư, Hà Nội', 21.0224434, 105.8054070),
(460, N'Cạnh ngõ 18 Nguyễn Khoái (Đối diện Vân Đồn Hotel)', N'Cạnh ngõ 18 Nguyễn Khoái (Đối diện Vân Đồn Hotel), Hà Nội', 20.9622730, 105.7744417),
(461, N'220 Nguyễn Khoái (Gần Ngã 3 Nguyễn Khoái- Dốc Minh Khai)', N'220 Nguyễn Khoái (Gần Ngã 3 Nguyễn Khoái- Dốc Minh Khai), Hà Nội', 20.9811071, 105.7938636),
(462, N'82 Vĩnh Tuy', N'82 Vĩnh Tuy, Hà Nội', 21.0002807, 105.7616967),
(463, N'423 Minh Khai', N'423 Minh Khai, Hà Nội', 20.9606679, 105.7600792),
(464, N'259 Minh Khai', N'259 Minh Khai, Hà Nội', 20.9743772, 105.8470184),
(465, N'XN liên doanh ô tô Hoà Bình - 199 Minh Khai (Qua cầu Mai Động)', N'XN liên doanh ô tô Hoà Bình - 199 Minh Khai (Qua cầu Mai Động), Hà Nội', 21.0397090, 105.8048481),
(466, N'171 Minh Khai', N'171 Minh Khai, Hà Nội', 20.9988608, 105.8177298),
(467, N'Bưu điện Chợ Mơ - 48 Minh Khai', N'Bưu điện Chợ Mơ - 48 Minh Khai, Hà Nội', 20.9862640, 105.8431575),
(468, N'120 - 122 Đại La', N'120 - 122 Đại La, Hà Nội', 21.0266203, 105.8425088),
(469, N'86 Trường Chinh', N'86 Trường Chinh, Hà Nội', 20.9785774, 105.7988212),
(470, N'Đối diện Bảo tàng phòng không không quân - Trường Chinh', N'Đối diện Bảo tàng phòng không không quân - Trường Chinh, Hà Nội', 20.9670167, 105.7957753),
(471, N'Platform dành riêng cho xe buýt trước nhà 604 Trường Chinh', N'Platform dành riêng cho xe buýt trước nhà 604 Trường Chinh, Hà Nội', 21.0151588, 105.7690332),
(472, N'Flatfom dành riêng cho xe buýt trước nhà 45 Đường Láng', N'Flatfom dành riêng cho xe buýt trước nhà 45 Đường Láng, Hà Nội', 21.0397169, 105.7923683),
(473, N'Chợ Thượng Đình - 224 Nguyễn Trãi', N'Chợ Thượng Đình - 224 Nguyễn Trãi, Hà Nội', 21.0473143, 105.7882385),
(474, N'Bảo tàng tổng hợp Tỉnh Hà Tây - Cầu Am (đường Vạn Phúc - Hà Đông)', N'Bảo tàng tổng hợp Tỉnh Hà Tây - Cầu Am (đường Vạn Phúc - Hà Đông), Hà Nội', 21.0090369, 105.7814898),
(475, N'15 Cầu Am (đường Vạn Phúc - Hà Đông)', N'15 Cầu Am (đường Vạn Phúc - Hà Đông), Hà Nội', 20.9596205, 105.7606599),
(476, N'233 Đường 340 Vạn Phúc (Hà Đông)', N'233 Đường 340 Vạn Phúc (Hà Đông), Hà Nội', 20.9872017, 105.8028985),
(477, N'Điểm xén hè qua ngã 4 Vạn Phúc - Tố Hữu', N'Điểm xén hè qua ngã 4 Vạn Phúc - Tố Hữu, Hà Nội', 21.0442193, 105.8238869),
(478, N'Điểm xén hè gần đường vào KĐT Dương Nội - đường Tố Hữu', N'Điểm xén hè gần đường vào KĐT Dương Nội - đường Tố Hữu, Hà Nội', 21.0169006, 105.7654629),
(479, N'Nhà chờ gần Nam Cường Building - Tố Hữu', N'Nhà chờ gần Nam Cường Building - Tố Hữu, Hà Nội', 20.9633442, 105.7521229),
(480, N'Nhà chờ gần đường vào KĐT An Hưng - Tố Hữu', N'Nhà chờ gần đường vào KĐT An Hưng - Tố Hữu, Hà Nội', 21.0436144, 105.7684381),
(481, N'Gần Ngõ 534 Lê Trọng Tấn - Hà Đông', N'Gần Ngõ 534 Lê Trọng Tấn - Hà Đông, Hà Nội', 20.9711532, 105.8070036),
(482, N'Gần ngõ Chùa Phổ Quang - Lê Trọng Tấn - Hà Đông', N'Gần ngõ Chùa Phổ Quang - Lê Trọng Tấn - Hà Đông, Hà Nội', 20.9664148, 105.8492100),
(483, N'Gần đường vào trường Tiểu học Dương Nội -Lê Trọng Tấn - Hà Đông', N'Gần đường vào trường Tiểu học Dương Nội -Lê Trọng Tấn - Hà Đông, Hà Nội', 20.9707223, 105.7963423),
(484, N'Qua ngã tư đường 72 cũ - Lê Trọng Tấn - Hà Đông B Thiên Đường Bảo Sơn', N'Qua ngã tư đường 72 cũ - Lê Trọng Tấn - Hà Đông B Thiên Đường Bảo Sơn, Hà Nội', 21.0122810, 105.8077539),
(485, N'250-252 Cầu Giấy', N'250-252 Cầu Giấy, Hà Nội', 21.0149708, 105.8067225),
(486, N'Hè trước số 370 Cầu Giấy - Nhà khách quốc tế Bộ Công an', N'Hè trước số 370 Cầu Giấy - Nhà khách quốc tế Bộ Công an, Hà Nội', 21.0134557, 105.8276836),
(487, N'Học viện Báo chí và Tuyên truyền - 36 Xuân Thủy', N'Học viện Báo chí và Tuyên truyền - 36 Xuân Thủy, Hà Nội', 21.0213179, 105.8345494),
(488, N'Gần nhà sách Sư phạm (Đại học Sư phạm Hà Nội) - 136 Xuân Thủy', N'Gần nhà sách Sư phạm (Đại học Sư phạm Hà Nội) - 136 Xuân Thủy, Hà Nội', 20.9799560, 105.7865212),
(489, N'Đối diện ĐH Thương Mại - 6 Hồ Tùng Mậu (Cột 1)', N'Đối diện ĐH Thương Mại - 6 Hồ Tùng Mậu (Cột 1), Hà Nội', 20.9590372, 105.7519910),
(490, N'Trung tâm kiểm định xe máy quân sự (Cầu Diễn) - Đường 32', N'Trung tâm kiểm định xe máy quân sự (Cầu Diễn) - Đường 32, Hà Nội', 20.9500792, 105.8236962),
(491, N'Cạnh Trung đoàn thông tin 21(Cửa hàng Dầu bóng Pupe Cầu Diễn) - Đường 32', N'Cạnh Trung đoàn thông tin 21(Cửa hàng Dầu bóng Pupe Cầu Diễn) - Đường 32, Hà Nội', 20.9855538, 105.8091771),
(492, N'135 Tổ 3 (Đối diện trường mầm non Sao Mai - Kiều Mai) - Đường 32', N'135 Tổ 3 (Đối diện trường mầm non Sao Mai - Kiều Mai) - Đường 32, Hà Nội', 20.9705926, 105.8137863),
(493, N'Đối diện Cty CP chế tạo điện cơ Hà Nội - Đường 32', N'Đối diện Cty CP chế tạo điện cơ Hà Nội - Đường 32, Hà Nội', 20.9533447, 105.7920948),
(494, N'Đình và Miếu Đồng Cổ (Thôn Nguyên Xá) - Đường 32', N'Đình và Miếu Đồng Cổ (Thôn Nguyên Xá) - Đường 32, Hà Nội', 21.0052659, 105.7746436),
(495, N'Trung chuyển Nhổn - Đường 32', N'Trung chuyển Nhổn - Đường 32, Hà Nội', 20.9826352, 105.8268060),
(496, N'Hè giữa nhà số 34-36 phố Nhổn', N'Hè giữa nhà số 34-36 phố Nhổn, Hà Nội', 20.9955050, 105.8252985),
(497, N'Công ty CP xây dựng Thăng Long - Quốc lộ 32', N'Công ty CP xây dựng Thăng Long - Quốc lộ 32, Hà Nội', 20.9967445, 105.8449343),
(498, N'Nhà hàng Thăng Long - Quốc lộ 32', N'Nhà hàng Thăng Long - Quốc lộ 32, Hà Nội', 21.0000678, 105.7969198),
(499, N'Ảnh màu kỹ thuật Thủ Đô (Phố Lai Xá) - Quốc lộ 32', N'Ảnh màu kỹ thuật Thủ Đô (Phố Lai Xá) - Quốc lộ 32, Hà Nội', 21.0467202, 105.8028051),
(500, N'Qua lối rẽ HV Khoa học Quân Sự - Quốc lộ 32', N'Qua lối rẽ HV Khoa học Quân Sự - Quốc lộ 32, Hà Nội', 21.0221896, 105.7916055);
INSERT INTO Stops (StopID, StopName, Address, Latitude, Longitude) VALUES 
(501, N'Bưu điện Hoài Đức - Quốc lộ 32', N'Bưu điện Hoài Đức - Quốc lộ 32, Hà Nội', 21.0098099, 105.7771912),
(502, N'Công ty Đông Thành (Thị trấn Trôi) - Quốc lộ 32', N'Công ty Đông Thành (Thị trấn Trôi) - Quốc lộ 32, Hà Nội', 20.9919203, 105.7784147),
(503, N'Trường THPT Bình Minh - Quốc lộ 32', N'Trường THPT Bình Minh - Quốc lộ 32, Hà Nội', 21.0323543, 105.8443096),
(504, N'XN thuốc thú y Trung ương (Đức Thượng Hoài Đức) - Quốc lộ 32', N'XN thuốc thú y Trung ương (Đức Thượng Hoài Đức) - Quốc lộ 32, Hà Nội', 21.0090700, 105.8138005),
(505, N'Đối diện XN May Mỹ Anh (Xã Đức Phượng) – Quốc lộ 32', N'Đối diện XN May Mỹ Anh (Xã Đức Phượng) – Quốc lộ 32, Hà Nội', 21.0018461, 105.7855266),
(506, N'Đối diện đường vào Chùa Diên Phúc (Cạnh Thạch Thảo Lisa) - Quốc lộ 32', N'Đối diện đường vào Chùa Diên Phúc (Cạnh Thạch Thảo Lisa) - Quốc lộ 32, Hà Nội', 20.9678866, 105.7744840),
(507, N'Cty CP Xây dựng & TM Sông Hồng - Quốc lộ 32 B', N'Cty CP Xây dựng & TM Sông Hồng - Quốc lộ 32 B, Hà Nội', 20.9751842, 105.7531751),
(508, N'Cty CP Xây dựng & TM Sông Hồng - Quốc lộ 32', N'Cty CP Xây dựng & TM Sông Hồng - Quốc lộ 32, Hà Nội', 20.9784319, 105.7948135),
(509, N'34-36 Phan Đình Phùng (Thị trấn Phùng) - Quốc lộ 32', N'34-36 Phan Đình Phùng (Thị trấn Phùng) - Quốc lộ 32, Hà Nội', 20.9605624, 105.7729512),
(510, N'Đối diện Công an Thị trấn Phùng - Quốc lộ 32 (Cọc tiêu H6/21)', N'Đối diện Công an Thị trấn Phùng - Quốc lộ 32 (Cọc tiêu H6/21), Hà Nội', 20.9715997, 105.8077831),
(511, N'Viện nghiên cứu ngô Quốc Gia - Quốc lộ 32 (Cọc tiêu H2/22)', N'Viện nghiên cứu ngô Quốc Gia - Quốc lộ 32 (Cọc tiêu H2/22), Hà Nội', 21.0489677, 105.7555488),
(512, N'Gần đường vào thôn Ngoại xã Tam Thuấn 50m - Quốc lộ 32', N'Gần đường vào thôn Ngoại xã Tam Thuấn 50m - Quốc lộ 32, Hà Nội', 21.0248134, 105.7991351),
(513, N'Gần dốc Quai Chè xã Tam Hiệp 70m - Quốc lộ 32', N'Gần dốc Quai Chè xã Tam Hiệp 70m - Quốc lộ 32, Hà Nội', 21.0179226, 105.8395089),
(514, N'Qua đường vào Khu sinh thái Cẩm Đình Hiệp Thuận 100n - Quốc lộ', N'Qua đường vào Khu sinh thái Cẩm Đình Hiệp Thuận 100n - Quốc lộ, Hà Nội', 20.9736667, 105.7973550),
(515, N'32 Qua đường vào chợ Ngọc Tảo - Quốc lộ 32', N'32 Qua đường vào chợ Ngọc Tảo - Quốc lộ 32, Hà Nội', 20.9848928, 105.7896997),
(516, N'Trường THCS Phụng Thượng - Quốc lộ 32', N'Trường THCS Phụng Thượng - Quốc lộ 32, Hà Nội', 20.9811155, 105.8388660),
(517, N'Đối diện cây xăng xã Phụng Thượng - Quốc lộ 32', N'Đối diện cây xăng xã Phụng Thượng - Quốc lộ 32, Hà Nội', 20.9706883, 105.8314126),
(518, N'Đối diện cửa hàng đồ gỗ Chúc Hiền - Phố Quạt xã Đại Đồng - Quốc lộ 32', N'Đối diện cửa hàng đồ gỗ Chúc Hiền - Phố Quạt xã Đại Đồng - Quốc lộ 32, Hà Nội', 21.0203033, 105.7673633),
(519, N'Đối diện Công an huyện Phúc Thọ - Quốc lộ 32', N'Đối diện Công an huyện Phúc Thọ - Quốc lộ 32, Hà Nội', 21.0442250, 105.8087466),
(520, N'Trường Mầm non thị trấn Phúc Thọ - Quốc lộ 32', N'Trường Mầm non thị trấn Phúc Thọ - Quốc lộ 32, Hà Nội', 20.9897007, 105.8489807),
(521, N'Đối diện hiệu sách nhân dân Phúc Thọ - Quốc lộ 32', N'Đối diện hiệu sách nhân dân Phúc Thọ - Quốc lộ 32, Hà Nội', 20.9591722, 105.8177752),
(522, N'Công ty TNHH Duy Thịnh', N'Công ty TNHH Duy Thịnh, Hà Nội', 21.0199611, 105.8108597),
(523, N'Trường Hữu Nghị T78 - QL32', N'Trường Hữu Nghị T78 - QL32, Hà Nội', 20.9602952, 105.7799261),
(524, N'May Minh Phương - QL32', N'May Minh Phương - QL32, Hà Nội', 20.9507420, 105.8396977),
(525, N'Cửa hàng xăng dầu số 14 - QL32 B Bến xe Sơn Tây', N'Cửa hàng xăng dầu số 14 - QL32 B Bến xe Sơn Tây, Hà Nội', 21.0327160, 105.7890744),
(526, N'Đối diện cổng nghĩa trang liệt sĩ Tây Tựu - Tây Tựu', N'Đối diện cổng nghĩa trang liệt sĩ Tây Tựu - Tây Tựu, Hà Nội', 20.9527160, 105.8089787),
(527, N'Trước 100m đối diện cổng trường Tiểu học Tây Tựu A - Tây Tựu', N'Trước 100m đối diện cổng trường Tiểu học Tây Tựu A - Tây Tựu, Hà Nội', 20.9908459, 105.7870397),
(528, N'Qua 150m đường vào trường ĐHCN Hà Nội - Tây Tựu', N'Qua 150m đường vào trường ĐHCN Hà Nội - Tây Tựu, Hà Nội', 21.0450909, 105.8388452),
(529, N'Qua đối diện 100m ngã 3 Kỳ Vũ - Tây Tựu (qua lối vào trường CĐ Công nghệ HN', N'Qua đối diện 100m ngã 3 Kỳ Vũ - Tây Tựu (qua lối vào trường CĐ Công nghệ HN, Hà Nội', 20.9554084, 105.7964928),
(530, N'Đối diện cổng làng Thượng Cát 1 - đê Thượng Cát', N'Đối diện cổng làng Thượng Cát 1 - đê Thượng Cát, Hà Nội', 21.0121820, 105.8309480),
(531, N'Đối diện cổng làng Thượng Cát 2 - đê Thượng Cát', N'Đối diện cổng làng Thượng Cát 2 - đê Thượng Cát, Hà Nội', 21.0467510, 105.7677225),
(532, N'Thôn Trung - đê Thượng Cát', N'Thôn Trung - đê Thượng Cát, Hà Nội', 20.9539286, 105.7621146),
(533, N'UBND Xã Liên Trung', N'UBND Xã Liên Trung, Hà Nội', 21.0305600, 105.7762747),
(534, N'Làng Quý', N'Làng Quý, Hà Nội', 21.0147161, 105.7653068),
(535, N'Qua trường THCS Liên Hà', N'Qua trường THCS Liên Hà, Hà Nội', 20.9881235, 105.8421724),
(536, N'Đối diện Làng Tổ - xã Liên Hà', N'Đối diện Làng Tổ - xã Liên Hà, Hà Nội', 21.0224664, 105.7740906),
(537, N'Đối diện làng Hữu Cước (gần đối diện điếm canh đê số 15)', N'Đối diện làng Hữu Cước (gần đối diện điếm canh đê số 15), Hà Nội', 21.0474490, 105.8282379),
(538, N'Xóm Bắc - Xã Liên Hồng', N'Xóm Bắc - Xã Liên Hồng, Hà Nội', 21.0356799, 105.7577215),
(539, N'Đối diện cổng làng Bồng Lai', N'Đối diện cổng làng Bồng Lai, Hà Nội', 21.0038291, 105.8149809),
(540, N'Đối diện cổng Đông làng Bá Dương Nội', N'Đối diện cổng Đông làng Bá Dương Nội, Hà Nội', 21.0399599, 105.8279509),
(541, N'Đối diện trường THPT Hồng Thái', N'Đối diện trường THPT Hồng Thái, Hà Nội', 20.9788551, 105.8425843),
(542, N'Gần cột mốc Vân Cốc 15km - làng Hạ Mỗ', N'Gần cột mốc Vân Cốc 15km - làng Hạ Mỗ, Hà Nội', 20.9575242, 105.7557906),
(543, N'Làng Hương Luy - Xã Trung Châu (gần cột mốc Vân Cốc 14km)', N'Làng Hương Luy - Xã Trung Châu (gần cột mốc Vân Cốc 14km), Hà Nội', 21.0154187, 105.7567073),
(544, N'Gần cột mốc Vân Cốc 13km, đối diện điếm canh đê số 10 (UBND Xã Trung Châu)', N'Gần cột mốc Vân Cốc 13km, đối diện điếm canh đê số 10 (UBND Xã Trung Châu), Hà Nội', 21.0333049, 105.7967231),
(545, N'Sân vận động TDTT Xã Thọ An - gần cột mốc Vân Cốc 11km', N'Sân vận động TDTT Xã Thọ An - gần cột mốc Vân Cốc 11km, Hà Nội', 20.9828956, 105.7941469),
(546, N'Đối diện điếm canh đê số 7 - Xã Thọ An (gần cột mốc Vân Cốc 10km)', N'Đối diện điếm canh đê số 7 - Xã Thọ An (gần cột mốc Vân Cốc 10km), Hà Nội', 21.0394614, 105.7862277),
(547, N'Km10 - đường 417 ( đối diện trường THCS Trung Châu)', N'Km10 - đường 417 ( đối diện trường THCS Trung Châu), Hà Nội', 20.9714975, 105.7968346),
(548, N'Đối diện xóm Cả - làng Hưu Trung', N'Đối diện xóm Cả - làng Hưu Trung, Hà Nội', 20.9964782, 105.8339925),
(549, N'Trước 50m ngã ba đường vào xã Hát Môn - Đan Phượng', N'Trước 50m ngã ba đường vào xã Hát Môn - Đan Phượng, Hà Nội', 20.9876809, 105.8482161),
(550, N'Qua đối diện trường THPT Vân Cốc', N'Qua đối diện trường THPT Vân Cốc, Hà Nội', 21.0434920, 105.8148155),
(551, N'Đối diện UBND Xã Vân Nam', N'Đối diện UBND Xã Vân Nam, Hà Nội', 21.0235452, 105.7847506),
(552, N'Qua lối vào trường THCS Vân Cốc', N'Qua lối vào trường THCS Vân Cốc, Hà Nội', 21.0030907, 105.8269488),
(553, N'UBND Xã Vân Phúc (cột mốc H1/12)', N'UBND Xã Vân Phúc (cột mốc H1/12), Hà Nội', 20.9623035, 105.8470841),
(554, N'Qua ngã 4 Xuân Phú 50m', N'Qua ngã 4 Xuân Phú 50m, Hà Nội', 20.9765496, 105.7645193),
(555, N'UBND xã Xuân Phú (gần trường TH Xuân Phú)', N'UBND xã Xuân Phú (gần trường TH Xuân Phú), Hà Nội', 20.9992033, 105.8003918),
(556, N'Gần cửa khẩu Xã Cẩm Đình B', N'Gần cửa khẩu Xã Cẩm Đình B, Hà Nội', 20.9743167, 105.8296649),
(557, N'Toyota Giải Phóng - 807 Giải Phóng', N'Toyota Giải Phóng - 807 Giải Phóng, Hà Nội', 21.0026773, 105.7714501),
(558, N'337 Phố Vọng', N'337 Phố Vọng, Hà Nội', 21.0335324, 105.7921519),
(559, N'101A2 TT Trung Tự - Phạm Ngọc Thạch', N'101A2 TT Trung Tự - Phạm Ngọc Thạch, Hà Nội', 21.0140450, 105.8211935),
(560, N'104 C1 Tập thể Trung Tự - Phạm Ngọc Thạch', N'104 C1 Tập thể Trung Tự - Phạm Ngọc Thạch, Hà Nội', 20.9994675, 105.7894953),
(561, N'Đối diện bãi đỗ xe Công ty Hino', N'Đối diện bãi đỗ xe Công ty Hino, Hà Nội', 20.9857423, 105.7958241),
(562, N'Công viên khu đô thị Pháp Vân Tứ Hiệp (đối diện tòa nhà Nơ 3), Trần Thủ Độ', N'Công viên khu đô thị Pháp Vân Tứ Hiệp (đối diện tòa nhà Nơ 3), Trần Thủ Độ, Hà Nội', 20.9509838, 105.8489800),
(563, N'Phòng trưng bày sản phẩm ôtô Ford - Ngọc Hồi', N'Phòng trưng bày sản phẩm ôtô Ford - Ngọc Hồi, Hà Nội', 20.9878437, 105.7769847),
(564, N'Đối diện Trụ sở Công an Phường Hoàng Liệt- 1277 Giải Phóng', N'Đối diện Trụ sở Công an Phường Hoàng Liệt- 1277 Giải Phóng, Hà Nội', 21.0314718, 105.8044881),
(565, N'Dải đỗ số 2 bến xe Giáp Bát - Tuyến 21', N'Dải đỗ số 2 bến xe Giáp Bát - Tuyến 21, Hà Nội', 20.9705504, 105.7820737),
(566, N'Ngã 3 Hoàng Diệu - Hoàng Văn Thụ', N'Ngã 3 Hoàng Diệu - Hoàng Văn Thụ, Hà Nội', 21.0061901, 105.7756631),
(567, N'34 - 36 Hoàng Diệu', N'34 - 36 Hoàng Diệu, Hà Nội', 20.9563546, 105.8494694),
(568, N'Đối diện Bệnh viện Xanh pôn - 60 Trần Phú (Bộ Tư pháp) B Tòa nhà PTA - Số 1 Kim Mã', N'Đối diện Bệnh viện Xanh pôn - 60 Trần Phú (Bộ Tư pháp) B Tòa nhà PTA - Số 1 Kim Mã, Hà Nội', 21.0045314, 105.7746985),
(569, N'Nhà CT2A - KĐT Xa La', N'Nhà CT2A - KĐT Xa La, Hà Nội', 21.0497475, 105.7802501),
(570, N'Đối diện 77 Cầu Bươu - Gần đường vào thôn Yên Xá', N'Đối diện 77 Cầu Bươu - Gần đường vào thôn Yên Xá, Hà Nội', 21.0214601, 105.8069150),
(571, N'Viện 103 - Phùng Hưng (Hà Đông)', N'Viện 103 - Phùng Hưng (Hà Đông), Hà Nội', 20.9946271, 105.7979346),
(572, N'Công ty CP Xây lắp điện Hà Tây - 18 Phùng Hưng (Hà Đông)', N'Công ty CP Xây lắp điện Hà Tây - 18 Phùng Hưng (Hà Đông), Hà Nội', 21.0462163, 105.8352960),
(573, N'Trung tâm Văn hóa Thông tin - Phùng Hưng (Hà Đông)', N'Trung tâm Văn hóa Thông tin - Phùng Hưng (Hà Đông), Hà Nội', 20.9799690, 105.8308381),
(574, N'Liên Minh các HTX Hà Nội - Số 1 Trần Phú (Hà Đông)', N'Liên Minh các HTX Hà Nội - Số 1 Trần Phú (Hà Đông), Hà Nội', 20.9583520, 105.7862791),
(575, N'Siêu thị Nguyễn Kim - Km10 Nguyễn Trãi, Hà Đông', N'Siêu thị Nguyễn Kim - Km10 Nguyễn Trãi, Hà Đông, Hà Nội', 20.9928613, 105.8178261),
(576, N'LK 3C-6 Mỗ Lao - Nguyễn Văn Lộc', N'LK 3C-6 Mỗ Lao - Nguyễn Văn Lộc, Hà Nội', 20.9812646, 105.7843555),
(577, N'Đối diện UBND phường Mỗ Lao - đường Nguyễn Văn Lộc', N'Đối diện UBND phường Mỗ Lao - đường Nguyễn Văn Lộc, Hà Nội', 21.0446620, 105.7875679),
(578, N'Qua 100 ngã 4 Trung Văn (qua nhà 14C) - Tố Hữu', N'Qua 100 ngã 4 Trung Văn (qua nhà 14C) - Tố Hữu, Hà Nội', 21.0116133, 105.8164078),
(579, N'Đối diện gần lối vào trường THPT Trung Văn - Tố Hữu', N'Đối diện gần lối vào trường THPT Trung Văn - Tố Hữu, Hà Nội', 20.9508256, 105.7638318),
(580, N'Trước chung cư HH2 Bắc Hà 70m - Tố Hữu', N'Trước chung cư HH2 Bắc Hà 70m - Tố Hữu, Hà Nội', 21.0493540, 105.8432222),
(581, N'Đối diện 289A Khuất Duy Tiến - Vinaconex1', N'Đối diện 289A Khuất Duy Tiến - Vinaconex1, Hà Nội', 21.0278522, 105.8049302),
(582, N'Ngã 4 Phạm Hùng - Khuất Duy Tiến (Đối diện Trung tâm Hội nghị Quốc Gia)', N'Ngã 4 Phạm Hùng - Khuất Duy Tiến (Đối diện Trung tâm Hội nghị Quốc Gia), Hà Nội', 21.0375996, 105.7952363),
(583, N'Qua 130m Doanh trại bộ chỉ huy quân sự HN - 99A Phạm Hùng', N'Qua 130m Doanh trại bộ chỉ huy quân sự HN - 99A Phạm Hùng, Hà Nội', 20.9818512, 105.7941143),
(584, N'Tòa nhà Landmark 72 - đường Phạm Hùng', N'Tòa nhà Landmark 72 - đường Phạm Hùng, Hà Nội', 20.9841097, 105.8123427),
(585, N'Đối diện nhà CT5 KĐT Sông Đà Mỹ Đình - Phạm Hùng', N'Đối diện nhà CT5 KĐT Sông Đà Mỹ Đình - Phạm Hùng, Hà Nội', 21.0023691, 105.7595358),
(586, N'Qua ngã 4 Phạm Hùng - Đình Thôn (Hướng đi Phạm Văn Đồng)', N'Qua ngã 4 Phạm Hùng - Đình Thôn (Hướng đi Phạm Văn Đồng), Hà Nội', 20.9769383, 105.8134424),
(587, N'Đối diện Bến xe khách Mỹ Đình - Phạm Hùng (Cột 1) B Bến xe Mỹ Đình', N'Đối diện Bến xe khách Mỹ Đình - Phạm Hùng (Cột 1) B Bến xe Mỹ Đình, Hà Nội', 21.0424176, 105.8173320),
(588, N'Trường Mầm non Hàng Đào', N'Trường Mầm non Hàng Đào, Hà Nội', 21.0256140, 105.8104507),
(589, N'Doanh trại Quân đội nhân dân Mậu Lương', N'Doanh trại Quân đội nhân dân Mậu Lương, Hà Nội', 20.9610469, 105.7994595),
(590, N'Trung tâm TDTT Mậu Lương', N'Trung tâm TDTT Mậu Lương, Hà Nội', 20.9562009, 105.8135820),
(591, N'Miếu làng Mậu Lương - phố Mậu Lương', N'Miếu làng Mậu Lương - phố Mậu Lương, Hà Nội', 21.0283469, 105.8490912),
(592, N'KĐT Xa La', N'KĐT Xa La, Hà Nội', 20.9636847, 105.8099998),
(593, N'Nghĩa trang La Khê - đường Yên Lộ B KĐT Dương Nội', N'Nghĩa trang La Khê - đường Yên Lộ B KĐT Dương Nội, Hà Nội', 21.0444153, 105.8407094),
(594, N'18-20 Tuệ Tĩnh', N'18-20 Tuệ Tĩnh, Hà Nội', 20.9783530, 105.8362911),
(595, N'Số 10 Hoa Lư', N'Số 10 Hoa Lư, Hà Nội', 21.0036208, 105.8094677),
(596, N'B13 KTX Bách Khoa - Tạ Quang Bửu', N'B13 KTX Bách Khoa - Tạ Quang Bửu, Hà Nội', 21.0341859, 105.8067330),
(597, N'170 - 172 Lê Thanh Nghị', N'170 - 172 Lê Thanh Nghị, Hà Nội', 21.0433965, 105.7549618),
(598, N'114 + 115 E8 Phương Mai', N'114 + 115 E8 Phương Mai, Hà Nội', 21.0367435, 105.8039455),
(599, N'Đại học Công Đoàn - 169 Tây Sơn', N'Đại học Công Đoàn - 169 Tây Sơn, Hà Nội', 20.9528363, 105.8182403),
(600, N'Trường THCS Quang Trung - Số 6 Đặng Tiến Đông', N'Trường THCS Quang Trung - Số 6 Đặng Tiến Đông, Hà Nội', 21.0156387, 105.7862795),
(601, N'63 Trần Quang Diệu', N'63 Trần Quang Diệu, Hà Nội', 20.9805243, 105.8177029),
(602, N'Trung tâm thể thao Hoàng Cầu - 59 Hoàng Cầu', N'Trung tâm thể thao Hoàng Cầu - 59 Hoàng Cầu, Hà Nội', 21.0124019, 105.8171679),
(603, N'23-25 Hoàng Cầu', N'23-25 Hoàng Cầu, Hà Nội', 20.9733165, 105.7694757),
(604, N'426 Đê La Thành (Đại học Văn Hóa)', N'426 Đê La Thành (Đại học Văn Hóa), Hà Nội', 20.9983959, 105.7756703),
(605, N'25B Cát Linh', N'25B Cát Linh, Hà Nội', 20.9981998, 105.8109175),
(606, N'11A Cát Linh', N'11A Cát Linh, Hà Nội', 21.0394080, 105.7645739),
(607, N'Đối diện số 40 Tôn Đức Thắng (Văn Miếu)', N'Đối diện số 40 Tôn Đức Thắng (Văn Miếu), Hà Nội', 21.0478914, 105.7921061),
(608, N'7 Nguyễn Thái Học - Cửa Nam', N'7 Nguyễn Thái Học - Cửa Nam, Hà Nội', 21.0236478, 105.7926622),
(609, N'16 Trần Hưng Đạo', N'16 Trần Hưng Đạo, Hà Nội', 21.0075012, 105.7994653),
(610, N'Đối diện 29 Hàn Thuyên', N'Đối diện 29 Hàn Thuyên, Hà Nội', 21.0480992, 105.7711473),
(611, N'52 Ngô Thì Nhậm', N'52 Ngô Thì Nhậm, Hà Nội', 20.9643641, 105.8281397),
(612, N'94 Ngô Thì Nhậm B', N'94 Ngô Thì Nhậm B, Hà Nội', 21.0145232, 105.8307615),
(613, N'162 Trần Quang Khải - Viện Quy hoạch Thủy Lợi', N'162 Trần Quang Khải - Viện Quy hoạch Thủy Lợi, Hà Nội', 20.9760609, 105.8252859),
(614, N'Vườn hoa Trần Quang Khải (Đối diện BQL Xây dựng công trình Công ích)', N'Vườn hoa Trần Quang Khải (Đối diện BQL Xây dựng công trình Công ích), Hà Nội', 21.0208823, 105.8356345),
(615, N'Trung chuyển Trần Khánh Dư (Khu đón khách)', N'Trung chuyển Trần Khánh Dư (Khu đón khách), Hà Nội', 20.9726790, 105.7851450),
(616, N'Đối diện K9 Bộ đội biên phòng - Nguyễn Khoái', N'Đối diện K9 Bộ đội biên phòng - Nguyễn Khoái, Hà Nội', 21.0465524, 105.8428373),
(617, N'539 - 541 Minh Khai', N'539 - 541 Minh Khai, Hà Nội', 20.9585279, 105.7885726),
(618, N'Chợ Láng Hạ A - 572 Đường Láng', N'Chợ Láng Hạ A - 572 Đường Láng, Hà Nội', 21.0204139, 105.8323498),
(619, N'794 Đường Láng', N'794 Đường Láng, Hà Nội', 20.9958063, 105.8446492),
(620, N'1152D Đường Láng B ĐH Giao Thông Vận Tải - Điểm số 1', N'1152D Đường Láng B ĐH Giao Thông Vận Tải - Điểm số 1, Hà Nội', 21.0297574, 105.8112166),
(621, N'771 - 773 Nguyễn Hoàng Tôn', N'771 - 773 Nguyễn Hoàng Tôn, Hà Nội', 20.9981295, 105.8100555),
(622, N'Tập thể Pháo Binh 563 - 565 Nguyễn Hoàng Tôn', N'Tập thể Pháo Binh 563 - 565 Nguyễn Hoàng Tôn, Hà Nội', 20.9749165, 105.7777818),
(623, N'393 Nguyễn Hoàng Tôn', N'393 Nguyễn Hoàng Tôn, Hà Nội', 21.0353604, 105.8330917),
(624, N'Đối diện 40 Nguyễn Hoàng Tôn', N'Đối diện 40 Nguyễn Hoàng Tôn, Hà Nội', 20.9996344, 105.8171493),
(625, N'Đối diện 528 đường Bưởi dưới - Ngã 3 Hoàng Quốc Việt', N'Đối diện 528 đường Bưởi dưới - Ngã 3 Hoàng Quốc Việt, Hà Nội', 20.9528485, 105.7935355),
(626, N'Đối diện 298 đường Bưởi dưới', N'Đối diện 298 đường Bưởi dưới, Hà Nội', 21.0303947, 105.7873913),
(627, N'Đối diện 198 đường Bưởi dưới - Ngã 3 Nguyễn Khánh Toàn', N'Đối diện 198 đường Bưởi dưới - Ngã 3 Nguyễn Khánh Toàn, Hà Nội', 21.0379648, 105.7869733),
(628, N'116 A5 Tập thể Giảng Võ - Kim Mã', N'116 A5 Tập thể Giảng Võ - Kim Mã, Hà Nội', 21.0392957, 105.8475363),
(629, N'211 Kim Mã', N'211 Kim Mã, Hà Nội', 21.0247318, 105.8328089),
(630, N'Kim Mã (Nhà chờ BRT Kim Mã) - biển trước', N'Kim Mã (Nhà chờ BRT Kim Mã) - biển trước, Hà Nội', 21.0045181, 105.7729911),
(631, N'253 Xã Đàn - Platform', N'253 Xã Đàn - Platform, Hà Nội', 21.0133830, 105.7688411),
(632, N'165 Xã Đàn - Platform', N'165 Xã Đàn - Platform, Hà Nội', 20.9800350, 105.8018098),
(633, N'71 Xã Đàn - Platform', N'71 Xã Đàn - Platform, Hà Nội', 20.9958456, 105.8321229),
(634, N'Ngân hàng GP Bank - số 7 Đào Duy Anh', N'Ngân hàng GP Bank - số 7 Đào Duy Anh, Hà Nội', 21.0019358, 105.7560995),
(635, N'Đối diện cổng Parabol ĐH Bách Khoa - 64 Giải Phóng', N'Đối diện cổng Parabol ĐH Bách Khoa - 64 Giải Phóng, Hà Nội', 21.0204269, 105.8157508),
(636, N'Bệnh viện Bạch Mai - 78 Giải Phóng', N'Bệnh viện Bạch Mai - 78 Giải Phóng, Hà Nội', 20.9525822, 105.7868565),
(637, N'Đối diện 807 Giải Phóng B Dải đỗ số 1 bến xe Giáp Bát - Tuyến 25', N'Đối diện 807 Giải Phóng B Dải đỗ số 1 bến xe Giáp Bát - Tuyến 25, Hà Nội', 20.9993924, 105.8343045),
(638, N'Công ty da giầy Hà Nội - 441 Nguyễn Tam Trinh', N'Công ty da giầy Hà Nội - 441 Nguyễn Tam Trinh, Hà Nội', 20.9757884, 105.7976566),
(639, N'251-253 Nguyễn Tam Trinh', N'251-253 Nguyễn Tam Trinh, Hà Nội', 20.9616620, 105.8268457),
(640, N'89 Nguyễn Tam Trinh', N'89 Nguyễn Tam Trinh, Hà Nội', 20.9863142, 105.8128754),
(641, N'Đối diện 346 Kim Ngưu - (Ngã 4 Kim Ngưu - Minh Khai)', N'Đối diện 346 Kim Ngưu - (Ngã 4 Kim Ngưu - Minh Khai), Hà Nội', 20.9795073, 105.7757007),
(642, N'Đối diện Tập thể E6 Quỳnh Mai - Kim Ngưu', N'Đối diện Tập thể E6 Quỳnh Mai - Kim Ngưu, Hà Nội', 21.0451833, 105.7694954),
(643, N'Bệnh viện Thanh Nhàn - 42 Thanh Nhàn', N'Bệnh viện Thanh Nhàn - 42 Thanh Nhàn, Hà Nội', 20.9529224, 105.8216950),
(644, N'2 Thái Hà', N'2 Thái Hà, Hà Nội', 20.9786861, 105.8280591),
(645, N'176 Thái Hà', N'176 Thái Hà, Hà Nội', 21.0182462, 105.8120733),
(646, N'Rạp chiếu phim Quốc Gia - Thái Hà', N'Rạp chiếu phim Quốc Gia - Thái Hà, Hà Nội', 21.0033988, 105.8179567),
(647, N'73 Nguyễn Chí Thanh - Đối diện Khách sạn Bảo Sơn', N'73 Nguyễn Chí Thanh - Đối diện Khách sạn Bảo Sơn, Hà Nội', 20.9586527, 105.8260291),
(648, N'Ngõ 1072 Đê La Thành', N'Ngõ 1072 Đê La Thành, Hà Nội', 20.9821493, 105.7549910),
(649, N'1144 Đê La Thành (đối diện 191 - ĐSQ Nga)', N'1144 Đê La Thành (đối diện 191 - ĐSQ Nga), Hà Nội', 21.0332847, 105.7845866),
(650, N'CV Thủ Lệ (Cột 2)', N'CV Thủ Lệ (Cột 2), Hà Nội', 20.9765821, 105.7950406),
(651, N'Trung ương Hội KHH Gia đình Việt Nam - 2 Lê Đức Thọ', N'Trung ương Hội KHH Gia đình Việt Nam - 2 Lê Đức Thọ, Hà Nội', 21.0090916, 105.7665156),
(652, N'Nhà CT2B KĐT Mỹ Đình - Lê Đức Thọ', N'Nhà CT2B KĐT Mỹ Đình - Lê Đức Thọ, Hà Nội', 20.9808216, 105.8166477),
(653, N'Đối diện đường vào Trường CĐ nghề Trần Hưng Đạo - Lê Đức Thọ B', N'Đối diện đường vào Trường CĐ nghề Trần Hưng Đạo - Lê Đức Thọ B, Hà Nội', 20.9748412, 105.8200309),
(654, N'Trường trung cấp Kinh tế - Tài chính Hà Nội - Quốc lộ 6', N'Trường trung cấp Kinh tế - Tài chính Hà Nội - Quốc lộ 6, Hà Nội', 21.0177082, 105.7574831),
(655, N'807 Quang Trung (Hà Đông)', N'807 Quang Trung (Hà Đông), Hà Nội', 21.0403135, 105.7812146),
(656, N'707 - 709 Quang Trung ( HĐ)', N'707 - 709 Quang Trung ( HĐ), Hà Nội', 20.9541754, 105.7648983),
(657, N'521 Quang Trung (Hà Đông)', N'521 Quang Trung (Hà Đông), Hà Nội', 20.9753402, 105.7844201),
(658, N'405-407 Quang Trung (Hà Đông)', N'405-407 Quang Trung (Hà Đông), Hà Nội', 21.0455635, 105.7591499),
(659, N'267 Quang Trung (Hà Đông)', N'267 Quang Trung (Hà Đông), Hà Nội', 21.0231433, 105.7773546),
(660, N'85 Quang Trung (Hà Đông) - Đình Cầu Đơ', N'85 Quang Trung (Hà Đông) - Đình Cầu Đơ, Hà Nội', 20.9500086, 105.8493897),
(661, N'15 Quang Trung (Hà Đông)', N'15 Quang Trung (Hà Đông), Hà Nội', 21.0303325, 105.8341061),
(662, N'Đại học Kiến Trúc - Trần Phú (Hà Đông)', N'Đại học Kiến Trúc - Trần Phú (Hà Đông), Hà Nội', 20.9635212, 105.7871371),
(663, N'Học viện An ninh nhân dân - Trần Phú (Hà Đông )', N'Học viện An ninh nhân dân - Trần Phú (Hà Đông ), Hà Nội', 20.9719597, 105.7930698),
(664, N'565 Nguyễn Trãi', N'565 Nguyễn Trãi, Hà Nội', 21.0139657, 105.7897108),
(665, N'Tổng Công ty xây dựng Sông Đà - 493 Nguyễn Trãi', N'Tổng Công ty xây dựng Sông Đà - 493 Nguyễn Trãi, Hà Nội', 21.0141861, 105.8335487),
(666, N'477 Nguyễn Trãi - Học viện Khoa học Xã hội', N'477 Nguyễn Trãi - Học viện Khoa học Xã hội, Hà Nội', 21.0178736, 105.8169700),
(667, N'Hè trước tòa nhà Golden Land - 275 Nguyễn Trãi', N'Hè trước tòa nhà Golden Land - 275 Nguyễn Trãi, Hà Nội', 21.0494039, 105.8447390),
(668, N'Công ty thuốc lá Thăng Long - 235 Nguyễn Trãi', N'Công ty thuốc lá Thăng Long - 235 Nguyễn Trãi, Hà Nội', 21.0478728, 105.8387235),
(669, N'Ngã 3 Kim Giang - 185A Nguyễn Trãi', N'Ngã 3 Kim Giang - 185A Nguyễn Trãi, Hà Nội', 20.9590657, 105.8338840),
(670, N'Sân vận động Thượng Đình - 129 Nguyễn Trãi', N'Sân vận động Thượng Đình - 129 Nguyễn Trãi, Hà Nội', 20.9804865, 105.7872904),
(671, N'31 Nguyễn Chí Thanh', N'31 Nguyễn Chí Thanh, Hà Nội', 21.0080076, 105.7665667),
(672, N'Hè cạnh Khách sạn Daewoo Hà Nội', N'Hè cạnh Khách sạn Daewoo Hà Nội, Hà Nội', 20.9941531, 105.8499537),
(673, N'CV Thủ Lệ (Cột 1)', N'CV Thủ Lệ (Cột 1), Hà Nội', 20.9507141, 105.8314290),
(674, N'B5 Làng Qtế Thăng Long (Đối diện 161 Trần Đăng Ninh)', N'B5 Làng Qtế Thăng Long (Đối diện 161 Trần Đăng Ninh), Hà Nội', 20.9655422, 105.8194231),
(675, N'Qua 70m đường vào công viên Hòa Bình B', N'Qua 70m đường vào công viên Hòa Bình B, Hà Nội', 21.0347572, 105.7740482),
(676, N'242 Xã Đàn - Platform', N'242 Xã Đàn - Platform, Hà Nội', 20.9685882, 105.7869312),
(677, N'398 Xã Đàn - Platform', N'398 Xã Đàn - Platform, Hà Nội', 21.0195524, 105.7502659),
(678, N'490 Xã Đàn - Platform', N'490 Xã Đàn - Platform, Hà Nội', 21.0151359, 105.8322122),
(679, N'Trước nút giao Hoàng Cầu 100m', N'Trước nút giao Hoàng Cầu 100m, Hà Nội', 20.9896094, 105.8079572),
(680, N'Đăng Khoa It Palaza - 29 Ngọc Khánh', N'Đăng Khoa It Palaza - 29 Ngọc Khánh, Hà Nội', 20.9886915, 105.8373698),
(681, N'Đối diện số 70 Ngọc Khánh', N'Đối diện số 70 Ngọc Khánh, Hà Nội', 21.0306153, 105.8180442),
(682, N'Đối diện KTX trường Đảng Nguyễn Ái Quốc - 105K2 Nguyễn Phong Sắc', N'Đối diện KTX trường Đảng Nguyễn Ái Quốc - 105K2 Nguyễn Phong Sắc, Hà Nội', 21.0134920, 105.8275173),
(683, N'182 Trần Cung - Đối diện Viện E', N'182 Trần Cung - Đối diện Viện E, Hà Nội', 20.9539740, 105.8404984),
(684, N'Đài tưởng niệm liệt sỹ xã Cổ Nhuế (Đối diện 155 Trần Cung)', N'Đài tưởng niệm liệt sỹ xã Cổ Nhuế (Đối diện 155 Trần Cung), Hà Nội', 20.9699582, 105.8200779),
(685, N'548 Trần Cung - CLB Thôn Hoàng', N'548 Trần Cung - CLB Thôn Hoàng, Hà Nội', 21.0008349, 105.8291437),
(686, N'Đối diện số nhà 69 Hoàng Tăng Bí - xã Đông Ngạc', N'Đối diện số nhà 69 Hoàng Tăng Bí - xã Đông Ngạc, Hà Nội', 21.0145645, 105.8467617),
(687, N'Đối diện Cửa hàng Bão dưỡng sửa chữa xe máy Nam Hải Xóm 7 Đông Ngạc - Đường Đông Ngạc', N'Đối diện Cửa hàng Bão dưỡng sửa chữa xe máy Nam Hải Xóm 7 Đông Ngạc - Đường Đông Ngạc, Hà Nội', 21.0301789, 105.7502647),
(688, N'Đường vào Công ty CP cơ điện HN- Đường Đông Ngạc', N'Đường vào Công ty CP cơ điện HN- Đường Đông Ngạc, Hà Nội', 20.9872586, 105.7974909),
(689, N'Trường CĐ Tài Nguyên & Môi Trường HN - Đường Đông Ngạc B', N'Trường CĐ Tài Nguyên & Môi Trường HN - Đường Đông Ngạc B, Hà Nội', 20.9971911, 105.8143366),
(690, N'bến xe Giáp Bát - Tuyến 29 1 Đối diện Bến xe Giáp Bát - Giải Phóng', N'bến xe Giáp Bát - Tuyến 29 1 Đối diện Bến xe Giáp Bát - Giải Phóng, Hà Nội', 20.9927890, 105.8239213),
(691, N'Gần đường vào KĐT Đại Kim - 45 Nguyễn Hữu Thọ', N'Gần đường vào KĐT Đại Kim - 45 Nguyễn Hữu Thọ, Hà Nội', 20.9579336, 105.7976406),
(692, N'Đối diện khán đài A (Trung tâm thi đấu và huấn luyện thể thao CAND) - Nghiêm Xuân Yêm', N'Đối diện khán đài A (Trung tâm thi đấu và huấn luyện thể thao CAND) - Nghiêm Xuân Yêm, Hà Nội', 21.0236394, 105.8317151),
(693, N'Trường Đại học Thăng Long - Nghiêm Xuân Yêm', N'Trường Đại học Thăng Long - Nghiêm Xuân Yêm, Hà Nội', 20.9942424, 105.7610909),
(694, N'Trước ngã 3 Nguyễn Xiển - Hoàng Đạo Thành (hướng đi Nguyễn Trãi)', N'Trước ngã 3 Nguyễn Xiển - Hoàng Đạo Thành (hướng đi Nguyễn Trãi), Hà Nội', 20.9517505, 105.7853462),
(695, N'Điểm xén hè hầm đường bộ số 4 - Nguyễn Xiển', N'Điểm xén hè hầm đường bộ số 4 - Nguyễn Xiển, Hà Nội', 21.0388072, 105.7572909),
(696, N'Điểm xén hè hầm đường bộ (Viện Công nghệ thực phẩm TW) - Nguyễn Xiển', N'Điểm xén hè hầm đường bộ (Viện Công nghệ thực phẩm TW) - Nguyễn Xiển, Hà Nội', 20.9537992, 105.8469747),
(697, N'Đối diện nhà B6C - KĐT Nam Trung Yên', N'Đối diện nhà B6C - KĐT Nam Trung Yên, Hà Nội', 20.9945540, 105.7536558),
(698, N'Trước trường Tiểu học Nam Trung Yên 100m - đường Nguyễn Chánh', N'Trước trường Tiểu học Nam Trung Yên 100m - đường Nguyễn Chánh, Hà Nội', 20.9505331, 105.7718055),
(699, N'Đối diện Bến xe khách Mỹ Đình - Phạm Hùng (Cột 1)', N'Đối diện Bến xe khách Mỹ Đình - Phạm Hùng (Cột 1), Hà Nội', 20.9847347, 105.7893766),
(700, N'Đối diện Bệnh viện đa khoa y học cổ truyền - Phạm Hùng', N'Đối diện Bệnh viện đa khoa y học cổ truyền - Phạm Hùng, Hà Nội', 21.0345042, 105.7863512),
(701, N'Trung chuyển Nhổn - Đường', N'Trung chuyển Nhổn - Đường, Hà Nội', 21.0405377, 105.8270684),
(702, N'32 Hè giữa nhà số 34-36 phố Nhổn', N'32 Hè giữa nhà số 34-36 phố Nhổn, Hà Nội', 21.0325172, 105.7831449),
(703, N'Trước KĐT Lideco 25m - tỉnh lộ 422', N'Trước KĐT Lideco 25m - tỉnh lộ 422, Hà Nội', 21.0315700, 105.7561384),
(704, N'Qua 30m đối diện cổng làng Hạnh Đàn - tỉnh lộ 422 B', N'Qua 30m đối diện cổng làng Hạnh Đàn - tỉnh lộ 422 B, Hà Nội', 20.9992083, 105.7757076),
(705, N'Đối diện Bãi trông giữ xe Công ty khai thác điểm đỗ xe Hà Nội tại 98 Kim Ngưu', N'Đối diện Bãi trông giữ xe Công ty khai thác điểm đỗ xe Hà Nội tại 98 Kim Ngưu, Hà Nội', 20.9712202, 105.7542233),
(706, N'131 Lò Đúc', N'131 Lò Đúc, Hà Nội', 20.9663897, 105.7709489),
(707, N'77 Lò Đúc', N'77 Lò Đúc, Hà Nội', 20.9836980, 105.8154882),
(708, N'76 Trần Xuân Soạn', N'76 Trần Xuân Soạn, Hà Nội', 20.9791452, 105.8326865),
(709, N'Đối diện Trung tâm thể thao Hoàng Cầu - Hồ Hoàng Cầu', N'Đối diện Trung tâm thể thao Hoàng Cầu - Hồ Hoàng Cầu, Hà Nội', 21.0024545, 105.8101464),
(710, N'Qua 50m Ngã ba Đặng Tiến Đông - Hoàng Cầu', N'Qua 50m Ngã ba Đặng Tiến Đông - Hoàng Cầu, Hà Nội', 21.0341337, 105.8295981),
(711, N'Viện Công Nghệ Xạ Hiếm - 48 Láng Hạ', N'Viện Công Nghệ Xạ Hiếm - 48 Láng Hạ, Hà Nội', 20.9807247, 105.8482489),
(712, N'Sư đoàn Phòng không 361 - Lê Văn Lương', N'Sư đoàn Phòng không 361 - Lê Văn Lương, Hà Nội', 20.9981560, 105.7836731),
(713, N'Nhà 18T1 KĐT Trung Hòa Nhân Chính - Lê Văn Lương', N'Nhà 18T1 KĐT Trung Hòa Nhân Chính - Lê Văn Lương, Hà Nội', 21.0340914, 105.7826114),
(714, N'Nhà N2E KĐT Trung Hòa Nhân Chính - Lê Văn Lương', N'Nhà N2E KĐT Trung Hòa Nhân Chính - Lê Văn Lương, Hà Nội', 21.0257614, 105.7611108),
(715, N'Đối diện Bến xe khách Mỹ Đình - Phạm Hùng (Cột 1) B', N'Đối diện Bến xe khách Mỹ Đình - Phạm Hùng (Cột 1) B, Hà Nội', 21.0022583, 105.8006842),
(716, N'Sân vận động Bách Khoa - Lê Thanh Nghị', N'Sân vận động Bách Khoa - Lê Thanh Nghị, Hà Nội', 21.0135199, 105.7766146),
(717, N'319 Phố Huế', N'319 Phố Huế, Hà Nội', 21.0126250, 105.8232420),
(718, N'149 Phố Huế', N'149 Phố Huế, Hà Nội', 21.0255579, 105.8141623),
(719, N'25A-25B Phố Huế', N'25A-25B Phố Huế, Hà Nội', 20.9517984, 105.8489572),
(720, N'25 Lý Thường Kiệt', N'25 Lý Thường Kiệt, Hà Nội', 21.0000522, 105.8025854),
(721, N'E1.3 Trung chuyển Long Biên', N'E1.3 Trung chuyển Long Biên, Hà Nội', 21.0028287, 105.7582389),
(722, N'Qua nút giao Hàng Than 50m - Yên Phụ (đường xe buýt)', N'Qua nút giao Hàng Than 50m - Yên Phụ (đường xe buýt), Hà Nội', 20.9996006, 105.8226690),
(723, N'Trước nút giao Cửa Bắc 30m - Yên Phụ (đường xe buýt)', N'Trước nút giao Cửa Bắc 30m - Yên Phụ (đường xe buýt), Hà Nội', 20.9857483, 105.8171613),
(724, N'Đường vào bãi An Dương - Yên Phụ (Đối diện Sofitel Plaza)', N'Đường vào bãi An Dương - Yên Phụ (Đối diện Sofitel Plaza), Hà Nội', 20.9997358, 105.7639892),
(725, N'150 Nghi Tàm', N'150 Nghi Tàm, Hà Nội', 21.0468984, 105.8028723),
(726, N'Số 254 Nghi Tàm', N'Số 254 Nghi Tàm, Hà Nội', 21.0193192, 105.7943312),
(727, N'Số 82 Âu Cơ', N'Số 82 Âu Cơ, Hà Nội', 20.9785666, 105.8055604),
(728, N'Số 136 Âu Cơ', N'Số 136 Âu Cơ, Hà Nội', 20.9841522, 105.7522892),
(729, N'Chợ đồ cũ Quảng An - Âu Cơ', N'Chợ đồ cũ Quảng An - Âu Cơ, Hà Nội', 21.0146158, 105.8488818),
(730, N'236 Âu Cơ', N'236 Âu Cơ, Hà Nội', 20.9808633, 105.8245230),
(731, N'Số 286 Âu Cơ', N'Số 286 Âu Cơ, Hà Nội', 21.0400725, 105.8106821),
(732, N'Đối diện 415 Âu Cơ', N'Đối diện 415 Âu Cơ, Hà Nội', 21.0019765, 105.8231559),
(733, N'Đối diện 513 Âu Cơ (Gần ngã 3 Lạc Long Quân)', N'Đối diện 513 Âu Cơ (Gần ngã 3 Lạc Long Quân), Hà Nội', 20.9730504, 105.8189225),
(734, N'8 An Dương Vương', N'8 An Dương Vương, Hà Nội', 21.0050420, 105.8359213),
(735, N'Đối diện Trạm thú y Tây Hồ 197 An Dương Vương', N'Đối diện Trạm thú y Tây Hồ 197 An Dương Vương, Hà Nội', 21.0259225, 105.8439031),
(736, N'Đối diện lối rẽ vào UBND xã Phú Thượng - An Dương Vương', N'Đối diện lối rẽ vào UBND xã Phú Thượng - An Dương Vương, Hà Nội', 21.0088032, 105.7819246),
(737, N'Đối diện 327 An Dương Vương', N'Đối diện 327 An Dương Vương, Hà Nội', 21.0293137, 105.8071998),
(738, N'Đối diện làng Thượng Thuỵ - An Dương Vương', N'Đối diện làng Thượng Thuỵ - An Dương Vương, Hà Nội', 21.0276021, 105.7692632),
(739, N'Xóm Đình Nhật Tảo (Cách đối diện Đình Nhật Tảo 100m) - An Dương Vương', N'Xóm Đình Nhật Tảo (Cách đối diện Đình Nhật Tảo 100m) - An Dương Vương, Hà Nội', 21.0072716, 105.7801673),
(740, N'Đối diện trường tiểu học Đông Ngạc A - An Dương Vương', N'Đối diện trường tiểu học Đông Ngạc A - An Dương Vương, Hà Nội', 21.0015679, 105.8172509),
(741, N'Đối diện trường THCS Đông Ngạc A - An Dương Vương', N'Đối diện trường THCS Đông Ngạc A - An Dương Vương, Hà Nội', 21.0248825, 105.7504311),
(742, N'ĐD đình làng Liên Ngạc - Đường Đông Ngạc', N'ĐD đình làng Liên Ngạc - Đường Đông Ngạc, Hà Nội', 21.0146098, 105.7756241),
(743, N'Hồ Thiền Quang (Đối diện Tạp chí Cộng sản - Trần Bình Trọng)', N'Hồ Thiền Quang (Đối diện Tạp chí Cộng sản - Trần Bình Trọng), Hà Nội', 20.9906368, 105.7934781),
(744, N'65 Quán Sứ (Đối diện 80 Quán Sứ)', N'65 Quán Sứ (Đối diện 80 Quán Sứ), Hà Nội', 21.0048306, 105.8458582),
(745, N'Đối diện Bệnh viện Xanh pôn - 60 Trần Phú (Bộ Tư pháp)', N'Đối diện Bệnh viện Xanh pôn - 60 Trần Phú (Bộ Tư pháp), Hà Nội', 20.9850058, 105.7982784),
(746, N'70 - 72 Kim Mã', N'70 - 72 Kim Mã, Hà Nội', 20.9627016, 105.7856054),
(747, N'240 Kim Mã', N'240 Kim Mã, Hà Nội', 21.0039776, 105.7608046),
(748, N'Đối diện 311 Kim Mã (Gần Ngã 4 Kim Mã - Vạn Bảo)', N'Đối diện 311 Kim Mã (Gần Ngã 4 Kim Mã - Vạn Bảo), Hà Nội', 20.9811858, 105.7562642),
(749, N'Đình và Miếu Đồng Cổ (Thôn Nguyên Xá) - Đường 32 B Trung chuyển Nhổn - Đường 32', N'Đình và Miếu Đồng Cổ (Thôn Nguyên Xá) - Đường 32 B Trung chuyển Nhổn - Đường 32, Hà Nội', 20.9517124, 105.7773889),
(750, N'Đối diện Đồ gỗ nội thất Nhật Minh - 68 Ba La', N'Đối diện Đồ gỗ nội thất Nhật Minh - 68 Ba La, Hà Nội', 20.9689705, 105.7558238),
(751, N'483 Nguyễn Trãi - Viện Bảo tồn di tích', N'483 Nguyễn Trãi - Viện Bảo tồn di tích, Hà Nội', 20.9900083, 105.8410429),
(752, N'90 Khuất Duy tiến', N'90 Khuất Duy tiến, Hà Nội', 20.9630660, 105.7643795),
(753, N'162 Khuất Duy Tiến (đối diện khu dân cư 11 - Tổ dân phố 32 phường Thanh Xuân Bắc)', N'162 Khuất Duy Tiến (đối diện khu dân cư 11 - Tổ dân phố 32 phường Thanh Xuân Bắc), Hà Nội', 20.9539332, 105.7681868),
(754, N'ĐH Sư phạm Ngoại ngữ - Đối diện số 9 Phạm Văn Đồng', N'ĐH Sư phạm Ngoại ngữ - Đối diện số 9 Phạm Văn Đồng, Hà Nội', 20.9802527, 105.8180916),
(755, N'Học viện Chính trị Quốc Gia Hồ Chí Minh (Đối diện 108 Hoàng Quốc Việt)', N'Học viện Chính trị Quốc Gia Hồ Chí Minh (Đối diện 108 Hoàng Quốc Việt), Hà Nội', 20.9727600, 105.7606728),
(756, N'Cao đẳng sư phạm mẫu giáo Trung ương - 387 Hoàng Quốc Việt', N'Cao đẳng sư phạm mẫu giáo Trung ương - 387 Hoàng Quốc Việt, Hà Nội', 21.0282032, 105.8188686),
(757, N'247-249 Hoàng Quốc Việt', N'247-249 Hoàng Quốc Việt, Hà Nội', 20.9932552, 105.8385553),
(758, N'Gần Học viện Quốc Phòng - 91 Hoàng Quốc Việt', N'Gần Học viện Quốc Phòng - 91 Hoàng Quốc Việt, Hà Nội', 20.9565810, 105.7816801),
(759, N'50 - 52 Lạc Long Quân', N'50 - 52 Lạc Long Quân, Hà Nội', 20.9884049, 105.7627512),
(760, N'196 Lạc Long Quân - Trường mầm non Hoa Hồng', N'196 Lạc Long Quân - Trường mầm non Hoa Hồng, Hà Nội', 20.9660149, 105.8191624),
(761, N'Gần ngã 3 Xuân La 40m - Lạc Long Quân (Hồ Tây)', N'Gần ngã 3 Xuân La 40m - Lạc Long Quân (Hồ Tây), Hà Nội', 21.0488216, 105.8035510),
(762, N'Trường THCS Xuân La - 22 Xuân La B', N'Trường THCS Xuân La - 22 Xuân La B, Hà Nội', 21.0085691, 105.7640553),
(763, N'Gần ngã 4 Phạm Hùng - Đình Thôn (Cột 2)', N'Gần ngã 4 Phạm Hùng - Đình Thôn (Cột 2), Hà Nội', 20.9963619, 105.8008815),
(764, N'Đối diện Bến xe Mỹ Đình - Biển báo số 2', N'Đối diện Bến xe Mỹ Đình - Biển báo số 2, Hà Nội', 21.0071792, 105.8340151),
(765, N'Số 197-199 Xuân Thủy (Đối diện Đại học Sư phạm Hà Nội)', N'Số 197-199 Xuân Thủy (Đối diện Đại học Sư phạm Hà Nội), Hà Nội', 21.0298950, 105.8052891),
(766, N'Số 79 Xuân Thủy (Đối diện Học viện Báo chí và Tuyên truyền)', N'Số 79 Xuân Thủy (Đối diện Học viện Báo chí và Tuyên truyền), Hà Nội', 20.9934943, 105.7504772),
(767, N'165 Cầu Giấy - Bưu điện Cầu Giấy', N'165 Cầu Giấy - Bưu điện Cầu Giấy, Hà Nội', 21.0116956, 105.7848011),
(768, N'ĐH Giao Thông Vận Tải - Điểm số 2', N'ĐH Giao Thông Vận Tải - Điểm số 2, Hà Nội', 21.0136657, 105.8334937),
(769, N'59 Lý Thường Kiệt - Viện Năng Lượng Nguyên tử', N'59 Lý Thường Kiệt - Viện Năng Lượng Nguyên tử, Hà Nội', 21.0295977, 105.8321429),
(770, N'Đối diện 16 Hai Bà Trưng (Ngã 4 Hai Bà Trưng- Ngô Quyền)', N'Đối diện 16 Hai Bà Trưng (Ngã 4 Hai Bà Trưng- Ngô Quyền), Hà Nội', 20.9798430, 105.8078535),
(771, N'32 Trần Hưng Đạo', N'32 Trần Hưng Đạo, Hà Nội', 21.0248274, 105.8092266),
(772, N'Thư viện Hà Nội - 54E Trần Hưng Đạo', N'Thư viện Hà Nội - 54E Trần Hưng Đạo, Hà Nội', 20.9514875, 105.7722931),
(773, N'120 Đại Cồ Việt', N'120 Đại Cồ Việt, Hà Nội', 20.9583467, 105.8213953),
(774, N'48 Trần Duy Hưng', N'48 Trần Duy Hưng, Hà Nội', 21.0150852, 105.8032379),
(775, N'144-146 Trần Duy Hưng', N'144-146 Trần Duy Hưng, Hà Nội', 20.9995726, 105.8225978),
(776, N'220 Trần Duy Hưng - Cạnh Siêu thị Big C', N'220 Trần Duy Hưng - Cạnh Siêu thị Big C, Hà Nội', 20.9934389, 105.7872656),
(777, N'Qua 70m đường vào công viên Hòa Bình B Bến Xe Nam Thăng Long', N'Qua 70m đường vào công viên Hòa Bình B Bến Xe Nam Thăng Long, Hà Nội', 20.9604969, 105.8144851),
(778, N'Chân cầu vượt Nam Hồng (trước đảo tròn phía Đông Anh 50m) - Đường 23B', N'Chân cầu vượt Nam Hồng (trước đảo tròn phía Đông Anh 50m) - Đường 23B, Hà Nội', 20.9564426, 105.8023637),
(779, N'Qua cầu vượt ngã 4 Nam Hồng 200m - QL23', N'Qua cầu vượt ngã 4 Nam Hồng 200m - QL23, Hà Nội', 20.9655190, 105.8173612),
(780, N'Công ty Hamatra - QL23', N'Công ty Hamatra - QL23, Hà Nội', 21.0240865, 105.7970563),
(781, N'Công ty Cổ phần Tam Sơn (thôn Do Hạ, chiều Hà Nội - Mê Linh) - QL 23B', N'Công ty Cổ phần Tam Sơn (thôn Do Hạ, chiều Hà Nội - Mê Linh) - QL 23B, Hà Nội', 21.0427096, 105.7589877),
(782, N'Đối diện cty TNHH XD CN 305, xã Tiền Phong - QL23B', N'Đối diện cty TNHH XD CN 305, xã Tiền Phong - QL23B, Hà Nội', 21.0494181, 105.8486039),
(783, N'UBND xã Tiền Phong - QL 23B', N'UBND xã Tiền Phong - QL 23B, Hà Nội', 21.0457644, 105.8484327),
(784, N'Đối diện chùa Trung Hậu - QL23B', N'Đối diện chùa Trung Hậu - QL23B, Hà Nội', 21.0442771, 105.8167351),
(785, N'Qua cổng trường THPT Tiền Phong 70m', N'Qua cổng trường THPT Tiền Phong 70m, Hà Nội', 20.9675616, 105.7764708),
(786, N'Đối diện đường vào đền Hai Bà Trưng 20m - QL 23B', N'Đối diện đường vào đền Hai Bà Trưng 20m - QL 23B, Hà Nội', 20.9638494, 105.8477470),
(787, N'Đối diện công ty sơn Alex - QL23', N'Đối diện công ty sơn Alex - QL23, Hà Nội', 20.9860261, 105.8114822),
(788, N'Qua cổng làng Thường Lệ 50m - QL23', N'Qua cổng làng Thường Lệ 50m - QL23, Hà Nội', 20.9974295, 105.8253148),
(789, N'Ngân hàng Viettinbank Mê Linh - QL23', N'Ngân hàng Viettinbank Mê Linh - QL23, Hà Nội', 20.9909102, 105.8403667),
(790, N'Trước đối diện Trạm y tế xã Đại Thịnh 30m ( Chiều Hà Nội - Mê Linh)', N'Trước đối diện Trạm y tế xã Đại Thịnh 30m ( Chiều Hà Nội - Mê Linh), Hà Nội', 21.0222551, 105.8089812),
(791, N'Trước đối diện lối rẽ vào UBND huyện Mê Linh 70m - QL23', N'Trước đối diện lối rẽ vào UBND huyện Mê Linh 70m - QL23, Hà Nội', 20.9761398, 105.8376778),
(792, N'Đối diện cổng làng Nội Đồng trước - QL23', N'Đối diện cổng làng Nội Đồng trước - QL23, Hà Nội', 20.9648755, 105.8490483),
(793, N'Trước đối diện BVĐK Mê Linh 400m - QL23', N'Trước đối diện BVĐK Mê Linh 400m - QL23, Hà Nội', 21.0465299, 105.8329999),
(794, N'Chi cục Thuế Huyện Mê Linh - QL23', N'Chi cục Thuế Huyện Mê Linh - QL23, Hà Nội', 20.9802368, 105.8174760),
(795, N'Khu du lịch đồi 79 mùa xuân - QL 23B B Thanh Lâm (Mê Linh)', N'Khu du lịch đồi 79 mùa xuân - QL 23B B Thanh Lâm (Mê Linh), Hà Nội', 20.9799637, 105.7865329),
(796, N'Bệnh viện Phụ sản TW - Đối diện số', N'Bệnh viện Phụ sản TW - Đối diện số, Hà Nội', 21.0025153, 105.8483923),
(797, N'Triệu Quốc Đạt 4 37 Hai Bà Trưng - Bệnh viện Việt Nam Cu Ba', N'Triệu Quốc Đạt 4 37 Hai Bà Trưng - Bệnh viện Việt Nam Cu Ba, Hà Nội', 21.0065365, 105.7759133),
(798, N'368-370 Bạch Mai', N'368-370 Bạch Mai, Hà Nội', 21.0437042, 105.8389518),
(799, N'512-514 Bạch Mai', N'512-514 Bạch Mai, Hà Nội', 21.0147015, 105.8434956),
(800, N'64 Trương Định', N'64 Trương Định, Hà Nội', 21.0160533, 105.8215309),
(801, N'194-196 Trương Định', N'194-196 Trương Định, Hà Nội', 20.9711147, 105.7526305),
(802, N'468 Trương Định', N'468 Trương Định, Hà Nội', 21.0326883, 105.7816295),
(803, N'658 Trương Định', N'658 Trương Định, Hà Nội', 21.0456624, 105.7539205),
(804, N'Nhà HH1C (Cách đường vào Trạm cấp nước Linh Đàm 40m) B Nhà NƠ. 7B KĐT Linh Đàm - Nguyễn Duy Trinh', N'Nhà HH1C (Cách đường vào Trạm cấp nước Linh Đàm 40m) B Nhà NƠ. 7B KĐT Linh Đàm - Nguyễn Duy Trinh, Hà Nội', 20.9970800, 105.7623488),
(805, N'Hè trước tượng đài Liệt sỹ phường Hoàng Liệt', N'Hè trước tượng đài Liệt sỹ phường Hoàng Liệt, Hà Nội', 20.9660631, 105.7679981),
(806, N'UBND phường Hoàng Liệt', N'UBND phường Hoàng Liệt, Hà Nội', 21.0265085, 105.7659497),
(807, N'Xí nghiệp xây dựng số 4 (Xóm Chùa Nhĩ) - Kim Giang', N'Xí nghiệp xây dựng số 4 (Xóm Chùa Nhĩ) - Kim Giang, Hà Nội', 20.9874716, 105.7500651),
(808, N'Nhà văn hóa xã Thanh Liệt - Kim Giang', N'Nhà văn hóa xã Thanh Liệt - Kim Giang, Hà Nội', 20.9672653, 105.8357435),
(809, N'Trung tâm XNK Xây dựng Vimeco - Kim Giang', N'Trung tâm XNK Xây dựng Vimeco - Kim Giang, Hà Nội', 20.9516745, 105.8132458),
(810, N'30 Cầu Bươu (CH điện lạnh Hồng Sĩ)', N'30 Cầu Bươu (CH điện lạnh Hồng Sĩ), Hà Nội', 20.9500580, 105.7774517),
(811, N'12 Cầu Bươu - Đối diện Cty xây dựng số 1', N'12 Cầu Bươu - Đối diện Cty xây dựng số 1, Hà Nội', 21.0277484, 105.7527499),
(812, N'Đối diện Công ty TNHN thương mại Đà Lạt - Cầu Bươu', N'Đối diện Công ty TNHN thương mại Đà Lạt - Cầu Bươu, Hà Nội', 21.0029291, 105.7581697),
(813, N'Chi cục thuế Hà Nội - 48 Tô Hiệu (Hà Đông)', N'Chi cục thuế Hà Nội - 48 Tô Hiệu (Hà Đông), Hà Nội', 20.9714659, 105.8309066),
(814, N'Đối diện 29 Tô Hiệu (Hà Đông)', N'Đối diện 29 Tô Hiệu (Hà Đông), Hà Nội', 20.9859762, 105.8032043),
(815, N'Đối diện Metro Hà Đông - đường Tô Hiệu', N'Đối diện Metro Hà Đông - đường Tô Hiệu, Hà Nội', 21.0142668, 105.7543232),
(816, N'Đối diện trường trung cấp kinh tế - Tài chính Hà Nội', N'Đối diện trường trung cấp kinh tế - Tài chính Hà Nội, Hà Nội', 21.0372547, 105.7963034),
(817, N'Giáp hàng rào BX Yên Nghĩa (Đối diện đồng hồ) - Quốc lộ 6', N'Giáp hàng rào BX Yên Nghĩa (Đối diện đồng hồ) - Quốc lộ 6, Hà Nội', 20.9942734, 105.7987371),
(818, N'Đối diện nhà nghỉ Hương Giang (Do Lộ - Yên Nghĩa) - Quốc lộ 6', N'Đối diện nhà nghỉ Hương Giang (Do Lộ - Yên Nghĩa) - Quốc lộ 6, Hà Nội', 21.0224698, 105.7771777),
(819, N'Đối diện Công ty cổ phần Gỗ Thép Đại Lộc (Đồng Mai) - Quốc lộ 6', N'Đối diện Công ty cổ phần Gỗ Thép Đại Lộc (Đồng Mai) - Quốc lộ 6, Hà Nội', 20.9716141, 105.8145725),
(820, N'Cửa hàng máy công trình Hoa Thảo (Đồng Mai) - Quốc lộ 6', N'Cửa hàng máy công trình Hoa Thảo (Đồng Mai) - Quốc lộ 6, Hà Nội', 20.9624104, 105.8217195),
(821, N'Đối diện Công ty cổ phần cơ khí xây dựng Hà Thái (Biên Giang) - Quốc lộ 6', N'Đối diện Công ty cổ phần cơ khí xây dựng Hà Thái (Biên Giang) - Quốc lộ 6, Hà Nội', 21.0282287, 105.7767791),
(822, N'Hội đồng nhân dân xã Biên Giang - Quốc lộ 6', N'Hội đồng nhân dân xã Biên Giang - Quốc lộ 6, Hà Nội', 20.9715511, 105.7849481),
(823, N'Đối diện Complet veston Hoàng Tử (Thị trấn Chúc Sơn) - Quốc lộ 6 B Cửa hàng ĐTDĐ Mobifone Nam Cường (Khu Bắc Sơn - Thị trấn Chúc Sơn) - Quốc lộ 6', N'Đối diện Complet veston Hoàng Tử (Thị trấn Chúc Sơn) - Quốc lộ 6 B Cửa hàng ĐTDĐ Mobifone Nam Cường (Khu Bắc Sơn - Thị trấn Chúc Sơn) - Quốc lộ 6, Hà Nội', 21.0383643, 105.8262211),
(824, N'Trước 100m ngõ 218', N'Trước 100m ngõ 218, Hà Nội', 20.9788458, 105.7844712),
(825, N'Siêu thị Metro Thăng Long - Đối diện ngõ 599 Phạm Văn Đồng', N'Siêu thị Metro Thăng Long - Đối diện ngõ 599 Phạm Văn Đồng, Hà Nội', 21.0101325, 105.7867020),
(826, N'Bộ công an - đối diện 36A Phạm Văn Đồng', N'Bộ công an - đối diện 36A Phạm Văn Đồng, Hà Nội', 21.0174585, 105.8031247),
(827, N'Công viên Nghĩa Đô - 64 Nguyễn Văn Huyên', N'Công viên Nghĩa Đô - 64 Nguyễn Văn Huyên, Hà Nội', 21.0407799, 105.8316516),
(828, N'Đối diện Công viên Thủ Lệ - Đường Bưởi dưới', N'Đối diện Công viên Thủ Lệ - Đường Bưởi dưới, Hà Nội', 20.9640270, 105.7934623),
(829, N'110 Minh Khai', N'110 Minh Khai, Hà Nội', 20.9987394, 105.8175677),
(830, N'248-250 Minh Khai (Công ty May Thăng Long )', N'248-250 Minh Khai (Công ty May Thăng Long ), Hà Nội', 20.9800234, 105.7738906),
(831, N'308 Minh Khai (Gần cầu Mai Động)', N'308 Minh Khai (Gần cầu Mai Động), Hà Nội', 21.0440594, 105.7974974),
(832, N'Đối diện 303 Nguyễn Tam Trinh', N'Đối diện 303 Nguyễn Tam Trinh, Hà Nội', 20.9578779, 105.8165041),
(833, N'Đối diện 411 Nguyễn Tam Trinh B', N'Đối diện 411 Nguyễn Tam Trinh B, Hà Nội', 21.0254721, 105.7771584),
(834, N'Cổng vào KTX Học viện Báo chí tuyên truyền - Đối diện 100 Nguyễn Phong Sắc', N'Cổng vào KTX Học viện Báo chí tuyên truyền - Đối diện 100 Nguyễn Phong Sắc, Hà Nội', 21.0027514, 105.8400480),
(835, N'45A Trần Thái Tông', N'45A Trần Thái Tông, Hà Nội', 21.0471460, 105.7787420),
(836, N'38 Trần Thái Tông', N'38 Trần Thái Tông, Hà Nội', 20.9871918, 105.8379465),
(837, N'Qua ngã 4 Duy Tân - Trần Thái Tông 200m', N'Qua ngã 4 Duy Tân - Trần Thái Tông 200m, Hà Nội', 20.9810776, 105.8330074),
(838, N'Nhà CT5 KĐT Sông Đà Mỹ Đình - Phạm Hùng', N'Nhà CT5 KĐT Sông Đà Mỹ Đình - Phạm Hùng, Hà Nội', 21.0003815, 105.7909575),
(839, N'Nhà CT5-D KĐT Mỹ Đình - Phạm Hùng', N'Nhà CT5-D KĐT Mỹ Đình - Phạm Hùng, Hà Nội', 21.0121119, 105.8289663),
(840, N'Bảo Tàng Hà Nội', N'Bảo Tàng Hà Nội, Hà Nội', 20.9762799, 105.8367737),
(841, N'Ngã 4 Phạm Hùng - Khuất Duy Tiến (Trung tâm Hội nghị Quốc Gia)', N'Ngã 4 Phạm Hùng - Khuất Duy Tiến (Trung tâm Hội nghị Quốc Gia), Hà Nội', 21.0417440, 105.8122742),
(842, N'246 Khuất Duy Tiến', N'246 Khuất Duy Tiến, Hà Nội', 21.0256900, 105.7947637),
(843, N'39 - 41 Khuất Duy Tiến', N'39 - 41 Khuất Duy Tiến, Hà Nội', 21.0441353, 105.8383866),
(844, N'Quận Uỷ Thanh Xuân - Số 9 Khuất Duy Tiến', N'Quận Uỷ Thanh Xuân - Số 9 Khuất Duy Tiến, Hà Nội', 21.0161220, 105.7730564),
(845, N'Đối diện chung cư Hesco – Nguyễn Khuyến (Hà Đông)', N'Đối diện chung cư Hesco – Nguyễn Khuyến (Hà Đông), Hà Nội', 20.9631918, 105.7546040),
(846, N'Chung cư New Skyline – Nguyễn Khuyến (Hà Đông)', N'Chung cư New Skyline – Nguyễn Khuyến (Hà Đông), Hà Nội', 21.0403043, 105.8172958),
(847, N'Kiot 19-20 CT7B KĐT Văn Quán - Hà Đông', N'Kiot 19-20 CT7B KĐT Văn Quán - Hà Đông, Hà Nội', 20.9630847, 105.8063211),
(848, N'Đối diện gần cổng sau viện 103 - KĐT Văn Quán - Hà Đông', N'Đối diện gần cổng sau viện 103 - KĐT Văn Quán - Hà Đông, Hà Nội', 20.9892848, 105.7956499),
(849, N'Học viện Quân Y - Phùng Hưng (Hà Đông)', N'Học viện Quân Y - Phùng Hưng (Hà Đông), Hà Nội', 20.9962549, 105.8371126),
(850, N'Cổng thôn Yên Xá - 89 Cầu Bươu', N'Cổng thôn Yên Xá - 89 Cầu Bươu, Hà Nội', 20.9992925, 105.7530362),
(851, N'Gần đường vào Trại tạm giam - Cầu Bươu', N'Gần đường vào Trại tạm giam - Cầu Bươu, Hà Nội', 21.0327267, 105.7797280),
(852, N'Đối diện Cty XNK Lâm nông sản số 1 Sài Gòn - Cầu Bươu', N'Đối diện Cty XNK Lâm nông sản số 1 Sài Gòn - Cầu Bươu, Hà Nội', 20.9728741, 105.8090290),
(853, N'Trước nhà CT8B chung cư Đại Thanh - Đường Cầu Bươu', N'Trước nhà CT8B chung cư Đại Thanh - Đường Cầu Bươu, Hà Nội', 21.0024688, 105.8156369),
(854, N'Qua Cầu Tó 150m - Phan Trọng Tuệ', N'Qua Cầu Tó 150m - Phan Trọng Tuệ, Hà Nội', 20.9842942, 105.8185446),
(855, N'Qua TT giáo dục TX Huyện Thanh Trì 100m - Phan Trọng Tuệ', N'Qua TT giáo dục TX Huyện Thanh Trì 100m - Phan Trọng Tuệ, Hà Nội', 21.0385724, 105.8144540),
(856, N'Đối diện XN KD Kim Khí và D.vụ số 3 - Phan Trọng Tuệ', N'Đối diện XN KD Kim Khí và D.vụ số 3 - Phan Trọng Tuệ, Hà Nội', 20.9667855, 105.7621509),
(857, N'Đối diện Công ty Phân Lân Văn Điển - Phan Trọng Tuệ', N'Đối diện Công ty Phân Lân Văn Điển - Phan Trọng Tuệ, Hà Nội', 20.9731798, 105.7513925),
(858, N'Trường CN cơ điện &PTNT - Phan Trọng Tuệ', N'Trường CN cơ điện &PTNT - Phan Trọng Tuệ, Hà Nội', 21.0449577, 105.7837318),
(859, N'449 - 451 Ngọc Hồi', N'449 - 451 Ngọc Hồi, Hà Nội', 21.0303789, 105.8408353),
(860, N'373 Ngọc Hồi B BV Nội tiết Trung ương cơ sở Tứ Hiệp', N'373 Ngọc Hồi B BV Nội tiết Trung ương cơ sở Tứ Hiệp, Hà Nội', 21.0195203, 105.8472360),
(861, N'80 Trần Hưng Đạo - Bộ Giao thông vận tải', N'80 Trần Hưng Đạo - Bộ Giao thông vận tải, Hà Nội', 20.9806920, 105.8171777),
(862, N'Đối diện TT Thể dục thể thao Gia Lâm - Nguyễn Đức Thuận', N'Đối diện TT Thể dục thể thao Gia Lâm - Nguyễn Đức Thuận, Hà Nội', 21.0334506, 105.8413710),
(863, N'Đối diện KĐT Đặng Xá (Km 8+00 Quốc lộ 5) - Nguyễn Đức Thuận', N'Đối diện KĐT Đặng Xá (Km 8+00 Quốc lộ 5) - Nguyễn Đức Thuận, Hà Nội', 20.9703203, 105.8402907),
(864, N'Đối diện KCN Gia Lâm - Nguyễn Đức Thuận', N'Đối diện KCN Gia Lâm - Nguyễn Đức Thuận, Hà Nội', 21.0488312, 105.8213577),
(865, N'Đối diện đường vào Nhà máy Sữa Hà Nội - Nguyễn Đức Thuận', N'Đối diện đường vào Nhà máy Sữa Hà Nội - Nguyễn Đức Thuận, Hà Nội', 21.0149668, 105.8022658),
(866, N'Cổng Ga Phú Thị - Nguyễn Bình', N'Cổng Ga Phú Thị - Nguyễn Bình, Hà Nội', 21.0418079, 105.8402380),
(867, N'Gần cầu vượt 4 Phú Thị - Nguyễn Bình', N'Gần cầu vượt 4 Phú Thị - Nguyễn Bình, Hà Nội', 20.9528451, 105.7645476),
(868, N'Trước lối rẽ vào Trường TH Quản lý & Công Nghệ 50m (QL5) - Chiều HN-HP B Trước Gara Như Quỳnh', N'Trước lối rẽ vào Trường TH Quản lý & Công Nghệ 50m (QL5) - Chiều HN-HP B Trước Gara Như Quỳnh, Hà Nội', 20.9794645, 105.7887318),
(869, N'Trước lối rẽ vào Trường TH Quản lý & Công Nghệ 50m (QL5) - Chiều HN-HP', N'Trước lối rẽ vào Trường TH Quản lý & Công Nghệ 50m (QL5) - Chiều HN-HP, Hà Nội', 20.9843915, 105.7601250),
(870, N'Trước Gara Như Quỳnh', N'Trước Gara Như Quỳnh, Hà Nội', 20.9768840, 105.8322722),
(871, N'Nhà 28 - 30 Thị trấn Như Quỳnh - QL5 B', N'Nhà 28 - 30 Thị trấn Như Quỳnh - QL5 B, Hà Nội', 20.9872344, 105.7541419),
(872, N'59B Đức Giang B', N'59B Đức Giang B, Hà Nội', 21.0452637, 105.8065955),
(873, N'Ngã 3 Vĩnh Ngọc - Km 9+230 Quốc lộ 3', N'Ngã 3 Vĩnh Ngọc - Km 9+230 Quốc lộ 3, Hà Nội', 20.9841319, 105.7681086),
(874, N'Đối diện Viện kiểm soát Đông Anh - Cao Lỗ', N'Đối diện Viện kiểm soát Đông Anh - Cao Lỗ, Hà Nội', 21.0326743, 105.8091474),
(875, N'Đối diện số 03-05 Phố Tó, Uy Nỗ - Cao Lỗ (Bv Đa khoa) B Ngã 3 Xay sát Đông Quan - Tuyến 43', N'Đối diện số 03-05 Phố Tó, Uy Nỗ - Cao Lỗ (Bv Đa khoa) B Ngã 3 Xay sát Đông Quan - Tuyến 43, Hà Nội', 20.9588781, 105.8378322),
(876, N'Đối diện phòng chụp cắt lớp vi tính 64 lớp - số 1 Trần Khánh Dư (đường dưới)', N'Đối diện phòng chụp cắt lớp vi tính 64 lớp - số 1 Trần Khánh Dư (đường dưới), Hà Nội', 21.0279000, 105.8025675),
(877, N'Đối diện Khoa A11 Viện 108 (Cách ngã 3 Trần Khánh Dư - Trần Hưng Đạo 80m)', N'Đối diện Khoa A11 Viện 108 (Cách ngã 3 Trần Khánh Dư - Trần Hưng Đạo 80m), Hà Nội', 20.9605846, 105.7932536),
(878, N'18 Lý Thường Kiệt - Tổng Công ty Du Lịch Hà Nội', N'18 Lý Thường Kiệt - Tổng Công ty Du Lịch Hà Nội, Hà Nội', 21.0447711, 105.8286433),
(879, N'Cột cờ Hà Nội - Điện Biên Phủ', N'Cột cờ Hà Nội - Điện Biên Phủ, Hà Nội', 21.0102823, 105.8195689),
(880, N'Đối diện tượng đài Bắc Sơn - Hoàng Diệu', N'Đối diện tượng đài Bắc Sơn - Hoàng Diệu, Hà Nội', 21.0294957, 105.8163796),
(881, N'Đối diện đường Hoàng Văn Thụ - Hoàng Diệu', N'Đối diện đường Hoàng Văn Thụ - Hoàng Diệu, Hà Nội', 21.0254450, 105.7833298),
(882, N'19 Nguyễn Biểu', N'19 Nguyễn Biểu, Hà Nội', 21.0367215, 105.7562091),
(883, N'Đối diện công ty tư vấn BĐS Hùng Tín Đường 23A (Vĩnh Ngọc)', N'Đối diện công ty tư vấn BĐS Hùng Tín Đường 23A (Vĩnh Ngọc), Hà Nội', 21.0078264, 105.7846587),
(884, N'LD EBARA - Vĩnh Ngọc', N'LD EBARA - Vĩnh Ngọc, Hà Nội', 21.0014067, 105.8038697),
(885, N'Gần cổng làng Phương Trạch', N'Gần cổng làng Phương Trạch, Hà Nội', 20.9979064, 105.8272806),
(886, N'Đại lý Nhôm kính Lực Liên - Đường 23A (Vĩnh Ngọc)', N'Đại lý Nhôm kính Lực Liên - Đường 23A (Vĩnh Ngọc), Hà Nội', 20.9930499, 105.7721096),
(887, N'Qua ngã 3 Vĩnh Ngọc - Km 9+335 Quốc lộ 3', N'Qua ngã 3 Vĩnh Ngọc - Km 9+335 Quốc lộ 3, Hà Nội', 20.9852835, 105.7817658),
(888, N'Đối diện thôn Vạn Lộc (trước ngã 3 đường tránh QL5)', N'Đối diện thôn Vạn Lộc (trước ngã 3 đường tránh QL5), Hà Nội', 20.9764281, 105.7661279),
(889, N'Đối diện Công Ty Bê tông Appha, Đông Hội - Km 6+650 Quốc lộ 3', N'Đối diện Công Ty Bê tông Appha, Đông Hội - Km 6+650 Quốc lộ 3, Hà Nội', 20.9785057, 105.7541938),
(890, N'Gần Cổng Làng Tiên Hội, cây đa Bác Hồ - Km 5 +700 Quốc lộ 3', N'Gần Cổng Làng Tiên Hội, cây đa Bác Hồ - Km 5 +700 Quốc lộ 3, Hà Nội', 21.0187137, 105.8195437),
(891, N'Gần đường vào Khu di tích Cổ Loa 150m - Km 5+50 Quốc lộ 3', N'Gần đường vào Khu di tích Cổ Loa 150m - Km 5+50 Quốc lộ 3, Hà Nội', 20.9801202, 105.7623890),
(892, N'Trước đối diện trụ sở Hội người mù Đông Anh 30m, đường Cổ Loa B Ngã 3 Xay sát Đông Quan - Tuyến 59', N'Trước đối diện trụ sở Hội người mù Đông Anh 30m, đường Cổ Loa B Ngã 3 Xay sát Đông Quan - Tuyến 59, Hà Nội', 20.9766901, 105.7916856),
(893, N'Đối diện 21Bồ Đề (Km 0+780 Đường Long Biên Xuân Quan)', N'Đối diện 21Bồ Đề (Km 0+780 Đường Long Biên Xuân Quan), Hà Nội', 20.9831316, 105.7649463),
(894, N'Đối diện 155 Bồ Đề (Km 1+270 Đường Long Biên Xuân Quan)', N'Đối diện 155 Bồ Đề (Km 1+270 Đường Long Biên Xuân Quan), Hà Nội', 20.9697559, 105.7941263),
(895, N'Đối diện giữa số nhà 299-301Bồ Đề (Km 1+890 Đường Long Biên Xuân Quan)', N'Đối diện giữa số nhà 299-301Bồ Đề (Km 1+890 Đường Long Biên Xuân Quan), Hà Nội', 21.0035920, 105.7844572),
(896, N'Đối diện Chùa Sùng Khánh Tư Đình (Km 2+700 Đường Long Biên Xuân Quan)', N'Đối diện Chùa Sùng Khánh Tư Đình (Km 2+700 Đường Long Biên Xuân Quan), Hà Nội', 20.9945091, 105.8246382),
(897, N'Đối diện Điếm Tư Đình (Km 3+370 Đường Long Biên Xuân Quan)', N'Đối diện Điếm Tư Đình (Km 3+370 Đường Long Biên Xuân Quan), Hà Nội', 20.9907106, 105.8156599),
(898, N'Đối diện Chùa Nghiêm Quang - Điếm thôn Trạm (Km 3 +850 Đường Long Biên Xuân Quan)', N'Đối diện Chùa Nghiêm Quang - Điếm thôn Trạm (Km 3 +850 Đường Long Biên Xuân Quan), Hà Nội', 20.9649208, 105.8001254),
(899, N'Cầu Vĩnh Tuy - Đối diện Điếm thôn Nha (Km 4+415 Đường Long Biên Xuân Quan)', N'Cầu Vĩnh Tuy - Đối diện Điếm thôn Nha (Km 4+415 Đường Long Biên Xuân Quan), Hà Nội', 21.0106490, 105.8116824),
(900, N'Đối diện chùa Cự Linh - Ngã 3 Thạch Bàn (Km 5+110 Đường Long Biên Xuân Quan)', N'Đối diện chùa Cự Linh - Ngã 3 Thạch Bàn (Km 5+110 Đường Long Biên Xuân Quan), Hà Nội', 20.9684597, 105.7965931),
(901, N'Đối diện Điếm thôn Ngô (Km 5+625 Đường Long Biên Xuân Quan)', N'Đối diện Điếm thôn Ngô (Km 5+625 Đường Long Biên Xuân Quan), Hà Nội', 20.9830868, 105.7971114),
(902, N'Đối diện Điếm Cự Khối - Công an Phường Cự Khối (Km 6+475 Đường Long Biên Xuân Quan)', N'Đối diện Điếm Cự Khối - Công an Phường Cự Khối (Km 6+475 Đường Long Biên Xuân Quan), Hà Nội', 21.0129987, 105.8238423),
(903, N'Đối diện Điếm thôn Đông Dư Thượng - Cầu Thanh Trì (Km 7+915 Đường Long Biên Xuân Quan)', N'Đối diện Điếm thôn Đông Dư Thượng - Cầu Thanh Trì (Km 7+915 Đường Long Biên Xuân Quan), Hà Nội', 20.9606684, 105.7653114),
(904, N'Đối diện Điếm thôn Đông Dư Hạ (Km 8+960 Đường Long Biên Xuân Quan)', N'Đối diện Điếm thôn Đông Dư Hạ (Km 8+960 Đường Long Biên Xuân Quan), Hà Nội', 21.0019334, 105.7853317),
(905, N'Đối diện đường vào Đồn cảnh sát Đa Tốn (Km 10+270 Đường Long Biên Xuân Quan)', N'Đối diện đường vào Đồn cảnh sát Đa Tốn (Km 10+270 Đường Long Biên Xuân Quan), Hà Nội', 20.9806107, 105.7792366),
(906, N'Đối diện giữa tháp B và C - Phố Trúc (KĐT Ecopark)', N'Đối diện giữa tháp B và C - Phố Trúc (KĐT Ecopark), Hà Nội', 21.0156652, 105.7995290),
(907, N'Gần công viên Mùa Hạ - Phố Trúc (KĐT Ecopark)', N'Gần công viên Mùa Hạ - Phố Trúc (KĐT Ecopark), Hà Nội', 20.9850288, 105.8099170),
(908, N'Tòa tháp E (KĐT Ecopark)', N'Tòa tháp E (KĐT Ecopark), Hà Nội', 20.9964493, 105.7880776),
(909, N'Giữa tháp B và C - Phố Trúc (KĐT Ecopark)', N'Giữa tháp B và C - Phố Trúc (KĐT Ecopark), Hà Nội', 21.0019532, 105.8148687),
(910, N'Trước đối diện cột điện BKD12 - đường liên xã Kim Lan - Văn Đức', N'Trước đối diện cột điện BKD12 - đường liên xã Kim Lan - Văn Đức, Hà Nội', 21.0305797, 105.7682303),
(911, N'Trước cột điện KL29 - đường liên xã Kim Lan - Văn Đức B', N'Trước cột điện KL29 - đường liên xã Kim Lan - Văn Đức B, Hà Nội', 21.0025425, 105.7798690),
(912, N'Qua đường dẫn lên cầu Vĩnh Tuy, hướng đi Thạch Bàn - Nguyễn Khoái', N'Qua đường dẫn lên cầu Vĩnh Tuy, hướng đi Thạch Bàn - Nguyễn Khoái, Hà Nội', 20.9969826, 105.8222616),
(913, N'510 Nguyễn Khoái - ĐH Kinh Doanh Công Nghệ HN', N'510 Nguyễn Khoái - ĐH Kinh Doanh Công Nghệ HN, Hà Nội', 21.0016596, 105.8218522),
(914, N'Đối diện 343 Nguyễn Khoái - Cạnh Dốc Đoàn Kết', N'Đối diện 343 Nguyễn Khoái - Cạnh Dốc Đoàn Kết, Hà Nội', 21.0045102, 105.7549430),
(915, N'838 Nguyễn Khoái', N'838 Nguyễn Khoái, Hà Nội', 21.0487607, 105.7781259),
(916, N'1032 Nguyễn Khoái - Cạnh Công ty gốm sứ Thanh Trì', N'1032 Nguyễn Khoái - Cạnh Công ty gốm sứ Thanh Trì, Hà Nội', 20.9715768, 105.7916730),
(917, N'Trường Tiểu học Thanh Trì - Đê Hữu Hồng (Điếm canh đê số 20)', N'Trường Tiểu học Thanh Trì - Đê Hữu Hồng (Điếm canh đê số 20), Hà Nội', 20.9639603, 105.7876720),
(918, N'Qua lối vào Trường TH Tư Thục KT-DL Hoa Sữa 50m - Đê Hữu Hồng', N'Qua lối vào Trường TH Tư Thục KT-DL Hoa Sữa 50m - Đê Hữu Hồng, Hà Nội', 21.0112494, 105.8144825),
(919, N'Công ty CP Đầu tư & Bê tông Thịnh Liệt - Đê Hữu Hồng (Điếm canh đê số 21)', N'Công ty CP Đầu tư & Bê tông Thịnh Liệt - Đê Hữu Hồng (Điếm canh đê số 21), Hà Nội', 21.0101677, 105.8039876),
(920, N'Ngã 4 Đê Hữu Hồng - Lĩnh Nam (Cạnh Điếm canh đê số 22)', N'Ngã 4 Đê Hữu Hồng - Lĩnh Nam (Cạnh Điếm canh đê số 22), Hà Nội', 20.9725049, 105.7808883),
(921, N'48 đường Khuyến Lương - Đê Hữu Hồng (Điếm canh đê số 23)', N'48 đường Khuyến Lương - Đê Hữu Hồng (Điếm canh đê số 23), Hà Nội', 20.9563524, 105.7657402),
(922, N'Nhà thờ xứ Khuyến Lương (20 đường Khuyến Lương) - Đê Hữu Hồng', N'Nhà thờ xứ Khuyến Lương (20 đường Khuyến Lương) - Đê Hữu Hồng, Hà Nội', 20.9540872, 105.8214474),
(923, N'Qua đường rẽ Pháp Vân 70m - Đê Hữu Hồng', N'Qua đường rẽ Pháp Vân 70m - Đê Hữu Hồng, Hà Nội', 20.9792798, 105.7914499),
(924, N'Cách đường vào trạm bơm Yên Sở 70m - Đê Hữu Hồng', N'Cách đường vào trạm bơm Yên Sở 70m - Đê Hữu Hồng, Hà Nội', 20.9512452, 105.7658693),
(925, N'Qua lối rẽ vào đường Tứ Hiệp 50m - Đê Hữu Hồng', N'Qua lối rẽ vào đường Tứ Hiệp 50m - Đê Hữu Hồng, Hà Nội', 20.9714697, 105.7574790),
(926, N'Điếm canh đê số 30 - Đê Hữu Hồng', N'Điếm canh đê số 30 - Đê Hữu Hồng, Hà Nội', 21.0176063, 105.8046719),
(927, N'Điếm canh đê số 31 thôn Đông Trạch - Đê Hữu Hồng', N'Điếm canh đê số 31 thôn Đông Trạch - Đê Hữu Hồng, Hà Nội', 20.9716645, 105.7648017),
(928, N'Điếm canh đê số 32 (Gần lối rẽ vào đường Đông Mỹ) - Đê Hữu Hồng', N'Điếm canh đê số 32 (Gần lối rẽ vào đường Đông Mỹ) - Đê Hữu Hồng, Hà Nội', 21.0245372, 105.7536188),
(929, N'Cổng làng văn hoá Mỹ Á thôn Đông Mỹ - Đê Hữu Hồng B Cách lối rẽ vào UBND xã Vạn Phúc 70m - Đê Hữu Hồng', N'Cổng làng văn hoá Mỹ Á thôn Đông Mỹ - Đê Hữu Hồng B Cách lối rẽ vào UBND xã Vạn Phúc 70m - Đê Hữu Hồng, Hà Nội', 21.0107548, 105.7993414),
(930, N'44 Lý Thường Kiệt - Viện Kiểm soát Nhân dân tối cao', N'44 Lý Thường Kiệt - Viện Kiểm soát Nhân dân tối cao, Hà Nội', 20.9785654, 105.7515584),
(931, N'54 Lý Thường Kiệt', N'54 Lý Thường Kiệt, Hà Nội', 20.9708949, 105.8431050),
(932, N'666-668 Đê La Thành', N'666-668 Đê La Thành, Hà Nội', 21.0137843, 105.7887860),
(933, N'Hè đối diện Đơn nguyên 2 KTX Mỹ Đình - đường Hàm Nghi B', N'Hè đối diện Đơn nguyên 2 KTX Mỹ Đình - đường Hàm Nghi B, Hà Nội', 20.9884502, 105.7989111),
(934, N'Chùa Trấn Quốc - Thanh Niên', N'Chùa Trấn Quốc - Thanh Niên, Hà Nội', 21.0106364, 105.8326791),
(935, N'Đối diện chùa Quán Thánh - Thanh Niên', N'Đối diện chùa Quán Thánh - Thanh Niên, Hà Nội', 20.9924560, 105.7501986),
(936, N'Hè qua cổng Học viện Âm nhạc Quốc gia Việt Nam - 77 Hào Nam', N'Hè qua cổng Học viện Âm nhạc Quốc gia Việt Nam - 77 Hào Nam, Hà Nội', 21.0050666, 105.7901128),
(937, N'Nhà hàng Hàn Quốc, nhà CT4 ĐN KĐT Mỹ Đình - Đường Mễ Trì', N'Nhà hàng Hàn Quốc, nhà CT4 ĐN KĐT Mỹ Đình - Đường Mễ Trì, Hà Nội', 20.9594236, 105.7892204),
(938, N'Tường rào Trạm y tế Mễ Trì - Đường Mễ Trì', N'Tường rào Trạm y tế Mễ Trì - Đường Mễ Trì, Hà Nội', 21.0427609, 105.8220380),
(939, N'Đối diện Trường TH Cơ sở Phú Đô - Lê Đức Thọ B', N'Đối diện Trường TH Cơ sở Phú Đô - Lê Đức Thọ B, Hà Nội', 20.9826183, 105.8118663),
(940, N'110-112 Lạc Trung', N'110-112 Lạc Trung, Hà Nội', 21.0020327, 105.8046099),
(941, N'CV Tuổi Trẻ (Ngã 3 Võ Thị Sáu - Thanh Nhàn)', N'CV Tuổi Trẻ (Ngã 3 Võ Thị Sáu - Thanh Nhàn), Hà Nội', 20.9993428, 105.7954283),
(942, N'Công viên Tuổi Trẻ - Đối diện 46 Võ Thị Sáu', N'Công viên Tuổi Trẻ - Đối diện 46 Võ Thị Sáu, Hà Nội', 20.9558922, 105.8133847),
(943, N'24T2 KĐT Trung Hoà Nhân Chính - Hoàng Đạo Thúy', N'24T2 KĐT Trung Hoà Nhân Chính - Hoàng Đạo Thúy, Hà Nội', 20.9932931, 105.8468096),
(944, N'Đại học Lao động & Xã hội - Đối diện số nhà 46 Trần Duy Hưng)', N'Đại học Lao động & Xã hội - Đối diện số nhà 46 Trần Duy Hưng), Hà Nội', 20.9689327, 105.7923544),
(945, N'Số 1 Lô 14B Trung Hòa', N'Số 1 Lô 14B Trung Hòa, Hà Nội', 20.9907168, 105.8329987),
(946, N'Trung tâm Lưu trữ Quốc gia 1 - 18 Vũ Phạm Hàm', N'Trung tâm Lưu trữ Quốc gia 1 - 18 Vũ Phạm Hàm, Hà Nội', 21.0278870, 105.7579689),
(947, N'Qua vòng xuyến ngã tư Trần Thái Tông, Tôn Thất Thuyết 70m - Trần Thái Tông B', N'Qua vòng xuyến ngã tư Trần Thái Tông, Tôn Thất Thuyết 70m - Trần Thái Tông B, Hà Nội', 20.9988872, 105.7830668),
(948, N'376 - 378 Minh Khai - Nhà máy chỉ khâu', N'376 - 378 Minh Khai - Nhà máy chỉ khâu, Hà Nội', 20.9860606, 105.7797999),
(949, N'Viện kinh tế và kỹ thuật dệt may - 478 Minh Khai', N'Viện kinh tế và kỹ thuật dệt may - 478 Minh Khai, Hà Nội', 20.9933170, 105.7815194),
(950, N'Qua đảo GT cầu Vĩnh Tuy 150m - đường dẫn cầu Vĩnh Tuy', N'Qua đảo GT cầu Vĩnh Tuy 150m - đường dẫn cầu Vĩnh Tuy, Hà Nội', 20.9613141, 105.7741278),
(951, N'Trước cầu vượt nút Nguyễn Văn Linh 150m - đường dẫn cầu Vĩnh Tuy', N'Trước cầu vượt nút Nguyễn Văn Linh 150m - đường dẫn cầu Vĩnh Tuy, Hà Nội', 21.0461707, 105.7565171),
(952, N'Trường THCS Dương Xá - Đường Ỷ Lan', N'Trường THCS Dương Xá - Đường Ỷ Lan, Hà Nội', 20.9648708, 105.8444886),
(953, N'Gần đường vào chùa Yên Bình - Đường Ỷ Lan', N'Gần đường vào chùa Yên Bình - Đường Ỷ Lan, Hà Nội', 21.0024956, 105.8033029),
(954, N'Trạm y tế xã Phú Thị - Đường 181', N'Trạm y tế xã Phú Thị - Đường 181, Hà Nội', 20.9539448, 105.8040960),
(955, N'Cửa hàng xăng dầu số 65 Phú Thị - Đường 181', N'Cửa hàng xăng dầu số 65 Phú Thị - Đường 181, Hà Nội', 20.9531747, 105.7731125),
(956, N'Đối diện đường vào di tích Kim Sơn - Đường 181', N'Đối diện đường vào di tích Kim Sơn - Đường 181, Hà Nội', 20.9950334, 105.8190568),
(957, N'Trạm biến áp TC Kim Sơn (chợ Keo) - Đường 181', N'Trạm biến áp TC Kim Sơn (chợ Keo) - Đường 181, Hà Nội', 21.0239170, 105.8009087),
(958, N'Đối diện đường chùa Sen Hồ - Đường 181 B', N'Đối diện đường chùa Sen Hồ - Đường 181 B, Hà Nội', 20.9966906, 105.8184293),
(959, N'Đối diện Aeon Mall Long Biên (Cột điện T4A/2A-B đường Cổ Linh)', N'Đối diện Aeon Mall Long Biên (Cột điện T4A/2A-B đường Cổ Linh), Hà Nội', 20.9981343, 105.8414768),
(960, N'Tường rào trạm thú y Long Biên - Đói diện 269 Thạch Bàn', N'Tường rào trạm thú y Long Biên - Đói diện 269 Thạch Bàn, Hà Nội', 21.0206959, 105.8274244),
(961, N'Trước lối vào KĐT Ecopark 50m - Đường Long Biên Xuân Quan', N'Trước lối vào KĐT Ecopark 50m - Đường Long Biên Xuân Quan, Hà Nội', 21.0182157, 105.8327290),
(962, N'Đối diện Trạm y tế huyện Văn Giang', N'Đối diện Trạm y tế huyện Văn Giang, Hà Nội', 21.0087545, 105.7934324),
(963, N'Đối diện qua trạm xăng dầu Cửu Cao (gần UBND xã Cửu Cao)', N'Đối diện qua trạm xăng dầu Cửu Cao (gần UBND xã Cửu Cao), Hà Nội', 20.9644920, 105.8075124),
(964, N'Qua đường vào KĐT xã Kiêu Kỵ - đối diện trường Trung cấp GTVT miền Bắc', N'Qua đường vào KĐT xã Kiêu Kỵ - đối diện trường Trung cấp GTVT miền Bắc, Hà Nội', 20.9682152, 105.7910585),
(965, N'Đối diện qua lối vào thôn Gia Cốc 70m', N'Đối diện qua lối vào thôn Gia Cốc 70m, Hà Nội', 20.9940993, 105.8307773),
(966, N'Đối diện nhà văn hóa thôn Trung Dương', N'Đối diện nhà văn hóa thôn Trung Dương, Hà Nội', 21.0447606, 105.8119815),
(967, N'Cột điện PT 21 (gần CH bia hơi Hậu Oánh) - đường Ỷ Lan', N'Cột điện PT 21 (gần CH bia hơi Hậu Oánh) - đường Ỷ Lan, Hà Nội', 21.0329778, 105.8476564),
(968, N'Đối diện cty may Nam Sơn - đường Ỷ Lan', N'Đối diện cty may Nam Sơn - đường Ỷ Lan, Hà Nội', 20.9726266, 105.7682027),
(969, N'Trước 100m đường vào trường THCS Đặng Xá - đường Ỷ Lan B', N'Trước 100m đường vào trường THCS Đặng Xá - đường Ỷ Lan B, Hà Nội', 20.9534100, 105.7898215),
(970, N'Chợ đầu mối Hải Bối', N'Chợ đầu mối Hải Bối, Hà Nội', 21.0336279, 105.7631321),
(971, N'Liên doanh EBARA - Vĩnh Ngọc', N'Liên doanh EBARA - Vĩnh Ngọc, Hà Nội', 21.0367812, 105.8024251),
(972, N'Đối diện qua 200m cổng làng Phương Trạch', N'Đối diện qua 200m cổng làng Phương Trạch, Hà Nội', 20.9751142, 105.8139614),
(973, N'Cty TNHH Đầu tư Đại phát Bình Sơn Hà (cắm mới)', N'Cty TNHH Đầu tư Đại phát Bình Sơn Hà (cắm mới), Hà Nội', 21.0166606, 105.8220009),
(974, N'Đối diện trường mầm non Vân Nội (cắm mới)', N'Đối diện trường mầm non Vân Nội (cắm mới), Hà Nội', 21.0339552, 105.8409032),
(975, N'Cột điện số 14 - Thôn Viên Nội (cắm mới)', N'Cột điện số 14 - Thôn Viên Nội (cắm mới), Hà Nội', 21.0208311, 105.7568892),
(976, N'UBND xã Vân Nội (cắm mới)', N'UBND xã Vân Nội (cắm mới), Hà Nội', 20.9887503, 105.7741307),
(977, N'Đối diện Trung tâm y tế dự phòng Huyện Đông Anh - QL 23', N'Đối diện Trung tâm y tế dự phòng Huyện Đông Anh - QL 23, Hà Nội', 20.9825620, 105.7960690),
(978, N'Đối diện ngã 3 Thôn Cổ Hợp - đường 23B', N'Đối diện ngã 3 Thôn Cổ Hợp - đường 23B, Hà Nội', 21.0156803, 105.7676276),
(979, N'Đối diện trụ sở công ty TNHH MTV Xổ số kiến thiết Thủ đô', N'Đối diện trụ sở công ty TNHH MTV Xổ số kiến thiết Thủ đô, Hà Nội', 20.9711986, 105.7997196),
(980, N'Đối diện Thôn Cổ Dương - Đường 23B', N'Đối diện Thôn Cổ Dương - Đường 23B, Hà Nội', 20.9547673, 105.7506668),
(981, N'Đối diện Tòa án Nhân dân Huyện Đông Anh - QL23', N'Đối diện Tòa án Nhân dân Huyện Đông Anh - QL23, Hà Nội', 21.0000559, 105.8054024),
(982, N'Trước ngã 4 Quốc Lộ 23B - Quốc lộ 3', N'Trước ngã 4 Quốc Lộ 23B - Quốc lộ 3, Hà Nội', 21.0027812, 105.7922602),
(983, N'Số 94 - 98 Cao Lỗ (cắm mới) B Ngã 3 Xay sát Đông Quan - Tuyến 53', N'Số 94 - 98 Cao Lỗ (cắm mới) B Ngã 3 Xay sát Đông Quan - Tuyến 53, Hà Nội', 21.0056389, 105.8174436),
(984, N'Công ty CP thiết bị xây dựng La Thành', N'Công ty CP thiết bị xây dựng La Thành, Hà Nội', 21.0366289, 105.8016809),
(985, N'Đối diện tổng công ty LIAMA', N'Đối diện tổng công ty LIAMA, Hà Nội', 20.9563695, 105.8339151),
(986, N'Đối diện công ty Cổ phần Thông Minh MK', N'Đối diện công ty Cổ phần Thông Minh MK, Hà Nội', 21.0367842, 105.8390333),
(987, N'Đối diện Bưu điện huyện Mê Linh B KCN Quang Minh', N'Đối diện Bưu điện huyện Mê Linh B KCN Quang Minh, Hà Nội', 21.0412883, 105.8055536),
(988, N'57 Trần Phú - Từ Sơn - Quốc Lộ 1', N'57 Trần Phú - Từ Sơn - Quốc Lộ 1, Hà Nội', 21.0241664, 105.7638536),
(989, N'Bệnh viện Đa khoa Từ Sơn - Bắc Ninh', N'Bệnh viện Đa khoa Từ Sơn - Bắc Ninh, Hà Nội', 21.0096079, 105.8140213),
(990, N'Viềng - Quốc Lộ 1', N'Viềng - Quốc Lộ 1, Hà Nội', 21.0458442, 105.8068515),
(991, N'Đường vào chùa Tiêu (Đối diện Trung tâm Logicstic - ICD Tiên Sơn) - Viềng - Quốc Lộ 1', N'Đường vào chùa Tiêu (Đối diện Trung tâm Logicstic - ICD Tiên Sơn) - Viềng - Quốc Lộ 1, Hà Nội', 20.9805301, 105.8031080),
(992, N'Khu công nghiệp Tiên Sơn - Quốc Lộ 1', N'Khu công nghiệp Tiên Sơn - Quốc Lộ 1, Hà Nội', 21.0450447, 105.8101568),
(993, N'Đối diện Lăng thôn Đình Cả - Quốc lộ 1', N'Đối diện Lăng thôn Đình Cả - Quốc lộ 1, Hà Nội', 21.0193989, 105.7957847),
(994, N'Chợ Nội Duệ - Quốc Lộ 1', N'Chợ Nội Duệ - Quốc Lộ 1, Hà Nội', 21.0291633, 105.8448146),
(995, N'Thị trấn Lim - QL1', N'Thị trấn Lim - QL1, Hà Nội', 20.9810475, 105.7824654),
(996, N'Chi Cục thuế Tiên Du (đối diện 172 Lý Thường Kiệt)- QL1', N'Chi Cục thuế Tiên Du (đối diện 172 Lý Thường Kiệt)- QL1, Hà Nội', 21.0058248, 105.7807762),
(997, N'Uỷ ban nhân dân thị trấn Lim (Đối diện 143 Hai Bà Trưng) - Quốc Lộ 1', N'Uỷ ban nhân dân thị trấn Lim (Đối diện 143 Hai Bà Trưng) - Quốc Lộ 1, Hà Nội', 20.9541067, 105.7713972),
(998, N'Phố ó - Quốc Lộ 1', N'Phố ó - Quốc Lộ 1, Hà Nội', 20.9915130, 105.7542613),
(999, N'Võ Cường (Trạm Cân) - Đối diện CH xăng dầu 150 - Quốc Lộ 1', N'Võ Cường (Trạm Cân) - Đối diện CH xăng dầu 150 - Quốc Lộ 1, Hà Nội', 21.0010773, 105.7507918),
(1000, N'Hoà Đình (395 Nguyễn Văn Cừ) - Quốc Lộ 1', N'Hoà Đình (395 Nguyễn Văn Cừ) - Quốc Lộ 1, Hà Nội', 21.0098874, 105.7501231);
INSERT INTO Stops (StopID, StopName, Address, Latitude, Longitude) VALUES 
(1001, N'235-237 Nguyễn Văn Cừ - Quốc Lộ 1', N'235-237 Nguyễn Văn Cừ - Quốc Lộ 1, Hà Nội', 20.9781301, 105.8241260),
(1002, N'Bệnh xá CA tỉnh Bắc Ninh (Cổng ô) - Quốc Lộ 1', N'Bệnh xá CA tỉnh Bắc Ninh (Cổng ô) - Quốc Lộ 1, Hà Nội', 20.9876264, 105.7927226),
(1003, N'687 Ngô Gia Tự (Hiệu sách nhân dân tỉnh Bắc Ninh - TX Bắc Ninh) - Quốc Lộ 1', N'687 Ngô Gia Tự (Hiệu sách nhân dân tỉnh Bắc Ninh - TX Bắc Ninh) - Quốc Lộ 1, Hà Nội', 21.0358810, 105.8449831),
(1004, N'395 Ngô Gia Tự - Bắc Ninh', N'395 Ngô Gia Tự - Bắc Ninh, Hà Nội', 21.0244843, 105.8178277),
(1005, N'Học viện ngân hàng- Thị xã Bắc Ninh - Quốc Lộ 1', N'Học viện ngân hàng- Thị xã Bắc Ninh - Quốc Lộ 1, Hà Nội', 21.0478000, 105.7958704),
(1006, N'Khách sạn Suối Hoa - Thị xã Bắc Ninh - Quốc Lộ 1 B', N'Khách sạn Suối Hoa - Thị xã Bắc Ninh - Quốc Lộ 1 B, Hà Nội', 20.9612243, 105.7801765),
(1007, N'E3.4 Trung chuyển Long Biên', N'E3.4 Trung chuyển Long Biên, Hà Nội', 20.9864478, 105.8266416),
(1008, N'Số 48-50 Âu Cơ', N'Số 48-50 Âu Cơ, Hà Nội', 20.9941818, 105.8366026),
(1009, N'Đối diện 634-636 Lạc Long Quân', N'Đối diện 634-636 Lạc Long Quân, Hà Nội', 20.9693927, 105.7924688),
(1010, N'Đối diện Công viên Thủ Lệ - Đường Bưởi dưới B ĐH Giao Thông Vận Tải - Điểm số 1', N'Đối diện Công viên Thủ Lệ - Đường Bưởi dưới B ĐH Giao Thông Vận Tải - Điểm số 1, Hà Nội', 20.9884431, 105.8329945),
(1011, N'287 Nguyễn Khoái (Ngã 3 Dốc Minh Khai)', N'287 Nguyễn Khoái (Ngã 3 Dốc Minh Khai), Hà Nội', 21.0264473, 105.8087486),
(1012, N'Đối diện BX Lương Yên (Trước nhà 17B1 Đầm Trấu) - Nguyễn Khoái', N'Đối diện BX Lương Yên (Trước nhà 17B1 Đầm Trấu) - Nguyễn Khoái, Hà Nội', 21.0229633, 105.8148696),
(1013, N'E1.4 Trung chuyển Long Biên', N'E1.4 Trung chuyển Long Biên, Hà Nội', 20.9977743, 105.7708969),
(1014, N'ĐH Giao Thông Vận Tải - Điểm số 1 B', N'ĐH Giao Thông Vận Tải - Điểm số 1 B, Hà Nội', 20.9604282, 105.7759698),
(1015, N'Cột mốc Km H6/8 - Quốc lộ 2', N'Cột mốc Km H6/8 - Quốc lộ 2, Hà Nội', 20.9584444, 105.7706731),
(1016, N'Thôn Bắc Hạ, Xã Quang Tiến - Km 2+350 Tỉnh lộ 131', N'Thôn Bắc Hạ, Xã Quang Tiến - Km 2+350 Tỉnh lộ 131, Hà Nội', 20.9722555, 105.7570380),
(1017, N'Khu công nghiệp Nội Bài - Km 4+200 Tỉnh lộ 131', N'Khu công nghiệp Nội Bài - Km 4+200 Tỉnh lộ 131, Hà Nội', 20.9791918, 105.7774971),
(1018, N'Ngã 3 Quảng Hội - Km 5+250 Tỉnh lộ 131', N'Ngã 3 Quảng Hội - Km 5+250 Tỉnh lộ 131, Hà Nội', 20.9648594, 105.8078193),
(1019, N'Xã Mai Đình - Km 5+900 Tỉnh lộ 131', N'Xã Mai Đình - Km 5+900 Tỉnh lộ 131, Hà Nội', 20.9753952, 105.8431572),
(1020, N'Đối diện trường Trung cấp KTKT đa ngành Sóc Sơn', N'Đối diện trường Trung cấp KTKT đa ngành Sóc Sơn, Hà Nội', 21.0471447, 105.8293267),
(1021, N'Ngã 4 Đồi Rađa- Km 7+600 Tỉnh lộ 131', N'Ngã 4 Đồi Rađa- Km 7+600 Tỉnh lộ 131, Hà Nội', 20.9667263, 105.8313799),
(1022, N'Cách cổng làng Dược Thượng 30m - Km 8+600 Tỉnh lộ 131', N'Cách cổng làng Dược Thượng 30m - Km 8+600 Tỉnh lộ 131, Hà Nội', 20.9511743, 105.8205482),
(1023, N'Đài phát thanh Huyện Sóc Sơn, Đường Núi Đôi', N'Đài phát thanh Huyện Sóc Sơn, Đường Núi Đôi, Hà Nội', 20.9684373, 105.7699188),
(1024, N'Đối diện Trung tâm Giáo dục thường xuyên Huyện Sóc Sơn', N'Đối diện Trung tâm Giáo dục thường xuyên Huyện Sóc Sơn, Hà Nội', 20.9680478, 105.7640197),
(1025, N'Ban QLDA Huyện Sóc Sơn - số 40 đường Núi Đôi tổ 4 Thị trấn Sóc Sơn', N'Ban QLDA Huyện Sóc Sơn - số 40 đường Núi Đôi tổ 4 Thị trấn Sóc Sơn, Hà Nội', 20.9619250, 105.7721387),
(1026, N'Công ty Nam Sơn - số 122 đường Núi Đôi', N'Công ty Nam Sơn - số 122 đường Núi Đôi, Hà Nội', 20.9892540, 105.7980697),
(1027, N'Số 158 Đường Núi Đôi B', N'Số 158 Đường Núi Đôi B, Hà Nội', 21.0469907, 105.7775129),
(1028, N'Số 158 Đường Núi Đôi', N'Số 158 Đường Núi Đôi, Hà Nội', 20.9501052, 105.8400469),
(1029, N'Số nhà 190 đường Núi Đôi', N'Số nhà 190 đường Núi Đôi, Hà Nội', 20.9611254, 105.8160167),
(1030, N'Cửa hàng điện lạnh Đức Nguyên', N'Cửa hàng điện lạnh Đức Nguyên, Hà Nội', 20.9563383, 105.8444681),
(1031, N'Đối diện phòng khám đa khoa Xuân Giang B', N'Đối diện phòng khám đa khoa Xuân Giang B, Hà Nội', 20.9621862, 105.8100911),
(1032, N'Km 0+600 - Tỉnh lộ 296', N'Km 0+600 - Tỉnh lộ 296, Hà Nội', 21.0375591, 105.8027789),
(1033, N'Đối diện gần UBND xã Tân Minh - Tỉnh lộ 296', N'Đối diện gần UBND xã Tân Minh - Tỉnh lộ 296, Hà Nội', 21.0099902, 105.7896695),
(1034, N'Km 2+300 - Tỉnh lộ 296 B Đầu B: Bắc Phú (Bưu điện xã Bắc Phú) 56C', N'Km 2+300 - Tỉnh lộ 296 B Đầu B: Bắc Phú (Bưu điện xã Bắc Phú) 56C, Hà Nội', 21.0119351, 105.8172991),
(1035, N'Đối diện khu tập thể, qua ngã tư Thụy Phương khoảng 200m - Hoàng Tăng Bí', N'Đối diện khu tập thể, qua ngã tư Thụy Phương khoảng 200m - Hoàng Tăng Bí, Hà Nội', 21.0496346, 105.8107000),
(1036, N'Trước nhà số 27 Tân Phong (qua cầu Liên Mạc 2 khoảng 200m) - Tân Phong', N'Trước nhà số 27 Tân Phong (qua cầu Liên Mạc 2 khoảng 200m) - Tân Phong, Hà Nội', 20.9653850, 105.8109281),
(1037, N'Đối diện Ban chỉ huy phòng chống bão lụt - Liên Mạc', N'Đối diện Ban chỉ huy phòng chống bão lụt - Liên Mạc, Hà Nội', 20.9947661, 105.8356608),
(1038, N'Qua 100m lối vào Trung tâm sát hạch lái xe Ngọc Hà - Liên Mạc', N'Qua 100m lối vào Trung tâm sát hạch lái xe Ngọc Hà - Liên Mạc, Hà Nội', 21.0454894, 105.7663144),
(1039, N'Đối diện Nhà văn hóa Thôn Yên Nội - Liên Mạc', N'Đối diện Nhà văn hóa Thôn Yên Nội - Liên Mạc, Hà Nội', 21.0325541, 105.7557611),
(1040, N'Gần Trường tiểu học Tây Tựu B - Yên Nội', N'Gần Trường tiểu học Tây Tựu B - Yên Nội, Hà Nội', 21.0454407, 105.8234465),
(1041, N'Đối diện qua cổng Trường THPT Tây Đô 100m - Phú Minh', N'Đối diện qua cổng Trường THPT Tây Đô 100m - Phú Minh, Hà Nội', 21.0237836, 105.8088340),
(1042, N'Qua Ngã Tư Nhổn 100m (nhà số 44-46) - Xuân Phương', N'Qua Ngã Tư Nhổn 100m (nhà số 44-46) - Xuân Phương, Hà Nội', 21.0065784, 105.8030043),
(1043, N'Qua cổng Làng Hữu Nghị 100m', N'Qua cổng Làng Hữu Nghị 100m, Hà Nội', 20.9512710, 105.7743691),
(1044, N'Công ty TNHH và Dịch Vụ Đăng Khoa - Xuân Phương', N'Công ty TNHH và Dịch Vụ Đăng Khoa - Xuân Phương, Hà Nội', 20.9993981, 105.7643095),
(1045, N'Cửa hàng Sơn đối diện Cách cổng Làng Miêu Nha 50m - Xuân Phương', N'Cửa hàng Sơn đối diện Cách cổng Làng Miêu Nha 50m - Xuân Phương, Hà Nội', 20.9777122, 105.8077000),
(1046, N'Số 63 Tây Mỗ - Cầu Triền', N'Số 63 Tây Mỗ - Cầu Triền, Hà Nội', 20.9523980, 105.7513467),
(1047, N'Đối diện 301 Tây Mỗ - Ngã 3 Biển Sắt', N'Đối diện 301 Tây Mỗ - Ngã 3 Biển Sắt, Hà Nội', 21.0101098, 105.8090533),
(1048, N'Làng Hoa Đào La Cả - Đường 70', N'Làng Hoa Đào La Cả - Đường 70, Hà Nội', 20.9857254, 105.8280781),
(1049, N'Đối diện 190 Đại Mỗ', N'Đối diện 190 Đại Mỗ, Hà Nội', 21.0320883, 105.8099808),
(1050, N'Đối diện lối vào trường THCS Đại Mỗ', N'Đối diện lối vào trường THCS Đại Mỗ, Hà Nội', 20.9723053, 105.7551544),
(1051, N'178 Ngọc Đại (Đại Mỗ) - Đường 70', N'178 Ngọc Đại (Đại Mỗ) - Đường 70, Hà Nội', 20.9576864, 105.7996396),
(1052, N'Công ty len Hà Đông - Đường 340 Vạn Phúc (Hà Đông)', N'Công ty len Hà Đông - Đường 340 Vạn Phúc (Hà Đông), Hà Nội', 20.9929829, 105.8141290),
(1053, N'430 Cầu Am (đường Vạn Phúc - Hà Đông)', N'430 Cầu Am (đường Vạn Phúc - Hà Đông), Hà Nội', 20.9806299, 105.8064505),
(1054, N'Bưu điện Hà Đông - Cầu Am (đường Vạn Phúc - Hà Đông)', N'Bưu điện Hà Đông - Cầu Am (đường Vạn Phúc - Hà Đông), Hà Nội', 20.9741847, 105.8424106),
(1055, N'Đối diện Complet veston Hoàng Tử (Thị trấn Chúc Sơn) - Quốc lộ 6', N'Đối diện Complet veston Hoàng Tử (Thị trấn Chúc Sơn) - Quốc lộ 6, Hà Nội', 21.0416231, 105.7968555),
(1056, N'Cửa hàng ĐTDĐ Mobifone Nam Cường (Khu Bắc Sơn - Thị trấn Chúc Sơn) - Quốc lộ 6', N'Cửa hàng ĐTDĐ Mobifone Nam Cường (Khu Bắc Sơn - Thị trấn Chúc Sơn) - Quốc lộ 6, Hà Nội', 20.9966992, 105.8024435),
(1057, N'Qua lối rẽ đi chùa Trăm gian 200m - Quốc lộ 6', N'Qua lối rẽ đi chùa Trăm gian 200m - Quốc lộ 6, Hà Nội', 21.0128541, 105.7522143),
(1058, N'Cách cây xăng Vạn Xuân 100m - Quốc lộ 6', N'Cách cây xăng Vạn Xuân 100m - Quốc lộ 6, Hà Nội', 21.0424014, 105.7719842),
(1059, N'E3.', N'E3., Hà Nội', 21.0036987, 105.8373178),
(1060, N'Trung chuyển Long Biên 2 Qua nút giao Hàng Than 50m - Yên Phụ (đường xe buýt)', N'Trung chuyển Long Biên 2 Qua nút giao Hàng Than 50m - Yên Phụ (đường xe buýt), Hà Nội', 21.0020941, 105.8088461),
(1061, N'Trường trung cấp nghề Thăng Long - Tân Xuân (Chân cầu Thăng Long)', N'Trường trung cấp nghề Thăng Long - Tân Xuân (Chân cầu Thăng Long), Hà Nội', 21.0245137, 105.7795656),
(1062, N'Cột mốc Km 10+00 - Quốc lộ 2', N'Cột mốc Km 10+00 - Quốc lộ 2, Hà Nội', 21.0021091, 105.8131141),
(1063, N'Cột mốc Km H7/10 - Quốc lộ 2', N'Cột mốc Km H7/10 - Quốc lộ 2, Hà Nội', 21.0064494, 105.8365445),
(1064, N'Cộc mốc Km H3/12 - Quốc lộ 2', N'Cộc mốc Km H3/12 - Quốc lộ 2, Hà Nội', 21.0199123, 105.7825829),
(1065, N'Cột mốc Km 13+00 - Quốc lộ 2', N'Cột mốc Km 13+00 - Quốc lộ 2, Hà Nội', 20.9643674, 105.8415620),
(1066, N'Cột mốc Km 14+00 - Quốc lộ 2', N'Cột mốc Km 14+00 - Quốc lộ 2, Hà Nội', 21.0496765, 105.8330544),
(1067, N'Đối diện Nhà máy Honda - Quốc lộ 2', N'Đối diện Nhà máy Honda - Quốc lộ 2, Hà Nội', 21.0072381, 105.7816301),
(1068, N'Đối diện Nhà máy Toyota - Quốc lộ 2', N'Đối diện Nhà máy Toyota - Quốc lộ 2, Hà Nội', 21.0476346, 105.8341308),
(1069, N'Cách ngã 4 Nguyễn Trãi 200m - Quốc lộ 2', N'Cách ngã 4 Nguyễn Trãi 200m - Quốc lộ 2, Hà Nội', 21.0458007, 105.7804611),
(1070, N'220 Nguyễn Trãi (Phúc Yên) - Quốc lộ 2', N'220 Nguyễn Trãi (Phúc Yên) - Quốc lộ 2, Hà Nội', 21.0339996, 105.7932705),
(1071, N'Công ty TNHH Hoàng Giang - QL 23B', N'Công ty TNHH Hoàng Giang - QL 23B, Hà Nội', 21.0208049, 105.8302273),
(1072, N'Xí nghiệp đo đạc và bản đồ', N'Xí nghiệp đo đạc và bản đồ, Hà Nội', 20.9533322, 105.8061282),
(1073, N'Nghĩa trang Thanh Tước', N'Nghĩa trang Thanh Tước, Hà Nội', 20.9768116, 105.8401567),
(1074, N'Đối diện chi cục Thuế huyện Mê Linh B Đối diện viện đa khoa Mê Linh - Đường Thạch Đà, Tam Báo', N'Đối diện chi cục Thuế huyện Mê Linh B Đối diện viện đa khoa Mê Linh - Đường Thạch Đà, Tam Báo, Hà Nội', 20.9984641, 105.7795768),
(1075, N'Đối diện Kho bạc nhà nước huyện Đông Anh, thị trấn Đông Anh - Km 11+840 Quốc lộ 3', N'Đối diện Kho bạc nhà nước huyện Đông Anh, thị trấn Đông Anh - Km 11+840 Quốc lộ 3, Hà Nội', 21.0363174, 105.8474724),
(1076, N'Đối diện công ty Minh Cường - Km 10+960 Quốc lộ 3', N'Đối diện công ty Minh Cường - Km 10+960 Quốc lộ 3, Hà Nội', 20.9844286, 105.8253174),
(1077, N'Đối diện ngã 3 Dục Tú, thôn Lộc Hà - Quốc lộ 3', N'Đối diện ngã 3 Dục Tú, thôn Lộc Hà - Quốc lộ 3, Hà Nội', 20.9868774, 105.7667555),
(1078, N'Công ty Đúc Mai Lâm - Quốc lộ 3', N'Công ty Đúc Mai Lâm - Quốc lộ 3, Hà Nội', 21.0183242, 105.8166066),
(1079, N'Đối diện ngõ vào Cty CP vật tư Mỏ địa chất - Quốc lộ 3', N'Đối diện ngõ vào Cty CP vật tư Mỏ địa chất - Quốc lộ 3, Hà Nội', 20.9799333, 105.8374985),
(1080, N'Ngõ 53 Thiên Đức, Yên Viên - Quốc lộ 3', N'Ngõ 53 Thiên Đức, Yên Viên - Quốc lộ 3, Hà Nội', 21.0486366, 105.7983900),
(1081, N'1095 Ngô Gia Tự', N'1095 Ngô Gia Tự, Hà Nội', 20.9542187, 105.7664355),
(1082, N'Đối diện khu BT6 - KĐT Việt Hưng - Lưu Khánh Đàm', N'Đối diện khu BT6 - KĐT Việt Hưng - Lưu Khánh Đàm, Hà Nội', 20.9932630, 105.8420052),
(1083, N'Gần đối diện lối vào Đình, Chùa Hội Xá - Phúc Lợi', N'Gần đối diện lối vào Đình, Chùa Hội Xá - Phúc Lợi, Hà Nội', 21.0388939, 105.7511746),
(1084, N'Đối diện trường THPT Phúc Lợi - Ngõ 115 Phúc Lợi', N'Đối diện trường THPT Phúc Lợi - Ngõ 115 Phúc Lợi, Hà Nội', 21.0393344, 105.8396248),
(1085, N'UBND Phường Phúc Lợi - Đê Vàng', N'UBND Phường Phúc Lợi - Đê Vàng, Hà Nội', 20.9619756, 105.8147265),
(1086, N'Qua gầm cầu vượt Quốc lộ 1 - Đê Vàng', N'Qua gầm cầu vượt Quốc lộ 1 - Đê Vàng, Hà Nội', 20.9799011, 105.8407361),
(1087, N'Qua cổng làng văn hóa Đình Chùa Vàng - Cổ Bi', N'Qua cổng làng văn hóa Đình Chùa Vàng - Cổ Bi, Hà Nội', 20.9881619, 105.7767124),
(1088, N'Gần đường vào Đình Chùa Vàng - Cổ Bi', N'Gần đường vào Đình Chùa Vàng - Cổ Bi, Hà Nội', 21.0026470, 105.8432104),
(1089, N'Trường THCS Cổ Bi', N'Trường THCS Cổ Bi, Hà Nội', 21.0368113, 105.8363533),
(1090, N'Nhà máy cơ khí Gia Lâm', N'Nhà máy cơ khí Gia Lâm, Hà Nội', 20.9740178, 105.7648919),
(1091, N'Đối diện Cty Tư vấn dịch vụ khoa học Nông nghiệp - Ngô Xuân Quảng B', N'Đối diện Cty Tư vấn dịch vụ khoa học Nông nghiệp - Ngô Xuân Quảng B, Hà Nội', 20.9856209, 105.8447813),
(1092, N'Đối diện Nhà N2E KĐT Trung Hòa Nhân Chính - Lê Văn Lương', N'Đối diện Nhà N2E KĐT Trung Hòa Nhân Chính - Lê Văn Lương, Hà Nội', 20.9684991, 105.8381416),
(1093, N'42 Kim Giang', N'42 Kim Giang, Hà Nội', 21.0484602, 105.7997825),
(1094, N'254 - 256 Khương Đình', N'254 - 256 Khương Đình, Hà Nội', 20.9772509, 105.7893992),
(1095, N'Đối diện cổng KCN Bắc Thăng Long (Qua cầu vượt bộ hành ) - cắm mới B Bênh viện Nhiệt Đới', N'Đối diện cổng KCN Bắc Thăng Long (Qua cầu vượt bộ hành ) - cắm mới B Bênh viện Nhiệt Đới, Hà Nội', 21.0268498, 105.8047715),
(1096, N'Đối diện nghĩa trang liệt sĩ xã Vân Hà', N'Đối diện nghĩa trang liệt sĩ xã Vân Hà, Hà Nội', 20.9929035, 105.7885811),
(1097, N'Trường THCS Vân Hà - Nguyễn Trực', N'Trường THCS Vân Hà - Nguyễn Trực, Hà Nội', 20.9737348, 105.7956128),
(1098, N'TT y tế huyện Đông Anh (phóng khám đa khoa Miền Đông) - Liên Hà', N'TT y tế huyện Đông Anh (phóng khám đa khoa Miền Đông) - Liên Hà, Hà Nội', 21.0080415, 105.7790099),
(1099, N'Số 205 - 207 Liên Hà', N'Số 205 - 207 Liên Hà, Hà Nội', 20.9754910, 105.7538476),
(1100, N'Đối diện THPT Liên Hà', N'Đối diện THPT Liên Hà, Hà Nội', 20.9837529, 105.8275773),
(1101, N'Qua 100m đối diện cổng làng Lỗ Khê - Liên Hà', N'Qua 100m đối diện cổng làng Lỗ Khê - Liên Hà, Hà Nội', 20.9535070, 105.7929504),
(1102, N'Nghĩa trang liệt sĩ xã Việt Hùng (qua ngã 3 trường THCS Việt Hùng)', N'Nghĩa trang liệt sĩ xã Việt Hùng (qua ngã 3 trường THCS Việt Hùng), Hà Nội', 21.0415883, 105.7669676),
(1103, N'Qua ngã 4 Việt Hùng - Cao Lỗ 300m', N'Qua ngã 4 Việt Hùng - Cao Lỗ 300m, Hà Nội', 21.0102250, 105.8254303),
(1104, N'Qua ngã 4 Quốc Lộ 23B - Quốc lộ 3', N'Qua ngã 4 Quốc Lộ 23B - Quốc lộ 3, Hà Nội', 21.0073789, 105.8370275),
(1105, N'Qua cổng Thôn Lương Nỗ 150m - QL23', N'Qua cổng Thôn Lương Nỗ 150m - QL23, Hà Nội', 20.9961808, 105.7929093),
(1106, N'Trụ sở công ty TNHH MTV Xổ số kiến thiết Thủ đô', N'Trụ sở công ty TNHH MTV Xổ số kiến thiết Thủ đô, Hà Nội', 20.9885779, 105.7707411),
(1107, N'Ngã 3 Thôn Cổ Hợp - Đường 23B', N'Ngã 3 Thôn Cổ Hợp - Đường 23B, Hà Nội', 20.9543690, 105.7687508),
(1108, N'Lối vào làng văn hóa thôn Nhì - QL23B', N'Lối vào làng văn hóa thôn Nhì - QL23B, Hà Nội', 20.9981443, 105.8117792),
(1109, N'Công ty Bắc Hà - QL23B', N'Công ty Bắc Hà - QL23B, Hà Nội', 21.0061706, 105.8233781),
(1110, N'Qua cầu Lớn, số nhà 37 - QL 23B', N'Qua cầu Lớn, số nhà 37 - QL 23B, Hà Nội', 21.0474556, 105.7952151),
(1111, N'Đối diện cty TNHH Bảo Yến (thôn Đìa - Nam Hồng) - QL 23B', N'Đối diện cty TNHH Bảo Yến (thôn Đìa - Nam Hồng) - QL 23B, Hà Nội', 20.9791139, 105.7761146),
(1112, N'Cầu vượt Nam Hồng (trước đảo tròn phía Đông Anh 50m) - Đường 23B', N'Cầu vượt Nam Hồng (trước đảo tròn phía Đông Anh 50m) - Đường 23B, Hà Nội', 21.0183352, 105.7707580),
(1113, N'Qua cầu vượt Nam Hồng 50m (gần đảo tròn phía Phúc Yên) - QL 23B', N'Qua cầu vượt Nam Hồng 50m (gần đảo tròn phía Phúc Yên) - QL 23B, Hà Nội', 21.0409009, 105.8441921),
(1114, N'Qua cầu vượt ngã 4 Nam Hồng 70m Cao tốc BTL-NB', N'Qua cầu vượt ngã 4 Nam Hồng 70m Cao tốc BTL-NB, Hà Nội', 20.9900046, 105.7987291),
(1115, N'Đầm Vân Trì- Km 4+400 Cao tốc BTL-NB', N'Đầm Vân Trì- Km 4+400 Cao tốc BTL-NB, Hà Nội', 20.9964161, 105.8395179),
(1116, N'Qua cầu chu dân sinh số 4 - Đường vào thôn Nhuế, Km 11+200 (chiều sân bay Nội Bài đi Hà Nội)', N'Qua cầu chu dân sinh số 4 - Đường vào thôn Nhuế, Km 11+200 (chiều sân bay Nội Bài đi Hà Nội), Hà Nội', 21.0406165, 105.8030145),
(1117, N'UBND xã Kim Chung- Km 2+200 Cao tốc BTL-NB', N'UBND xã Kim Chung- Km 2+200 Cao tốc BTL-NB, Hà Nội', 21.0248442, 105.7568538),
(1118, N'Trước ngã tư khu CN Thăng Long 100m (chiều Nội Bài - Hà Nội)', N'Trước ngã tư khu CN Thăng Long 100m (chiều Nội Bài - Hà Nội), Hà Nội', 20.9649959, 105.8223539),
(1119, N'KCN Bắc Thăng Long - Km 0+800 Cao tốc BTL-NB', N'KCN Bắc Thăng Long - Km 0+800 Cao tốc BTL-NB, Hà Nội', 20.9825598, 105.8432566),
(1120, N'96 Phạm Văn Đồng (Ngã 4 Phạm Văn Đồng - Xuân Đỉnh)', N'96 Phạm Văn Đồng (Ngã 4 Phạm Văn Đồng - Xuân Đỉnh), Hà Nội', 20.9503193, 105.7615794),
(1121, N'Showroom ô tô Trung Sơn (đối diện 315 Phạm Văn Đồng) B Bến Xe Nam Thăng Long', N'Showroom ô tô Trung Sơn (đối diện 315 Phạm Văn Đồng) B Bến Xe Nam Thăng Long, Hà Nội', 20.9741110, 105.8379404),
(1122, N'Metro Hà Đông - đường Tô Hiệu', N'Metro Hà Đông - đường Tô Hiệu, Hà Nội', 21.0296776, 105.8077986),
(1123, N'27 Tô Hiệu (Hà Đông)', N'27 Tô Hiệu (Hà Đông), Hà Nội', 20.9984043, 105.8241679),
(1124, N'Đối diện Chi cục thuế Hà Nội - Tô Hiệu (Hà Đông)', N'Đối diện Chi cục thuế Hà Nội - Tô Hiệu (Hà Đông), Hà Nội', 20.9898230, 105.8430185),
(1125, N'22A Phùng Hưng (Hà Đông)', N'22A Phùng Hưng (Hà Đông), Hà Nội', 21.0101090, 105.8403399),
(1126, N'Đường vào Bệnh viện tâm thần Trung ương - Km 192+660 Quốc Lộ 1A B', N'Đường vào Bệnh viện tâm thần Trung ương - Km 192+660 Quốc Lộ 1A B, Hà Nội', 21.0438674, 105.7543363),
(1127, N'Đối diện cổng KCN Bắc Thăng Long (Qua cầu vượt bộ hành ) - cắm mới', N'Đối diện cổng KCN Bắc Thăng Long (Qua cầu vượt bộ hành ) - cắm mới, Hà Nội', 20.9973335, 105.7561459),
(1128, N'Đối diện trung tâm giao dịch Viettel ( Đại Đồng - Đại Mạch) - cắm mới', N'Đối diện trung tâm giao dịch Viettel ( Đại Đồng - Đại Mạch) - cắm mới, Hà Nội', 20.9922999, 105.8155776),
(1129, N'Qua đối diện ngã 3 Trung tâm điều dưỡng - cắm mới', N'Qua đối diện ngã 3 Trung tâm điều dưỡng - cắm mới, Hà Nội', 20.9657864, 105.8314559),
(1130, N'Đối diện UBND xã Đại Mạch - cắm mới', N'Đối diện UBND xã Đại Mạch - cắm mới, Hà Nội', 20.9864149, 105.7901404),
(1131, N'Đối diện nhà máy bia Hà Nội HABECO - cắm mới', N'Đối diện nhà máy bia Hà Nội HABECO - cắm mới, Hà Nội', 21.0369218, 105.8405712),
(1132, N'Đối diện cổng làng Nam thôn Yên Nhân - cắm mới', N'Đối diện cổng làng Nam thôn Yên Nhân - cắm mới, Hà Nội', 20.9770859, 105.7838080),
(1133, N'Ngã 3 Hồ 3 góc (gần UBND xã Tiền Phong) - cắm mới', N'Ngã 3 Hồ 3 góc (gần UBND xã Tiền Phong) - cắm mới, Hà Nội', 21.0129747, 105.7625229),
(1134, N'Đối diện công ty sơn Alex (QL23B) - cắm mới', N'Đối diện công ty sơn Alex (QL23B) - cắm mới, Hà Nội', 20.9787982, 105.7584224),
(1135, N'Trước đối diện BVĐK Mê Linh 600m', N'Trước đối diện BVĐK Mê Linh 600m, Hà Nội', 21.0353332, 105.8092956),
(1136, N'Chi cục Thuế Huyện Mê Linh', N'Chi cục Thuế Huyện Mê Linh, Hà Nội', 21.0039452, 105.8025638),
(1137, N'Khu du lịch đồi 79 mùa xuân - QL 23B', N'Khu du lịch đồi 79 mùa xuân - QL 23B, Hà Nội', 20.9643476, 105.7881703),
(1138, N'Đối diện xí nghiệp đo đạc và bản đồ - cắm mới', N'Đối diện xí nghiệp đo đạc và bản đồ - cắm mới, Hà Nội', 21.0256222, 105.8437610),
(1139, N'Đối diện Công ty TNHH Hoàng Giang - QL 23B', N'Đối diện Công ty TNHH Hoàng Giang - QL 23B, Hà Nội', 21.0384685, 105.7718227),
(1140, N'Qua ngã 3 QL23B - Trần Nguyên Hãn - cắm mới', N'Qua ngã 3 QL23B - Trần Nguyên Hãn - cắm mới, Hà Nội', 21.0084928, 105.7782606),
(1141, N'Đối diện công ty cổ phần VinaTop - cắm mới', N'Đối diện công ty cổ phần VinaTop - cắm mới, Hà Nội', 21.0285103, 105.7803792),
(1142, N'Công ty Trường Thành - Quốc lộ 2 - cắm mới', N'Công ty Trường Thành - Quốc lộ 2 - cắm mới, Hà Nội', 21.0067818, 105.7890133),
(1143, N'Đối diện công ty TMDV Trường Toàn - cắm mới', N'Đối diện công ty TMDV Trường Toàn - cắm mới, Hà Nội', 20.9888760, 105.7633241),
(1144, N'Trạm thủy sản Mê Linh - cắm mới', N'Trạm thủy sản Mê Linh - cắm mới, Hà Nội', 20.9660408, 105.8202871),
(1145, N'Đối diện 70m trước ngã 3 trường THCS Bạch Trữ - cắm mới', N'Đối diện 70m trước ngã 3 trường THCS Bạch Trữ - cắm mới, Hà Nội', 21.0217363, 105.8059688),
(1146, N'Trước 70m cổng trường THPT Tự Lập - cắm mới', N'Trước 70m cổng trường THPT Tự Lập - cắm mới, Hà Nội', 20.9810585, 105.7781992),
(1147, N'Trước 70m đường vào UBND xã Tự Lập - cắm mới', N'Trước 70m đường vào UBND xã Tự Lập - cắm mới, Hà Nội', 21.0124428, 105.7751326),
(1148, N'Qua cầu Liên Mạc 100m - cắm mới B', N'Qua cầu Liên Mạc 100m - cắm mới B, Hà Nội', 20.9561354, 105.8304597),
(1149, N'Đối diện Trường Cao đẳng nghề điện - Xuân Lễ - Tân Dân, Tỉnh lộ 35', N'Đối diện Trường Cao đẳng nghề điện - Xuân Lễ - Tân Dân, Tỉnh lộ 35, Hà Nội', 20.9648658, 105.7617562),
(1150, N'Đối diện Đại lý bán lẻ xăng dầu số 55 - Nam Cương, Hiền Ninh - Sóc Sơn,Tỉnh lộ 35', N'Đối diện Đại lý bán lẻ xăng dầu số 55 - Nam Cương, Hiền Ninh - Sóc Sơn,Tỉnh lộ 35, Hà Nội', 20.9859131, 105.7857495),
(1151, N'Đối diện Bưu điện, trường THPT Yên Phú', N'Đối diện Bưu điện, trường THPT Yên Phú, Hà Nội', 20.9638797, 105.7743531),
(1152, N'Đối diện Trường Tiểu học xã Nam Sơn,Tỉnh lộ 35', N'Đối diện Trường Tiểu học xã Nam Sơn,Tỉnh lộ 35, Hà Nội', 21.0250482, 105.8434114),
(1153, N'Đối diện UBND xã Nam Sơn, Tỉnh lộ 35', N'Đối diện UBND xã Nam Sơn, Tỉnh lộ 35, Hà Nội', 21.0188826, 105.7865287),
(1154, N'Đối diện Cột mốc Km3 QL2, Tỉnh lộ 35', N'Đối diện Cột mốc Km3 QL2, Tỉnh lộ 35, Hà Nội', 21.0432426, 105.8175074),
(1155, N'Đối diện Cột mốc Km2 QL2, Tỉnh lộ 35', N'Đối diện Cột mốc Km2 QL2, Tỉnh lộ 35, Hà Nội', 20.9970185, 105.8442311),
(1156, N'Đối diện Cột mốc Km1 QL2, Tỉnh lộ 35', N'Đối diện Cột mốc Km1 QL2, Tỉnh lộ 35, Hà Nội', 20.9684890, 105.7558046),
(1157, N'Cách cầu Tú Tạo 70m, Tỉnh lộ 35', N'Cách cầu Tú Tạo 70m, Tỉnh lộ 35, Hà Nội', 21.0376844, 105.7939690),
(1158, N'Đối diện XN thuốc thú y Trung ương (Đức Thượng Hoài Đức - Quốc lộ 32', N'Đối diện XN thuốc thú y Trung ương (Đức Thượng Hoài Đức - Quốc lộ 32, Hà Nội', 21.0058651, 105.7938757),
(1159, N'Qua đường vào Khu sinh thái Cẩm Đình Hiệp Thuận 100n - Quốc lộ 32', N'Qua đường vào Khu sinh thái Cẩm Đình Hiệp Thuận 100n - Quốc lộ 32, Hà Nội', 20.9509348, 105.8019204),
(1160, N'Qua đường vào chợ Ngọc Tảo - Quốc lộ 32', N'Qua đường vào chợ Ngọc Tảo - Quốc lộ 32, Hà Nội', 20.9818047, 105.8072593),
(1161, N'Đối diện cửa hàng đồ gỗ Chúc Hiền - Phố Quạt xã Đại Đồng - Quốc lộ', N'Đối diện cửa hàng đồ gỗ Chúc Hiền - Phố Quạt xã Đại Đồng - Quốc lộ, Hà Nội', 21.0415623, 105.7956747),
(1162, N'32 Đối diện Công an huyện Phúc Thọ - Quốc lộ 32', N'32 Đối diện Công an huyện Phúc Thọ - Quốc lộ 32, Hà Nội', 21.0044997, 105.7504987),
(1163, N'Cửa hàng xăng dầu số 14 - QL32', N'Cửa hàng xăng dầu số 14 - QL32, Hà Nội', 20.9679126, 105.7752896),
(1164, N'Km 42+660 - Quốc lộ 32', N'Km 42+660 - Quốc lộ 32, Hà Nội', 21.0499314, 105.8008870),
(1165, N'Ngã 4 Ngân Hàng, Gần Đường Vào Cảng Sơn Tây - Quốc lộ 32', N'Ngã 4 Ngân Hàng, Gần Đường Vào Cảng Sơn Tây - Quốc lộ 32, Hà Nội', 21.0399054, 105.8084129),
(1166, N'Đối diện đường vào đền Và - Quốc lộ 32', N'Đối diện đường vào đền Và - Quốc lộ 32, Hà Nội', 20.9800060, 105.7568706),
(1167, N'Đường vào bến phà Đường Lâm - Quốc lộ 32', N'Đường vào bến phà Đường Lâm - Quốc lộ 32, Hà Nội', 20.9842678, 105.8454090),
(1168, N'Đối diện Cây xăng Hoàng Long, Cam Thượng - Quốc lộ 32', N'Đối diện Cây xăng Hoàng Long, Cam Thượng - Quốc lộ 32, Hà Nội', 20.9743629, 105.7763208),
(1169, N'Trường THCS Đông Quang - Quốc lộ 32', N'Trường THCS Đông Quang - Quốc lộ 32, Hà Nội', 20.9566455, 105.7647487),
(1170, N'Đối diện siêu thị Lực Tiến, ngã 3 phố Nả - Quốc lộ 32', N'Đối diện siêu thị Lực Tiến, ngã 3 phố Nả - Quốc lộ 32, Hà Nội', 21.0106494, 105.7782599),
(1171, N'Gần cổng làng phố Nả, đối diện đường vào Trường THCS Tản Đà - Quốc lộ 32', N'Gần cổng làng phố Nả, đối diện đường vào Trường THCS Tản Đà - Quốc lộ 32, Hà Nội', 20.9600435, 105.7863576),
(1172, N'Công an huyện Ba Vì - Quốc lộ 32', N'Công an huyện Ba Vì - Quốc lộ 32, Hà Nội', 20.9594038, 105.7731326),
(1173, N'Tòa án nhân dân huyện Ba Vì - Quốc lộ 32', N'Tòa án nhân dân huyện Ba Vì - Quốc lộ 32, Hà Nội', 21.0369579, 105.7711913),
(1174, N'Gần trung tâm giáo dục thường xuyên Ba Vì, Vật Phụ - Quốc lộ 32', N'Gần trung tâm giáo dục thường xuyên Ba Vì, Vật Phụ - Quốc lộ 32, Hà Nội', 20.9691577, 105.8313423),
(1175, N'Bệnh viện đa khoa Ba Vì, Vật Lại - Quốc lộ 32', N'Bệnh viện đa khoa Ba Vì, Vật Lại - Quốc lộ 32, Hà Nội', 21.0385950, 105.7589915),
(1176, N'Ngã 3 Đồng Bảng - Quốc lộ 32', N'Ngã 3 Đồng Bảng - Quốc lộ 32, Hà Nội', 21.0049713, 105.8475277),
(1177, N'Chợ Nhông, xã Thái Hòa - Quốc lộ 32', N'Chợ Nhông, xã Thái Hòa - Quốc lộ 32, Hà Nội', 21.0387347, 105.7829954),
(1178, N'Tăng cấu, qua UBND xã Thái Hòa - Quốc lộ 32 B Cầu Trung Hà', N'Tăng cấu, qua UBND xã Thái Hòa - Quốc lộ 32 B Cầu Trung Hà, Hà Nội', 20.9693340, 105.8089298),
(1179, N'Ngã 3 Đồng Bảng - Quốc lộ 32 B', N'Ngã 3 Đồng Bảng - Quốc lộ 32 B, Hà Nội', 20.9520798, 105.8403144),
(1180, N'Gần ngã 4 Phạm Hùng - Đình Thôn - Biển báo số 1', N'Gần ngã 4 Phạm Hùng - Đình Thôn - Biển báo số 1, Hà Nội', 20.9782114, 105.8302081),
(1181, N'Qua gầm cầu vượt tỉnh lộ 70 - Km6+800 Đại lộ Thăng Long', N'Qua gầm cầu vượt tỉnh lộ 70 - Km6+800 Đại lộ Thăng Long, Hà Nội', 21.0373444, 105.7897598),
(1182, N'Đối diện Thiên Đường Bảo Sơn - Đại lộ Thăng Long', N'Đối diện Thiên Đường Bảo Sơn - Đại lộ Thăng Long, Hà Nội', 20.9869936, 105.7741901),
(1183, N'Qua lối rẽ vào UBND xã An Khánh - Đại lộ Thăng Long', N'Qua lối rẽ vào UBND xã An Khánh - Đại lộ Thăng Long, Hà Nội', 21.0138665, 105.7950899),
(1184, N'Chùa Bà - thôn Yên Lũng - An Khánh - Đại lộ Thăng Long', N'Chùa Bà - thôn Yên Lũng - An Khánh - Đại lộ Thăng Long, Hà Nội', 20.9611959, 105.8382940),
(1185, N'Đê Song Phương (Trước 50m đường vào UBND huyện Hoài Đức) - Đại lộ Thăng Long', N'Đê Song Phương (Trước 50m đường vào UBND huyện Hoài Đức) - Đại lộ Thăng Long, Hà Nội', 20.9971949, 105.8309644),
(1186, N'Cầu vượt Song Phương - Đại lộ Thăng Long', N'Cầu vượt Song Phương - Đại lộ Thăng Long, Hà Nội', 20.9649870, 105.8497434),
(1187, N'Làng văn hóa thôn Quyết Tiến (trước 200m Cầu sông Đáy)', N'Làng văn hóa thôn Quyết Tiến (trước 200m Cầu sông Đáy), Hà Nội', 20.9638805, 105.8213376),
(1188, N'KCN Thạch Thất - Đại lộ Thăng Long', N'KCN Thạch Thất - Đại lộ Thăng Long, Hà Nội', 20.9969650, 105.7791949),
(1189, N'Thôn Liệp Mai, xã Ngọc Liệp - Đại lộ Thăng Long', N'Thôn Liệp Mai, xã Ngọc Liệp - Đại lộ Thăng Long, Hà Nội', 20.9886158, 105.7855850),
(1190, N'Thôn Đồng Kho, xã Đồng Trúc - Đại lộ Thăng Long', N'Thôn Đồng Kho, xã Đồng Trúc - Đại lộ Thăng Long, Hà Nội', 21.0370784, 105.7520308),
(1191, N'Thôn Đồi Bông, xã Đồng Trúc - Đại lộ Thăng Long', N'Thôn Đồi Bông, xã Đồng Trúc - Đại lộ Thăng Long, Hà Nội', 20.9579010, 105.8263520),
(1192, N'Trạm 110KV Thạch Thất - Đại lộ Thăng Long', N'Trạm 110KV Thạch Thất - Đại lộ Thăng Long, Hà Nội', 20.9811817, 105.8093215),
(1193, N'Đường vào Khu công nghệ cao Hòa Lạc - Đại lộ Thăng Long B Bến xe Sơn Tây', N'Đường vào Khu công nghệ cao Hòa Lạc - Đại lộ Thăng Long B Bến xe Sơn Tây, Hà Nội', 20.9535734, 105.8049271),
(1194, N'Đường vào Khu công nghệ cao Hòa Lạc - Đại lộ Thăng Long', N'Đường vào Khu công nghệ cao Hòa Lạc - Đại lộ Thăng Long, Hà Nội', 21.0304428, 105.8463415),
(1195, N'Thôn 7 Phú Cát - Quốc Oai (cột mốc H2/411) - Quốc lộ 21', N'Thôn 7 Phú Cát - Quốc Oai (cột mốc H2/411) - Quốc lộ 21, Hà Nội', 21.0168245, 105.8148864),
(1196, N'Qua 70m cổng Trung đoàn Bộ binh cơ giới 102 (cột mốc H7/414) - Quốc lộ 21', N'Qua 70m cổng Trung đoàn Bộ binh cơ giới 102 (cột mốc H7/414) - Quốc lộ 21, Hà Nội', 20.9716632, 105.8355270),
(1197, N'Gần cầu cửa Đầm - Quốc lộ 21', N'Gần cầu cửa Đầm - Quốc lộ 21, Hà Nội', 21.0487370, 105.7828197),
(1198, N'Đối diện làng văn hóa Yên Thái, xã Hương Sơn, Hòa Binh - Quốc lộ', N'Đối diện làng văn hóa Yên Thái, xã Hương Sơn, Hòa Binh - Quốc lộ, Hà Nội', 21.0315478, 105.8228918),
(1199, N'21 Cửa hàng xăng dầu TV21 - Quốc lộ 21', N'21 Cửa hàng xăng dầu TV21 - Quốc lộ 21, Hà Nội', 20.9769115, 105.7961418),
(1200, N'Đường vào trường ĐH PCCC cơ sở 2 Bộ CA - Quốc lộ 21', N'Đường vào trường ĐH PCCC cơ sở 2 Bộ CA - Quốc lộ 21, Hà Nội', 21.0130553, 105.7721713),
(1201, N'Đại học Lâm Nghiệp - Quốc lộ 21', N'Đại học Lâm Nghiệp - Quốc lộ 21, Hà Nội', 21.0194101, 105.7823091),
(1202, N'35 tổ 3, Thị trấn Xuân Mai', N'35 tổ 3, Thị trấn Xuân Mai, Hà Nội', 21.0251869, 105.8193459),
(1203, N'Số 66 Tổ 6 Khu Xuân Mai - Quốc lộ 6', N'Số 66 Tổ 6 Khu Xuân Mai - Quốc lộ 6, Hà Nội', 21.0070316, 105.8412007),
(1204, N'Bệnh xá 24 Phòng Khám bệnh Quân dân Y - Quốc lộ 6', N'Bệnh xá 24 Phòng Khám bệnh Quân dân Y - Quốc lộ 6, Hà Nội', 20.9989151, 105.7916956),
(1205, N'Số 17 Tổ 7 Tân Bình TT Xuân Mai - Quốc lộ 6', N'Số 17 Tổ 7 Tân Bình TT Xuân Mai - Quốc lộ 6, Hà Nội', 20.9828425, 105.7629934),
(1206, N'Số nhà 41 tổ 3 khu Chiến Thắng - TT Xuân Mai (Qua 70m đường vào Đoàn xe tăng H01 - Bộ Tư lệnh Tăng thiết giáp) - QL6', N'Số nhà 41 tổ 3 khu Chiến Thắng - TT Xuân Mai (Qua 70m đường vào Đoàn xe tăng H01 - Bộ Tư lệnh Tăng thiết giáp) - QL6, Hà Nội', 21.0414285, 105.8401686),
(1207, N'Đối diện Trường Cao đẳng Nông nghiệp và Phát triển Nông thôn Bắc Bộ B Số 12 Tổ 6 Khu Chiến Thắng - Xuân Mai - Quốc lộ 6', N'Đối diện Trường Cao đẳng Nông nghiệp và Phát triển Nông thôn Bắc Bộ B Số 12 Tổ 6 Khu Chiến Thắng - Xuân Mai - Quốc lộ 6, Hà Nội', 20.9839216, 105.8475474),
(1208, N'Hội đồng nhân dân xã Biên Giang - Quốc lộ', N'Hội đồng nhân dân xã Biên Giang - Quốc lộ, Hà Nội', 21.0184678, 105.8316009),
(1209, N'6 Đối diện Complet veston Hoàng Tử (Thị trấn Chúc Sơn) - Quốc lộ 6', N'6 Đối diện Complet veston Hoàng Tử (Thị trấn Chúc Sơn) - Quốc lộ 6, Hà Nội', 21.0244394, 105.7781390),
(1210, N'KCN Phú Nghĩa', N'KCN Phú Nghĩa, Hà Nội', 20.9702467, 105.8482008),
(1211, N'Karaoke Obama - Quốc lộ 6', N'Karaoke Obama - Quốc lộ 6, Hà Nội', 21.0414744, 105.7923157),
(1212, N'Vật liệu Xây dựng Chỉnh Bình - Quốc lộ 6', N'Vật liệu Xây dựng Chỉnh Bình - Quốc lộ 6, Hà Nội', 20.9603035, 105.8457188),
(1213, N'Sửa chữa xe máy Thăng Lan - Quốc lộ 6', N'Sửa chữa xe máy Thăng Lan - Quốc lộ 6, Hà Nội', 21.0353831, 105.8357185),
(1214, N'Chợ Gốt Đông Sơn - Quốc lộ 6', N'Chợ Gốt Đông Sơn - Quốc lộ 6, Hà Nội', 21.0285998, 105.8288491),
(1215, N'Đối diện GARA Huy Hào - Quốc lộ 6', N'Đối diện GARA Huy Hào - Quốc lộ 6, Hà Nội', 21.0350720, 105.7809029),
(1216, N'Đội 3 Tân Phượng, Xuân Mai - Quốc lộ 6', N'Đội 3 Tân Phượng, Xuân Mai - Quốc lộ 6, Hà Nội', 20.9702788, 105.8126666),
(1217, N'Cầu Quán Lát - Quốc lộ 6', N'Cầu Quán Lát - Quốc lộ 6, Hà Nội', 21.0451819, 105.8425121),
(1218, N'Đối diện Trường Cao đẳng Nông nghiệp và Phát triển Nông thôn Bắc Bộ', N'Đối diện Trường Cao đẳng Nông nghiệp và Phát triển Nông thôn Bắc Bộ, Hà Nội', 20.9897224, 105.7522788),
(1219, N'Số 12 Tổ 6 Khu Chiến Thắng - Xuân Mai - Quốc lộ 6 B Thị trấn Xuân Mai (Nhà máy thức ăn chăn nuôi CP)', N'Số 12 Tổ 6 Khu Chiến Thắng - Xuân Mai - Quốc lộ 6 B Thị trấn Xuân Mai (Nhà máy thức ăn chăn nuôi CP), Hà Nội', 20.9869798, 105.8225927),
(1220, N'Đối diện ĐH Thương Mại -', N'Đối diện ĐH Thương Mại -, Hà Nội', 20.9858896, 105.8393771),
(1221, N'Hồ Tùng Mậu (Cột 1) 6 264-266 Hồ Tùng Mậu', N'Hồ Tùng Mậu (Cột 1) 6 264-266 Hồ Tùng Mậu, Hà Nội', 21.0276633, 105.7754119),
(1222, N'Bưu điện Hoài Đức - Quốc lộ 32 B Chùa Thầy', N'Bưu điện Hoài Đức - Quốc lộ 32 B Chùa Thầy, Hà Nội', 21.0093950, 105.7840025),
(1223, N'Nissan Hà Đông', N'Nissan Hà Đông, Hà Nội', 21.0038176, 105.7898267),
(1224, N'Đối diện Trường THPT Trần Hưng Đạo, Xốm - Quốc lộ 21B', N'Đối diện Trường THPT Trần Hưng Đạo, Xốm - Quốc lộ 21B, Hà Nội', 20.9943806, 105.8225923),
(1225, N'Nhà thờ Thạch Bích - Quốc lộ 21B', N'Nhà thờ Thạch Bích - Quốc lộ 21B, Hà Nội', 20.9839265, 105.8490703),
(1226, N'Đối diện nghĩa trang liệt sỹ Bình Minh, Bình Đà - Quốc lộ 21B', N'Đối diện nghĩa trang liệt sỹ Bình Minh, Bình Đà - Quốc lộ 21B, Hà Nội', 21.0089596, 105.8192534),
(1227, N'Gần đường vào Bệnh viện Thanh Oai - Quốc lộ 21B', N'Gần đường vào Bệnh viện Thanh Oai - Quốc lộ 21B, Hà Nội', 20.9821220, 105.8427647),
(1228, N'Nhà máy bia Kim Bài - Quốc lộ 21B', N'Nhà máy bia Kim Bài - Quốc lộ 21B, Hà Nội', 20.9868569, 105.7562145),
(1229, N'Ngã 4 Chuông, đường vào UBND xã Phương Trung - Quốc lộ 21B', N'Ngã 4 Chuông, đường vào UBND xã Phương Trung - Quốc lộ 21B, Hà Nội', 21.0307690, 105.7740329),
(1230, N'Qua ngã 4 Vác, xã Dân Hòa - Quốc lộ 21B', N'Qua ngã 4 Vác, xã Dân Hòa - Quốc lộ 21B, Hà Nội', 20.9998439, 105.8415348),
(1231, N'Đối diện đường vào làng Ngọc Đình - Quốc lộ 21B', N'Đối diện đường vào làng Ngọc Đình - Quốc lộ 21B, Hà Nội', 21.0430164, 105.8257757),
(1232, N'Gần cầu Xà Kiều, xã Quảng Phú Cầu - Quốc lộ 21B', N'Gần cầu Xà Kiều, xã Quảng Phú Cầu - Quốc lộ 21B, Hà Nội', 21.0056632, 105.7974026),
(1233, N'Gần Cầu Lão, đường rẽ đi đường 80 - Quốc lộ 21B', N'Gần Cầu Lão, đường rẽ đi đường 80 - Quốc lộ 21B, Hà Nội', 21.0481044, 105.8244970),
(1234, N'Cây gạo Bặt, đối diện đường vào làng Bặt - Quốc lộ 21B', N'Cây gạo Bặt, đối diện đường vào làng Bặt - Quốc lộ 21B, Hà Nội', 20.9593617, 105.8307367),
(1235, N'Đối diện đường vào UBND huyện Ứng Hòa, thị trấn Vân Đình - Quốc lộ 21B', N'Đối diện đường vào UBND huyện Ứng Hòa, thị trấn Vân Đình - Quốc lộ 21B, Hà Nội', 20.9620056, 105.7674986),
(1236, N'Đối diện đình Thái Đường, thôn Thái Bình - Quốc lộ 21B', N'Đối diện đình Thái Đường, thôn Thái Bình - Quốc lộ 21B, Hà Nội', 21.0072969, 105.8293054),
(1237, N'Qua chợ Đinh Xuyên - Quốc lộ 21B', N'Qua chợ Đinh Xuyên - Quốc lộ 21B, Hà Nội', 20.9638860, 105.7598357),
(1238, N'Đối diện Đình Đặng Giang - Quốc lộ 21B', N'Đối diện Đình Đặng Giang - Quốc lộ 21B, Hà Nội', 20.9925553, 105.7712090),
(1239, N'Đối diện đình thôn Phù Lưu Thượng - Quốc lộ 21B', N'Đối diện đình thôn Phù Lưu Thượng - Quốc lộ 21B, Hà Nội', 20.9849073, 105.8411146),
(1240, N'Đường vào làng Bài Thượng - Đường 74', N'Đường vào làng Bài Thượng - Đường 74, Hà Nội', 20.9881197, 105.7833232),
(1241, N'Đối diện UBND Xã Hồng Quang, Bài Hạ - Đường 74 B Bến xe Hương Sơn', N'Đối diện UBND Xã Hồng Quang, Bài Hạ - Đường 74 B Bến xe Hương Sơn, Hà Nội', 20.9800522, 105.7690284),
(1242, N'Ngã 3 Ngọc Trục - Đại Mỗ', N'Ngã 3 Ngọc Trục - Đại Mỗ, Hà Nội', 21.0398430, 105.8351831),
(1243, N'Số 40 - 42 Liên Cơ - Đại Mỗ', N'Số 40 - 42 Liên Cơ - Đại Mỗ, Hà Nội', 21.0459400, 105.7664717),
(1244, N'Số 178 Đại Mỗ - Khu biệt thự Viglacera Đại Mỗ', N'Số 178 Đại Mỗ - Khu biệt thự Viglacera Đại Mỗ, Hà Nội', 21.0451348, 105.8087868),
(1245, N'522 Đại Mỗ (Bưu điện Đại Mỗ)', N'522 Đại Mỗ (Bưu điện Đại Mỗ), Hà Nội', 20.9680092, 105.8321385),
(1246, N'Gần cửa hàng xăng dầu số 21, Tây Mỗ - Đường 72', N'Gần cửa hàng xăng dầu số 21, Tây Mỗ - Đường 72, Hà Nội', 21.0152411, 105.8419316),
(1247, N'Công ty TNHH Phúc Hưng, La Dương (Gần đường vào CV thiên đường Bảo Sơn) - Đường 72', N'Công ty TNHH Phúc Hưng, La Dương (Gần đường vào CV thiên đường Bảo Sơn) - Đường 72, Hà Nội', 21.0289797, 105.7607006),
(1248, N'Cuối làng gần chùa An Thượng - Đường 72', N'Cuối làng gần chùa An Thượng - Đường 72, Hà Nội', 20.9690929, 105.8029456),
(1249, N'Nhà máy in (Ngã 3 Quốc Oai, Đại lộ Thăng Long) - Đường 72', N'Nhà máy in (Ngã 3 Quốc Oai, Đại lộ Thăng Long) - Đường 72, Hà Nội', 20.9871667, 105.8179793),
(1250, N'Đầu làng Phương Quan - Đường 72', N'Đầu làng Phương Quan - Đường 72, Hà Nội', 20.9849226, 105.8180579),
(1251, N'Gần ngã 3 Dốc Quán (Đối diện Trường THCS Cộng Hòa) - Đường 72', N'Gần ngã 3 Dốc Quán (Đối diện Trường THCS Cộng Hòa) - Đường 72, Hà Nội', 21.0380035, 105.7689652),
(1252, N'Đối diện đường vào chùa Đồng Lư - Đường 80', N'Đối diện đường vào chùa Đồng Lư - Đường 80, Hà Nội', 20.9921962, 105.8391559),
(1253, N'Đường đê Yên Nội, Đồng Quan - Cột mốc Km18+00 Đường 80', N'Đường đê Yên Nội, Đồng Quan - Cột mốc Km18+00 Đường 80, Hà Nội', 21.0050421, 105.7621075),
(1254, N'Qua Trường THPT Quốc Oai - Đường 80', N'Qua Trường THPT Quốc Oai - Đường 80, Hà Nội', 21.0208803, 105.8093045),
(1255, N'Thôn Ngô Sài - thị trấn Quốc Oai - Đại lộ Thăng Long', N'Thôn Ngô Sài - thị trấn Quốc Oai - Đại lộ Thăng Long, Hà Nội', 20.9677334, 105.8319848),
(1256, N'UBND xã Bình Phú - Đường 80', N'UBND xã Bình Phú - Đường 80, Hà Nội', 21.0376618, 105.7561579),
(1257, N'Số 97 Đồng Cam', N'Số 97 Đồng Cam, Hà Nội', 21.0224496, 105.7942861),
(1258, N'Ngã 3 thị trấn Liên Quan', N'Ngã 3 thị trấn Liên Quan, Hà Nội', 20.9894592, 105.8192726),
(1259, N'Qua nghĩa trang liệt sỹ Đại Đồng - Đường 80', N'Qua nghĩa trang liệt sỹ Đại Đồng - Đường 80, Hà Nội', 20.9904986, 105.7719726),
(1260, N'Đối diện đình Thái Đường, thôn Thái Bình - Quốc lộ 21B B Bến Xe Khách Tế Tiêu', N'Đối diện đình Thái Đường, thôn Thái Bình - Quốc lộ 21B B Bến Xe Khách Tế Tiêu, Hà Nội', 21.0434142, 105.7963345),
(1261, N'Số 415 - 417 phố Chùa Thông, thị xã Sơn Tây', N'Số 415 - 417 phố Chùa Thông, thị xã Sơn Tây, Hà Nội', 21.0322876, 105.8095570),
(1262, N'126A Thanh Vi (Đối diện Học viện Binh Phòng) - Đường 414', N'126A Thanh Vi (Đối diện Học viện Binh Phòng) - Đường 414, Hà Nội', 20.9595237, 105.7754422),
(1263, N'Học viện Ngân hàng (cơ sở Sơn Tây) - Đường 414', N'Học viện Ngân hàng (cơ sở Sơn Tây) - Đường 414, Hà Nội', 21.0003290, 105.8036278),
(1264, N'Chùa Đô, Xuân Khanh - Đường 414', N'Chùa Đô, Xuân Khanh - Đường 414, Hà Nội', 20.9571692, 105.8058412),
(1265, N'Trường THCS Thanh Mỹ (gần ngã 3 Vị Thủy) - Đường 414', N'Trường THCS Thanh Mỹ (gần ngã 3 Vị Thủy) - Đường 414, Hà Nội', 20.9654435, 105.8020637),
(1266, N'Xưởng 965 khu A - Đường 414', N'Xưởng 965 khu A - Đường 414, Hà Nội', 21.0400258, 105.8478845),
(1267, N'Bưu điện Xuân Khanh - Đường 414', N'Bưu điện Xuân Khanh - Đường 414, Hà Nội', 20.9802981, 105.8018237),
(1268, N'Phòng khám đa khoa quân dân y Hà Nội - Đường 414', N'Phòng khám đa khoa quân dân y Hà Nội - Đường 414, Hà Nội', 21.0251772, 105.8344976),
(1269, N'Trước lối vào Khoang Xanh 50m (cạnh biển vào Thác Đa)', N'Trước lối vào Khoang Xanh 50m (cạnh biển vào Thác Đa), Hà Nội', 21.0023283, 105.8057649),
(1270, N'Trước lối vào đền chùa Bà Đá Đen - Đường 414 B Đá Chông đi Chẹ (70m về phía Sơn Tây)', N'Trước lối vào đền chùa Bà Đá Đen - Đường 414 B Đá Chông đi Chẹ (70m về phía Sơn Tây), Hà Nội', 20.9817393, 105.7710554),
(1271, N'Đối diện nhà C6 KĐT Mỹ Đình I - đường Trần Hữu Dực', N'Đối diện nhà C6 KĐT Mỹ Đình I - đường Trần Hữu Dực, Hà Nội', 20.9841292, 105.7826322),
(1272, N'Đối diện nhà CT5-ĐN1 KĐT Mỹ Đình I - đường Trần Hữu Dực', N'Đối diện nhà CT5-ĐN1 KĐT Mỹ Đình I - đường Trần Hữu Dực, Hà Nội', 21.0218898, 105.7983319),
(1273, N'Đối diện đường vào Trường CĐ nghề Trần Hưng Đạo - Lê Đức Thọ', N'Đối diện đường vào Trường CĐ nghề Trần Hưng Đạo - Lê Đức Thọ, Hà Nội', 20.9535583, 105.8111795),
(1274, N'Đường vào Trường CĐ nghề Trần Hưng Đạo - Lê Đức Thọ', N'Đường vào Trường CĐ nghề Trần Hưng Đạo - Lê Đức Thọ, Hà Nội', 21.0029258, 105.8440633),
(1275, N'Đối diện THCS-THPT Trần Quốc Tuấn', N'Đối diện THCS-THPT Trần Quốc Tuấn, Hà Nội', 21.0480813, 105.7793245),
(1276, N'Trường tiểu học Mỹ Đình 2 - Đối diện 216 đường Mỹ Đình', N'Trường tiểu học Mỹ Đình 2 - Đối diện 216 đường Mỹ Đình, Hà Nội', 20.9928170, 105.7926684),
(1277, N'Trước 100m ngã 4 Nguyễn Hoàng - Phạm Hùng (đối diện công ty CP Sông Đà 9)', N'Trước 100m ngã 4 Nguyễn Hoàng - Phạm Hùng (đối diện công ty CP Sông Đà 9), Hà Nội', 21.0382989, 105.7523039),
(1278, N'Quảng trường BX Mỹ Đình', N'Quảng trường BX Mỹ Đình, Hà Nội', 21.0236985, 105.8097993),
(1279, N'Tổng Cục Hải Quan - đường Dương Đình Nghệ', N'Tổng Cục Hải Quan - đường Dương Đình Nghệ, Hà Nội', 20.9741303, 105.8199899),
(1280, N'Đối diện trường THCS Yên Hòa - 282 Trung Kính', N'Đối diện trường THCS Yên Hòa - 282 Trung Kính, Hà Nội', 21.0078389, 105.7686490),
(1281, N'Đối diện trường mầm non quốc tế Global', N'Đối diện trường mầm non quốc tế Global, Hà Nội', 21.0137874, 105.7828420),
(1282, N'Qua ngõ 36 Trung Hòa', N'Qua ngõ 36 Trung Hòa, Hà Nội', 21.0188490, 105.8383222),
(1283, N'Trường tiểu học Lý Thái Tổ', N'Trường tiểu học Lý Thái Tổ, Hà Nội', 20.9504610, 105.8384125),
(1284, N'Đối diện Nhà 18T1 KĐT Trung Hòa Nhân Chính - Lê Văn Lương', N'Đối diện Nhà 18T1 KĐT Trung Hòa Nhân Chính - Lê Văn Lương, Hà Nội', 21.0472385, 105.8110789),
(1285, N'33 Lê Văn Lương (đối diện Doanh trại quân đội)', N'33 Lê Văn Lương (đối diện Doanh trại quân đội), Hà Nội', 21.0345479, 105.7858884),
(1286, N'Đối diện 498 Đường Láng', N'Đối diện 498 Đường Láng, Hà Nội', 21.0239028, 105.7648883),
(1287, N'119 Yên Lãng', N'119 Yên Lãng, Hà Nội', 21.0002850, 105.7748457),
(1288, N'131 Hoàng Văn Thái', N'131 Hoàng Văn Thái, Hà Nội', 20.9677216, 105.7804876),
(1289, N'CT36 Tower - 24 Lê Trọng Tấn', N'CT36 Tower - 24 Lê Trọng Tấn, Hà Nội', 21.0448163, 105.7862057),
(1290, N'Nhà NƠ. 7B KĐT Linh Đàm - Nguyễn Duy Trinh B', N'Nhà NƠ. 7B KĐT Linh Đàm - Nguyễn Duy Trinh B, Hà Nội', 20.9541691, 105.7580156),
(1291, N'Đối diện Tập thể Học viện Tài Chính - đường Dịch Vọng', N'Đối diện Tập thể Học viện Tài Chính - đường Dịch Vọng, Hà Nội', 20.9750016, 105.8483277),
(1292, N'Đối diện nhà số 5 N08A KĐT Dịch Vọng (cạnh Công viên Cầu Giấy)', N'Đối diện nhà số 5 N08A KĐT Dịch Vọng (cạnh Công viên Cầu Giấy), Hà Nội', 21.0206885, 105.8072958),
(1293, N'Đối diện trường Mầm non VietKids - KĐT Dịch Vọng', N'Đối diện trường Mầm non VietKids - KĐT Dịch Vọng, Hà Nội', 21.0326904, 105.7592366),
(1294, N'Tập thể 27/7 Yên Hòa (Gần ngõ 4, Tổ 43) - đường Mạc Thái Tổ', N'Tập thể 27/7 Yên Hòa (Gần ngõ 4, Tổ 43) - đường Mạc Thái Tổ, Hà Nội', 21.0215511, 105.8179758),
(1295, N'Nhà B6C - KĐT Nam Trung Yên', N'Nhà B6C - KĐT Nam Trung Yên, Hà Nội', 21.0327151, 105.8071754),
(1296, N'Đối diện trường THPT Nguyễn Bỉnh Khiêm - đường Nguyễn Chánh', N'Đối diện trường THPT Nguyễn Bỉnh Khiêm - đường Nguyễn Chánh, Hà Nội', 21.0200231, 105.7509780),
(1297, N'Đối diện Trường THPT chuyên Hà Nội - Amsterdam (Hoàng Minh Giám)', N'Đối diện Trường THPT chuyên Hà Nội - Amsterdam (Hoàng Minh Giám), Hà Nội', 20.9995197, 105.7559909),
(1298, N'Đối diện Nhà N2A KĐT Trung Hòa Nhân Chính - Hoàng Minh Giám', N'Đối diện Nhà N2A KĐT Trung Hòa Nhân Chính - Hoàng Minh Giám, Hà Nội', 20.9588810, 105.8311012),
(1299, N'Điểm xén hè đối diện toà nhà JSC - Lê Văn Lương', N'Điểm xén hè đối diện toà nhà JSC - Lê Văn Lương, Hà Nội', 20.9681268, 105.7892995),
(1300, N'Đối diện chung cư HH2 Bắc Hà - đường Tố Hữu', N'Đối diện chung cư HH2 Bắc Hà - đường Tố Hữu, Hà Nội', 20.9816666, 105.7621125),
(1301, N'Đối diện Công trình cảnh quan Công viên Hồ Phùng Khoang', N'Đối diện Công trình cảnh quan Công viên Hồ Phùng Khoang, Hà Nội', 21.0230520, 105.7879488),
(1302, N'Gần lối vào trường THPT Trung Văn (Qua ngã 4 Lương Thế Vinh - Tố Hữu)', N'Gần lối vào trường THPT Trung Văn (Qua ngã 4 Lương Thế Vinh - Tố Hữu), Hà Nội', 20.9865474, 105.8303000),
(1303, N'Trước 100m ngã 4 Trung Văn (đối diện nhà 14C) - Tố Hữu', N'Trước 100m ngã 4 Trung Văn (đối diện nhà 14C) - Tố Hữu, Hà Nội', 20.9848149, 105.8489810),
(1304, N'UBND phường Mỗ Lao - đường Nguyễn Văn Lộc', N'UBND phường Mỗ Lao - đường Nguyễn Văn Lộc, Hà Nội', 20.9822391, 105.8102095),
(1305, N'BT 01 Bắc Hà - đường Nguyễn Văn Lộc', N'BT 01 Bắc Hà - đường Nguyễn Văn Lộc, Hà Nội', 21.0178512, 105.8411202),
(1306, N'Đình Văn Quán (đối diện Trạm Y tế) - Đường 19/5', N'Đình Văn Quán (đối diện Trạm Y tế) - Đường 19/5, Hà Nội', 20.9811787, 105.8371690),
(1307, N'Đối diện 29 Tô Hiệu (Hà Đông) B KĐT Văn Phú', N'Đối diện 29 Tô Hiệu (Hà Đông) B KĐT Văn Phú, Hà Nội', 21.0259192, 105.8317487),
(1308, N'Bưu điện Thành phố Hà Nội - 75B Đinh Tiên Hoàng', N'Bưu điện Thành phố Hà Nội - 75B Đinh Tiên Hoàng, Hà Nội', 21.0089762, 105.7652062),
(1309, N'E1.1 Trung chuyển Long Biên', N'E1.1 Trung chuyển Long Biên, Hà Nội', 21.0215027, 105.8134013),
(1310, N'Ga hàng hóa ALS Trung tâm dịch vụ kỹ thuật cung ứng điện', N'Ga hàng hóa ALS Trung tâm dịch vụ kỹ thuật cung ứng điện, Hà Nội', 21.0311496, 105.7860951),
(1311, N'Sảnh tầng 1 nhà ga T1', N'Sảnh tầng 1 nhà ga T1, Hà Nội', 21.0042462, 105.8040003),
(1312, N'Sảnh tầng 2 nhà ga T2 B Sân bay Nội Bài (BĐX nhà ga T1)', N'Sảnh tầng 2 nhà ga T2 B Sân bay Nội Bài (BĐX nhà ga T1), Hà Nội', 20.9982467, 105.8455216),
(1313, N'Ngã 3 Miếu Đầm - Đại lộ Thăng Long', N'Ngã 3 Miếu Đầm - Đại lộ Thăng Long, Hà Nội', 20.9601220, 105.7943693),
(1314, N'Nhà CT3A KĐT Mễ Trì Thượng - Đại lộ Thăng Long', N'Nhà CT3A KĐT Mễ Trì Thượng - Đại lộ Thăng Long, Hà Nội', 20.9886751, 105.7557354),
(1315, N'Tường rào sân Golf Mỹ Đình Pearl - Đại lộ Thăng Long', N'Tường rào sân Golf Mỹ Đình Pearl - Đại lộ Thăng Long, Hà Nội', 20.9978095, 105.7690054),
(1316, N'Xóm La - Đại Mỗ - Đại lộ Thăng Long', N'Xóm La - Đại Mỗ - Đại lộ Thăng Long, Hà Nội', 20.9849152, 105.7705608),
(1317, N'Qua đối diện lối vào THPT Đại Mỗ - Đại lộ Thăng Long', N'Qua đối diện lối vào THPT Đại Mỗ - Đại lộ Thăng Long, Hà Nội', 20.9716814, 105.8316551),
(1318, N'Trụ sở Bộ tư lệnh Cảnh sát biển - Đại lộ Thăng Long', N'Trụ sở Bộ tư lệnh Cảnh sát biển - Đại lộ Thăng Long, Hà Nội', 20.9532589, 105.7582680),
(1319, N'Ngã 3 Chùa Thầy, gần cầu vượt Sài Sơn - Đại lộ Thăng Long', N'Ngã 3 Chùa Thầy, gần cầu vượt Sài Sơn - Đại lộ Thăng Long, Hà Nội', 21.0018225, 105.8259329),
(1320, N'Cầu vượt Hoàng Xá - cột mốc H7/17 Đại lộ Thăng Long', N'Cầu vượt Hoàng Xá - cột mốc H7/17 Đại lộ Thăng Long, Hà Nội', 21.0098169, 105.7805589),
(1321, N'Đối diện VNPT TT Quốc Oai - TL421B', N'Đối diện VNPT TT Quốc Oai - TL421B, Hà Nội', 20.9906714, 105.7530348),
(1322, N'UBND xã Thạch Thán - TL421B', N'UBND xã Thạch Thán - TL421B, Hà Nội', 21.0462607, 105.7618024),
(1323, N'Trại Đồng Dơi - xã Thạch Thán - TL421B', N'Trại Đồng Dơi - xã Thạch Thán - TL421B, Hà Nội', 20.9531568, 105.7535427),
(1324, N'Đầu làng Phú Mỹ - TL421B', N'Đầu làng Phú Mỹ - TL421B, Hà Nội', 20.9576092, 105.8116559),
(1325, N'Trạm biến thế Đìa Lóc 2 - TL 421B', N'Trạm biến thế Đìa Lóc 2 - TL 421B, Hà Nội', 21.0226117, 105.8383814),
(1326, N'Đầu làng Định Tú - ngã 4 Máng 7B - TL 421B', N'Đầu làng Định Tú - ngã 4 Máng 7B - TL 421B, Hà Nội', 20.9613489, 105.8463411),
(1327, N'Nhà Văn hóa thôn Cấn Thượng - TL 421B', N'Nhà Văn hóa thôn Cấn Thượng - TL 421B, Hà Nội', 20.9682848, 105.8251815),
(1328, N'Thôn Đông Thượng - TL 421B', N'Thôn Đông Thượng - TL 421B, Hà Nội', 21.0222666, 105.8390930),
(1329, N'Xóm Cầu Ó, thôn Đông Thượng, thị trấn Quốc Oai', N'Xóm Cầu Ó, thôn Đông Thượng, thị trấn Quốc Oai, Hà Nội', 20.9619275, 105.7606163),
(1330, N'Trước 50m đối diện UBND xã Đông Yên - TL421B', N'Trước 50m đối diện UBND xã Đông Yên - TL421B, Hà Nội', 21.0006038, 105.8186833),
(1331, N'Xóm 5 thôn Đông Hạ - TL 421B', N'Xóm 5 thôn Đông Hạ - TL 421B, Hà Nội', 20.9607194, 105.7867256),
(1332, N'Đối diện Công ty TNHH Thương mại Hòa An - TL 421B', N'Đối diện Công ty TNHH Thương mại Hòa An - TL 421B, Hà Nội', 21.0224836, 105.8264207),
(1333, N'Số 29 Tổ 5 Tiên Trượng TT Xuân Mai - TL 421B', N'Số 29 Tổ 5 Tiên Trượng TT Xuân Mai - TL 421B, Hà Nội', 21.0317075, 105.8398018),
(1334, N'Số 23 Tổ 2 Tiên Trượng - Xuân Mai (Ngã 3 đường 421 và QL6)', N'Số 23 Tổ 2 Tiên Trượng - Xuân Mai (Ngã 3 đường 421 và QL6), Hà Nội', 21.0310368, 105.8366603),
(1335, N'Nhà văn hóa khu Xuân Mai - TT Xuân Mai - Quốc lộ 6', N'Nhà văn hóa khu Xuân Mai - TT Xuân Mai - Quốc lộ 6, Hà Nội', 21.0289679, 105.7541085),
(1336, N'Cầu vượt Hoàng Xá - cột mốc H7/', N'Cầu vượt Hoàng Xá - cột mốc H7/, Hà Nội', 21.0142517, 105.8436094),
(1337, N'Đại lộ Thăng Long 17 KCN Thạch Thất - Đại lộ Thăng Long', N'Đại lộ Thăng Long 17 KCN Thạch Thất - Đại lộ Thăng Long, Hà Nội', 21.0488580, 105.7795152),
(1338, N'Ngã 3 tỉnh lộ 419 - ĐL Thăng Long - KCN Thạch Thất', N'Ngã 3 tỉnh lộ 419 - ĐL Thăng Long - KCN Thạch Thất, Hà Nội', 21.0212918, 105.8180938),
(1339, N'Cty Sun House, xã Ngọc Liệp - Đại lộ Thăng Long', N'Cty Sun House, xã Ngọc Liệp - Đại lộ Thăng Long, Hà Nội', 21.0310161, 105.8120761),
(1340, N'Đường vào chùa Kim Long - Đại lộ Thăng Long', N'Đường vào chùa Kim Long - Đại lộ Thăng Long, Hà Nội', 20.9728769, 105.8419538),
(1341, N'Cầu chui dân sinh số 19 - Đại lộ Thăng Long', N'Cầu chui dân sinh số 19 - Đại lộ Thăng Long, Hà Nội', 21.0431698, 105.7796447),
(1342, N'Ngã ba Hòa Lạc - Quốc lộ 21', N'Ngã ba Hòa Lạc - Quốc lộ 21, Hà Nội', 21.0432940, 105.8348685),
(1343, N'Nhà hàng Hùng Huyền (đối diện đường vào UBND xã Thạch Hòa, Đội CSGT số 11) - Quốc lộ 21', N'Nhà hàng Hùng Huyền (đối diện đường vào UBND xã Thạch Hòa, Đội CSGT số 11) - Quốc lộ 21, Hà Nội', 20.9863566, 105.8208091),
(1344, N'Đối diện CH xăng dầu Phú Cát - Quốc lộ 21', N'Đối diện CH xăng dầu Phú Cát - Quốc lộ 21, Hà Nội', 21.0417011, 105.7986601),
(1345, N'Xóm 2 Hòa Phú, xã Hòa Thạch - Quốc Oai', N'Xóm 2 Hòa Phú, xã Hòa Thạch - Quốc Oai, Hà Nội', 20.9838127, 105.8447486),
(1346, N'Chợ Long Phú - xã Hòa Thạch - Quốc lộ 21', N'Chợ Long Phú - xã Hòa Thạch - Quốc lộ 21, Hà Nội', 21.0486119, 105.8175080),
(1347, N'Đối diện làng văn hóa Yên Thái, xã Hương Sơn, Hòa Binh - Quốc lộ 21', N'Đối diện làng văn hóa Yên Thái, xã Hương Sơn, Hòa Binh - Quốc lộ 21, Hà Nội', 20.9715786, 105.7620534),
(1348, N'Cửa hàng xăng dầu TV21 - Quốc lộ 21', N'Cửa hàng xăng dầu TV21 - Quốc lộ 21, Hà Nội', 20.9697956, 105.7690089),
(1349, N'Trường Sỹ quan đặc công thị trấn Xuân Mai (cột mốc H5/421 - qua cửa hàng xăng dầu số 7 Xuân Mai) - đường Hồ Chí Minh', N'Trường Sỹ quan đặc công thị trấn Xuân Mai (cột mốc H5/421 - qua cửa hàng xăng dầu số 7 Xuân Mai) - đường Hồ Chí Minh, Hà Nội', 20.9917740, 105.8321170),
(1350, N'Công ty Xuân Cương (trước 100m cầu Xuân Mai) - Km422 đường Hồ Chí Minh', N'Công ty Xuân Cương (trước 100m cầu Xuân Mai) - Km422 đường Hồ Chí Minh, Hà Nội', 20.9542980, 105.8206456),
(1351, N'Trường Trung cấp Cánh sát vũ trang - Đường Hồ Chí Minh', N'Trường Trung cấp Cánh sát vũ trang - Đường Hồ Chí Minh, Hà Nội', 21.0005338, 105.7813992),
(1352, N'Qua 100m trường Trung cấp Nghề tổng hợp Hà Nội - Đường Hồ Chí Minh', N'Qua 100m trường Trung cấp Nghề tổng hợp Hà Nội - Đường Hồ Chí Minh, Hà Nội', 20.9858907, 105.8089820),
(1353, N'Trung tâm Dịch vụ Tổng hợp, thôn Xuân Trung - Đường Hồ Chí Minh', N'Trung tâm Dịch vụ Tổng hợp, thôn Xuân Trung - Đường Hồ Chí Minh, Hà Nội', 21.0417557, 105.8086786),
(1354, N'Thôn Xuân Sen, xã Thủy Xuân Tiên - Đường Hồ Chí Minh', N'Thôn Xuân Sen, xã Thủy Xuân Tiên - Đường Hồ Chí Minh, Hà Nội', 20.9979736, 105.8247811),
(1355, N'KTX Trường CĐ Cộng đồng Hà Tây - Đường Hồ Chí Minh', N'KTX Trường CĐ Cộng đồng Hà Tây - Đường Hồ Chí Minh, Hà Nội', 21.0050941, 105.8083498),
(1356, N'Trường CĐ Cộng đồng Hà Tây - Đường Hồ Chí Minh B Đầu B: Xuân Mai (Trường Cao đẳng Cộng đồng Hà Tây)', N'Trường CĐ Cộng đồng Hà Tây - Đường Hồ Chí Minh B Đầu B: Xuân Mai (Trường Cao đẳng Cộng đồng Hà Tây), Hà Nội', 20.9808077, 105.7562459),
(1357, N'Số 270 Đại Mỗ', N'Số 270 Đại Mỗ, Hà Nội', 20.9820474, 105.8108913),
(1358, N'Số 1 Tây Mỗ - Làng Phú Thứ', N'Số 1 Tây Mỗ - Làng Phú Thứ, Hà Nội', 21.0469244, 105.7747129),
(1359, N'Chùa Sơn Trung - xã Yên Sơn', N'Chùa Sơn Trung - xã Yên Sơn, Hà Nội', 20.9575180, 105.7608193),
(1360, N'Công ty điện tử Meiko - KCN Thạch Thất', N'Công ty điện tử Meiko - KCN Thạch Thất, Hà Nội', 20.9956585, 105.7823808),
(1361, N'Khu công nghiệp Bình Phú - Tỉnh lộ 419', N'Khu công nghiệp Bình Phú - Tỉnh lộ 419, Hà Nội', 21.0258886, 105.8267582),
(1362, N'Lối rẽ vào Chàng Sơn', N'Lối rẽ vào Chàng Sơn, Hà Nội', 20.9709709, 105.7800371),
(1363, N'Bộ Y Tế - 138A Giảng Võ', N'Bộ Y Tế - 138A Giảng Võ, Hà Nội', 21.0004385, 105.7657025),
(1364, N'312 Lạc Long Quân - Chùa Thiên Niên (chùa Sài)', N'312 Lạc Long Quân - Chùa Thiên Niên (chùa Sài), Hà Nội', 21.0380789, 105.7542474),
(1365, N'360 Lạc Long Quân', N'360 Lạc Long Quân, Hà Nội', 20.9928381, 105.8441095),
(1366, N'Đối diện Quận uỷ Tây Hồ - Lạc Long Quân', N'Đối diện Quận uỷ Tây Hồ - Lạc Long Quân, Hà Nội', 21.0138804, 105.8281039),
(1367, N'Đối diện KĐT Nam Thăng Long', N'Đối diện KĐT Nam Thăng Long, Hà Nội', 20.9754921, 105.7521540),
(1368, N'Ngã 4 cầu vượt QL5 - Võ Nguyên Giáp', N'Ngã 4 cầu vượt QL5 - Võ Nguyên Giáp, Hà Nội', 20.9737605, 105.7673804),
(1369, N'Công ty xăng dầu hàng không Việt Nam (Vinapco)', N'Công ty xăng dầu hàng không Việt Nam (Vinapco), Hà Nội', 21.0036644, 105.8342914),
(1370, N'Sân bay Nội Bài (BĐX nhà ga T1) B Sân bay Nội Bài (Bãi đỗ xe nhà ga Quốc tế T2)', N'Sân bay Nội Bài (BĐX nhà ga T1) B Sân bay Nội Bài (Bãi đỗ xe nhà ga Quốc tế T2), Hà Nội', 21.0230860, 105.7848219),
(1371, N'Nhà chờ Ba La', N'Nhà chờ Ba La, Hà Nội', 20.9666003, 105.7992209),
(1372, N'Nhà chờ Văn La', N'Nhà chờ Văn La, Hà Nội', 20.9655480, 105.8393010),
(1373, N'Nhà chờ Văn Phúc', N'Nhà chờ Văn Phúc, Hà Nội', 20.9572739, 105.7654010),
(1374, N'Nhà chờ La Khê', N'Nhà chờ La Khê, Hà Nội', 21.0224778, 105.7837007),
(1375, N'Nhà chờ KĐT Parkcity', N'Nhà chờ KĐT Parkcity, Hà Nội', 20.9989227, 105.8444668),
(1376, N'Nhà chờ Cầu La Khê', N'Nhà chờ Cầu La Khê, Hà Nội', 20.9573663, 105.7756381),
(1377, N'Nhà chờ An Hưng', N'Nhà chờ An Hưng, Hà Nội', 21.0431919, 105.7642102),
(1378, N'Nhà chờ Văn Khê', N'Nhà chờ Văn Khê, Hà Nội', 21.0380327, 105.8285230),
(1379, N'Nhà chờ Dương Nội', N'Nhà chờ Dương Nội, Hà Nội', 20.9594953, 105.7852294),
(1380, N'Nhà chờ Vạn Phúc 1', N'Nhà chờ Vạn Phúc 1, Hà Nội', 21.0252436, 105.8469479),
(1381, N'Nhà chờ Vạn Phúc 2', N'Nhà chờ Vạn Phúc 2, Hà Nội', 20.9681121, 105.7709172),
(1382, N'Nhà chờ Mỗ Lao', N'Nhà chờ Mỗ Lao, Hà Nội', 21.0110475, 105.7600359),
(1383, N'Nhà chờ Trung Văn', N'Nhà chờ Trung Văn, Hà Nội', 21.0305701, 105.8291514),
(1384, N'Nhà chờ Lương Thế Vinh', N'Nhà chờ Lương Thế Vinh, Hà Nội', 21.0426964, 105.8391256),
(1385, N'Nhà chờ Khuất Duy Tiến', N'Nhà chờ Khuất Duy Tiến, Hà Nội', 21.0000307, 105.7558667),
(1386, N'Nhà chờ Nguyễn Tuân', N'Nhà chờ Nguyễn Tuân, Hà Nội', 20.9587414, 105.7620535),
(1387, N'Nhà chờ Hoàng Đạo Thúy', N'Nhà chờ Hoàng Đạo Thúy, Hà Nội', 20.9516720, 105.7756261),
(1388, N'Nhà chờ Vũ Ngọc Phan', N'Nhà chờ Vũ Ngọc Phan, Hà Nội', 21.0327413, 105.7652956),
(1389, N'Nhà chờ Thành Công', N'Nhà chờ Thành Công, Hà Nội', 20.9584798, 105.7923812),
(1390, N'Nhà chờ Giảng Võ', N'Nhà chờ Giảng Võ, Hà Nội', 20.9669941, 105.8073598),
(1391, N'Nhà chờ Núi Trúc B Bến Xe Kim Mã', N'Nhà chờ Núi Trúc B Bến Xe Kim Mã, Hà Nội', 20.9513884, 105.8347976);
SET IDENTITY_INSERT Stops OFF;
GO

-- 4. CHÈN BẢNG ROUTES (104 Tuyến Xe)
SET IDENTITY_INSERT Routes ON;
INSERT INTO Routes (RouteID, RouteNumber, RouteName, StartPoint, EndPoint, OperatingHours, Frequency, TicketPrice, TotalDistance) VALUES 
(1, '01', N'BX Gia Lâm - BX Yên Nghĩa', N'BX Gia Lâm', N'BX Yên Nghĩa', N'5h00 - 21h00', N'10 - 15 phút/chuyến', 7000, 22.40),
(2, '02', N'Bác cổ - BX Yên Nghĩa', N'Bác cổ', N'BX Yên Nghĩa', N'5h00 - 22h30', N'5 - 10 - 15 phút/chuyến', 7000, 17.30),
(3, '03A', N'BX Giáp Bát - BX Gia Lâm', N'BX Giáp Bát', N'BX Gia Lâm', N'5h00 - 21h03', N'10 phút/chuyến', 7000, 13.90),
(4, '03B', N'Bx Giáp Bát - Vincom - Phúc Lợi', N'Bx Giáp Bát', N'Phúc Lợi', N'6h00 - 20h00', N'25 - 30 phút/chuyến', 7000, 21.20),
(5, '04', N'Long Biên - BX Nước Ngầm', N'Long Biên', N'BX Nước Ngầm', N'5h00 - 21h00', N'15 - 20 - 24 phút/chuyến', 7000, 17.40),
(6, '05', N'Linh Đàm - Phú Diễn', N'Linh Đàm', N'Phú Diễn', N'5h00 - 21h05', N'15 - 20 phút/chuyến', 7000, 17.50),
(7, '06A', N'BX Giáp Bát - Cầu Giẽ', N'BX Giáp Bát', N'Cầu Giẽ', N'5h00 - 21h00', N'10 - 15 - 17 - 20 - 23 phút/chuyến', 9000, 32.70),
(8, '06B', N'BX Giáp Bát - Hồng Vân (Thường Tín)', N'BX Giáp Bát', N'Hồng Vân (Thường Tín)', N'5h00 - 21h00', N'40 - 45 - 50 phút/chuyến', 7000, 18.70),
(9, '06C', N'BX. Giáp Bát - Phú Minh (Phú Xuyên)', N'BX. Giáp Bát', N'Phú Minh (Phú Xuyên)', N'5h00 - 21h00', N'30 - 40 - 50 - 55 - 60 - 65 phút/chuyến', 8000, 28.50),
(10, '06D', N'Bến xe Giáp Bát - Tân Dân (Phú Xuyên)', N'Bến xe Giáp Bát', N'Tân Dân (Phú Xuyên)', N'5h25 - 20h00', N'45 - 50 - 55 - 60 phút/chuyến', 9000, 33.50),
(11, '06E', N'Bến xe Giáp Bát - Phú Túc (Phú Xuyên)', N'Bến xe Giáp Bát', N'Phú Túc (Phú Xuyên)', N'5h45 - 19h45', N'25 - 40 - 50 - 55 - 60 phút/chuyến', 9000, 33.50),
(12, '07', N'Cầu Giấy - Nội Bài', N'Cầu Giấy', N'Nội Bài', N'5h00 - 22h35', N'3 - 8 - 13 - 20 phút/chuyến', 8000, 27.50),
(13, '08', N'Long Biên - Đông Mỹ', N'Long Biên', N'Đông Mỹ', N'5h00 - 22h33', N'7 - 15 - 20 phút/chuyến', 7000, 19.00),
(14, '09', N'Bờ Hồ - Bờ Hồ', N'Bờ Hồ', N'Bờ Hồ', N'5h00 - 23h06', N'10 - 15 - 20 phút/chuyến', 7000, 19.50),
(15, '10A', N'Long Biên - Từ Sơn', N'Long Biên', N'Từ Sơn', N'5h00 - 22h00', N'13 - 15 - 20 - 30 phút/chuyến', 7000, 17.90),
(16, '10B', N'KĐT Times City - Trung Mầu', N'KĐT Times City', N'Trung Mầu', N'5h00 - 20h25', N'25 - 30 phút/chuyến', 8000, 25.10),
(17, '11', N'CV Thống Nhất - HV Nông Nghiệp Việt Nam', N'CV Thống Nhất', N'HV Nông Nghiệp Việt Nam', N'5h00 - 21h30', N'10 - 15 - 20 phút/chuyến', 7000, 18.10),
(18, '12', N'CV Nghĩa Đô - Đại Áng', N'CV Nghĩa Đô', N'Đại Áng', N'5h00 - 21h00', N'12 - 15 - 18 - 20 phút/chuyến', 7000, 23.60),
(19, '13', N'CV nước Hồ Tây - HV Cảnh Sát', N'CV nước Hồ Tây', N'HV Cảnh Sát', N'5h00 - 22h00', N'16 - 20 phút/chuyến', 7000, 13.40),
(20, '14', N'Bờ Hồ - Cổ Nhuế', N'Bờ Hồ', N'Cổ Nhuế', N'5h00 - 21h00', N'10 - 15 - 20 phút/chuyến', 7000, 14.60),
(21, '15', N'BX Gia Lâm - Phố Nỉ', N'BX Gia Lâm', N'Phố Nỉ', N'5h00 - 21h00', N'10 - 15 phút/chuyến', 9000, 38.10),
(22, '16', N'BX Mỹ Đình - BX Nước Ngầm', N'BX Mỹ Đình', N'BX Nước Ngầm', N'5h00 - 21h05', N'10 - 15 - 20 phút/chuyến', 7000, 13.70),
(23, '17', N'Long Biên - Nội Bài', N'Long Biên', N'Nội Bài', N'5h00 - 22h00', N'10 - 15 - 20 phút/chuyến', 9000, 38.50),
(24, '18', N'ĐH Kinh tế quốc dân - ĐH Kinh tế quốc dân', N'ĐH Kinh tế quốc dân', N'ĐH Kinh tế quốc dân', N'5h00 - 21h07', N'15 - 20 - 25 phút/chuyến', 7000, 18.15),
(25, '19', N'Trần Khánh Dư - Thiên Đường Bảo Sơn', N'Trần Khánh Dư', N'Thiên Đường Bảo Sơn', N'5h00 - 21h05', N'10 - 15 - 20 phút/chuyến', 7000, 19.40),
(26, '20A', N'Cầu Giấy - Phùng', N'Cầu Giấy', N'Phùng', N'5h00 - 21h00', N'20 phút/chuyến', 7000, 15.70),
(27, '20B', N'Cầu Giấy - Sơn Tây', N'Cầu Giấy', N'Sơn Tây', N'5h12 - 20h07', N'25 - 35 phút/chuyến', 9000, 34.30),
(28, '20C', N'Nhổn - Võng Xuyên', N'Nhổn', N'Võng Xuyên', N'5h23 - 19h38', N'30 phút/chuyến', 9000, 33.70),
(29, '21A', N'BX Giáp Bát - BX Yên Nghĩa', N'BX Giáp Bát', N'BX Yên Nghĩa', N'5h00 - 21h05', N'10 - 15 - 18 phút/chuyến', 7000, 15.80),
(30, '21B', N'KĐT Pháp Vân Tứ Hiệp - BX. Yên Nghĩa', N'KĐT Pháp Vân Tứ Hiệp', N'BX. Yên Nghĩa', N'5h35 - 20h15', N'30 phút/chuyến', 7000, 19.90),
(31, '22A', N'BX Gia Lâm - Kim Mã', N'BX Gia Lâm', N'Kim Mã', N'5h00 - 22h30', N'07 - 15 phút/chuyến', 7000, 9.20),
(32, '22B', N'Khu đô thị Xa La - Mỗ Lao - Bến xe Mỹ Đình', N'Khu đô thị Xa La', N'Bến xe Mỹ Đình', N'5h00 - 22h30', N'07 - 15 phút/chuyến', 7000, 11.50),
(33, '22C', N'Khu đô thị Kiến Hưng - Vạn Phúc - Khu đô thị Dương Nội', N'Khu đô thị Kiến Hưng', N'Khu đô thị Dương Nội', N'5h00 - 22h00', N'15 - 20 phút/chuyến', 7000, 10.50),
(34, '23', N'Nguyễn Công Trứ - Nguyễn Công Trứ', N'Nguyễn Công Trứ', N'Nguyễn Công Trứ', N'5h00 - 21h00', N'15 - 20 phút/chuyến', 7000, 15.50),
(35, '24', N'Long Biên - Ngã Tư Sở - Cầu Giấy', N'Long Biên', N'Cầu Giấy', N'5h00 - 22h00', N'12 - 14 - 20 phút/chuyến', 7000, 11.80),
(36, '25', N'BX Nam Thăng Long - BX Giáp Bát', N'BX Nam Thăng Long', N'BX Giáp Bát', N'5h00 - 21h00', N'10 - 15 - 20 phút/chuyến', 7000, 19.20),
(37, '26', N'Mai Động - SVĐ Mỹ Đình', N'Mai Động', N'SVĐ Mỹ Đình', N'5h00 - 22h30', N'6 - 10 - 15 phút/chuyến', 7000, 17.50),
(38, '27', N'BX Yên Nghĩa - BX Nam Thăng Long', N'BX Yên Nghĩa', N'BX Nam Thăng Long', N'5h00 - 21h01', N'7 - 8 - 10 phút/chuyến', 7000, 21.40),
(39, '28', N'BX Giáp Bát - Đại Học Mỏ', N'BX Giáp Bát', N'Đại Học Mỏ', N'5h00 - 21h07', N'10 - 14 - 20 phút/chuyến', 7000, 18.90),
(40, '29', N'BX Giáp Bát - Tân Lập', N'BX Giáp Bát', N'Tân Lập', N'5h00 - 21h05', N'11 - 12 - 15 phút/chuyến', 7000, 24.20),
(41, '30', N'Mai Động - BX Mỹ Đình', N'Mai Động', N'BX Mỹ Đình', N'5h00 - 21h00', N'10 - 15 - 20 - 22 phút/chuyến', 7000, 15.40),
(42, '31', N'Bách Khoa - ĐH Mỏ', N'Bách Khoa', N'ĐH Mỏ', N'5h00 - 21h00', N'10 - 15 - 20 - 25 phút/chuyến', 7000, 19.20),
(43, '32', N'BX Giáp Bát - Nhổn', N'BX Giáp Bát', N'Nhổn', N'5h00 - 22h30', N'5 - 11 - 15 - 20 phút/chuyến', 7000, 18.50),
(44, '33', N'BX Yên Nghĩa - Xuân Đỉnh', N'BX Yên Nghĩa', N'Xuân Đỉnh', N'5h02 - 21h04', N'16 - 20 - 25 phút/chuyến', 7000, 20.70),
(45, '34', N'BX Mỹ Đình - BX Gia Lâm', N'BX Mỹ Đình', N'BX Gia Lâm', N'5h07 - 21h00', N'10 - 15 - 20 phút/chuyến', 7000, 19.20),
(46, '35A', N'Trần Khánh Dư - BX Nam Thăng Long', N'Trần Khánh Dư', N'BX Nam Thăng Long', N'5h00 - 21h00', N'15 - 19 - 20 phút/chuyến', 7000, 19.50),
(47, '35B', N'BX Nam Thăng Long - Thanh Lâm (Mê Linh)', N'BX Nam Thăng Long', N'Thanh Lâm (Mê Linh)', N'5h05 - 21h05', N'15 - 19 - 20 - 25 phút/chuyến', 7000, 24.30),
(48, '36', N'Yên Phụ - Linh Đàm', N'Yên Phụ', N'Linh Đàm', N'5h00 - 21h00', N'12 - 15 - 20 phút/chuyến', 7000, 13.70),
(49, '37', N'BX Giáp Bát - Chương Mỹ', N'BX Giáp Bát', N'Chương Mỹ', N'5h00 - 21h06', N'11 - 12 - 20 phút/chuyến', 7000, 22.90),
(50, '38', N'BX Nam Thăng Long - Mai Động', N'BX Nam Thăng Long', N'Mai Động', N'5h00 - 21h00', N'15 - 20 phút/chuyến', 7000, 17.40),
(51, '39', N'CV Nghĩa Đô - Tứ Hiệp (BV Nội tiết Trung Ương)', N'CV Nghĩa Đô', N'Tứ Hiệp (BV Nội tiết Trung Ương)', N'5h00 - 21h00', N'8 - 10 - 15 phút/chuyến', 7000, 20.70),
(52, '40A', N'CV Thống Nhất - Như Quỳnh', N'CV Thống Nhất', N'Như Quỳnh', N'5h00 - 22h00', N'13 - 14 - 18 - 22 - 24 phút/chuyến', 7000, 23.00),
(53, '40B', N'CV Thống Nhất - Văn Lâm (Hưng Yên)', N'CV Thống Nhất', N'Văn Lâm (Hưng Yên)', N'5h15 - 19h20', N'35 - 40 - 55 - 60 - 70 phút/chuyến', 8000, 26.20),
(54, '41', N'Nghi Tàm - BX Giáp Bát', N'Nghi Tàm', N'BX Giáp Bát', N'5h00 - 21h00', N'10 - 15 phút/chuyến', 7000, 14.40),
(55, '42', N'Bến xe Giáp Bát - Đức Giang', N'Bến xe Giáp Bát', N'Đức Giang', N'5h00 - 21h00', N'15 - 20 phút/chuyến', 7000, 16.00),
(56, '43', N'CV Thống Nhất - Đông Anh', N'CV Thống Nhất', N'Đông Anh', N'5h00 - 21h00', N'10 - 15 phút/chuyến', 8000, 0.00),
(57, '44', N'Trần Khánh Dư - BX Mỹ Đình', N'Trần Khánh Dư', N'BX Mỹ Đình', N'5h00 - 21h00', N'10 - 15 phút/chuyến', 7000, 0.00),
(58, '45', N'Times City - BX Nam Thăng Long', N'Times City', N'BX Nam Thăng Long', N'5h00 - 20h00', N'10 - 15 phút/chuyến', 7000, 16.90),
(59, '46', N'BX Mỹ Đình - Thị trấn Đông Anh', N'BX Mỹ Đình', N'Thị trấn Đông Anh', N'4h50 - 20h50', N'10 - 15 - 20 phút/chuyến', 8000, 0.00),
(60, '47A', N'BX Long Biên - Bát Tràng', N'BX Long Biên', N'Bát Tràng', N'5h00 - 20h40', N'28 phút/chuyến', 7000, 16.50),
(61, '47B', N'Long Biên - Kim Lan', N'Long Biên', N'Kim Lan', N'5h14 - 20h56', N'28 - 33 phút/chuyến', 7000, 15.30),
(62, '48', N'Trần Khánh Dư - Vạn Phúc', N'Trần Khánh Dư', N'Vạn Phúc', N'5h00 - 21h06', N'15 - 20 phút/chuyến', 7000, 18.10),
(63, '49', N'Trần Khánh Dư - KĐT Mỹ Đình II', N'Trần Khánh Dư', N'KĐT Mỹ Đình II', N'5h00 - 21h00', N'10 - 15 - 20 phút/chuyến', 7000, 13.90),
(64, '50', N'Long Biên - SVĐ Quốc Gia', N'Long Biên', N'SVĐ Quốc Gia', N'5h00 - 21h10', N'17 - 19 - 23 phút/chuyến', 7000, 14.90),
(65, '51', N'Trần Khánh Dư - CV Cầu Giấy', N'Trần Khánh Dư', N'CV Cầu Giấy', N'5h00 - 21h00', N'10 - 15 - 20 phút/chuyến', 7000, 16.80),
(66, '52A', N'CV Thống Nhất - Lệ Chi', N'CV Thống Nhất', N'Lệ Chi', N'5h00 - 21h07', N'17 - 25 phút/chuyến', 8000, 25.60),
(67, '52B', N'CV Thống nhất - Đặng Xá', N'CV Thống nhất', N'Đặng Xá', N'5h10 - 21h05', N'45 - 55 - 60 phút/chuyến', 9000, 33.30),
(68, '53A', N'Hoàng Quốc Việt - Đông Anh', N'Hoàng Quốc Việt', N'Đông Anh', N'5h08 - 19h42', N'28 - 35 phút/chuyến', 7000, 22.30),
(69, '53B', N'BX Mỹ Đình - KCN Quang Minh', N'BX Mỹ Đình', N'KCN Quang Minh', N'5h08 - 20h00', N'14 - 15 - 28 - 34 phút/chuyến', 7000, 23.25),
(70, '54', N'Long Biên - Bắc Ninh', N'Long Biên', N'Bắc Ninh', N'5h00 - 21h15', N'15 - 20 phút/chuyến', 9000, 31.80),
(71, '55A', N'KĐT Times City - Cầu Giấy', N'KĐT Times City', N'Cầu Giấy', N'5h25 - 20h55', N'10 - 15 - 30 phút/chuyến', 7000, 19.20),
(72, '55B', N'TTTM Aeon mall Long Biên - Bưởi - Cầu Giấy', N'TTTM Aeon mall Long Biên', N'Cầu Giấy', N'5h20 - 20h55', N'20 - 25 - 30 phút/chuyến', 7000, 23.60),
(73, '56A', N'BX Nam Thăng Long - Núi Đôi', N'BX Nam Thăng Long', N'Núi Đôi', N'4h30 - 21h35', N'15 - 30 phút/chuyến', 8000, 28.80),
(74, '56B', N'BX Nam Thăng Long - Xuân Giang (Sóc Sơn)', N'BX Nam Thăng Long', N'Xuân Giang (Sóc Sơn)', N'4h45 - 21h00', N'45 phút/chuyến', 9000, 32.00),
(75, '56C', N'Nam Thăng Long - Bắc Phú (Sóc Sơn)', N'Nam Thăng Long', N'Bắc Phú (Sóc Sơn)', N'4h45 - 21h05', N'60 - 65 - 80 phút/chuyến', 8000, 32.40),
(76, '57', N'Nam Thăng Long - KCN Phú Nghĩa', N'Nam Thăng Long', N'KCN Phú Nghĩa', N'4h45 - 21h20', N'10 - 15 - 20 phút/chuyến', 9000, 25.00),
(77, '58', N'Yên Phụ - BV đa khoa Mê Linh', N'Yên Phụ', N'BV đa khoa Mê Linh', N'5h00 - 21h30', N'15 - 20 phút/chuyến', 9000, 0.00),
(78, '59', N'Đông Anh - ĐH Nông nghiệp Hà Nội', N'Đông Anh', N'ĐH Nông nghiệp Hà Nội', N'5h00 - 21h15', N'15 - 20 phút/chuyến', 8000, 0.00),
(79, '60A', N'KĐT Tứ Hiệp - Nam Thăng Long', N'KĐT Tứ Hiệp', N'Nam Thăng Long', N'4h50 - 21h00', N'20 - 30 phút/chuyến', 7000, 20.50),
(80, '60B', N'BX Nước Ngầm - BV bệnh nhiệt đới tư Cơ sở II', N'BX Nước Ngầm', N'BV bệnh nhiệt đới tư Cơ sở II', N'5h00 - 21h00', N'20 phút/chuyến', 8000, 20.50),
(81, '61', N'Vân Hà (Đông Anh) - Nam Thăng Long', N'Vân Hà (Đông Anh)', N'Nam Thăng Long', N'5h00 - 21h00', N'15 - 20 phút/chuyến', 8000, 27.10),
(82, '62', N'BX Yên Nghĩa - BX Thường Tín', N'BX Yên Nghĩa', N'BX Thường Tín', N'5h00 - 21h00', N'15 phút/chuyến', 7000, 21.60),
(83, '63', N'KCN Bắc Thăng Long - Tiến Thịnh (Mê Linh)', N'KCN Bắc Thăng Long', N'Tiến Thịnh (Mê Linh)', N'5h00 - 21h05', N'15 phút/chuyến', 8000, 26.20),
(84, '64', N'KCN Bắc Thăng Long - Phố Nỉ (TTTM Bình An)', N'KCN Bắc Thăng Long', N'Phố Nỉ (TTTM Bình An)', N'5h00 - 21h00', N'10 - 15 phút/chuyến', 9000, 0.00),
(85, '65', N'Thụy Lâm (Đông Anh) - Trung Mầu (Gia Lâm)', N'Thụy Lâm (Đông Anh)', N'Trung Mầu (Gia Lâm)', N'5h00 - 21h00', N'10 - 15 phút/chuyến', 8000, 0.00),
(86, '70A', N'BX Mỹ Đình - Trung Hà', N'BX Mỹ Đình', N'Trung Hà', N'05:00 - 22:00', N'20 - 30 phút/chuyến', 20000, 50.00),
(87, '70B', N'BX Mỹ Đình - Phú Cường', N'BX Mỹ Đình', N'Phú Cường', N'05:00 - 22:00', N'20 - 30 phút/chuyến', 20000, 50.00),
(88, '71', N'BX Mỹ Đình - BX Sơn Tây', N'BX Mỹ Đình', N'BX Sơn Tây', N'05:00 - 22:00', N'10 - 20 phút/chuyến', 20000, 45.00),
(89, '71B', N'BX Mỹ Đình - Xuân Mai', N'BX Mỹ Đình', N'Xuân Mai', N'05:00 - 22:00', N'10 - 20 phút/chuyến', 20000, 44.60),
(90, '72', N'BX Yên Nghĩa - Xuân Mai', N'BX Yên Nghĩa', N'Xuân Mai', N'05:00 - 22:00', N'20 - 30 phút/chuyến', 7000, 22.50),
(91, '73', N'BX Mỹ Đình - Chùa Thầy', N'BX Mỹ Đình', N'Chùa Thầy', N'05:00 - 22:00', N'10 - 20 phút/chuyến', 10000, 20.80),
(92, '75', N'BX Yên Nghĩa - BX Hương Sơn', N'BX Yên Nghĩa', N'BX Hương Sơn', N'05:00 - 22:00', N'20 - 30 phút/chuyến', 25, 46.00),
(93, '76', N'BX Sơn Tây - Trung Hà', N'BX Sơn Tây', N'Trung Hà', N'05:00 - 22:00', N'30 phút/chuyến', 9000, 21.00),
(94, '77', N'BX Yên Nghĩa - BX Sơn Tây', N'BX Yên Nghĩa', N'BX Sơn Tây', N'05:00 - 22:00', N'20 - 30 phút/chuyến', 20000, 45.70),
(95, '78', N'BX Mỹ Đình - Tế Tiêu', N'BX Mỹ Đình', N'Tế Tiêu', N'05:00 - 22:00', N'20 - 30 phút/chuyến', 20000, 47.00),
(96, '79', N'BX Sơn Tây - Đá Chông', N'BX Sơn Tây', N'Đá Chông', N'05:00 - 22:00', N'30 phút/chuyến', 20000, 21.90),
(97, '84', N'KĐT Mỹ Đình - KĐT Linh Đàm', N'KĐT Mỹ Đình', N'KĐT Linh Đàm', N'5h00 - 21h00', N'20 - 25 phút/chuyến', 7000, 20.30),
(98, '85', N'Công viên Nghĩa Đô - KĐT Văn Phú', N'Công viên Nghĩa Đô', N'KĐT Văn Phú', N'5h00 - 21h00', N'20 - 25 phút/chuyến', 7000, 13.70),
(99, '86', N'Ga Hà Nội - Bờ Hồ - Sân bay Nội Bài', N'Ga Hà Nội', N'Sân bay Nội Bài', N'5h05 - 22h58', N'25 - 30 phút/chuyến', 30, 32.80),
(100, '87', N'BX Mỹ Đình - Quốc Oai - Xuân Mai', N'BX Mỹ Đình', N'Xuân Mai', N'5h00 - 19h45', N'15 - 20 - 25 - 30 phút/chuyến', 9000, 36.90),
(101, '88', N'BX Mỹ Đình - Hòa Lạc - Xuân Mai', N'BX Mỹ Đình', N'Xuân Mai', N'5h00 - 19h45', N'15 - 20 - 25 phút/chuyến', 9000, 47.70),
(102, '89', N'BX Yên Nghĩa - Thạch Thất - BX Sơn Tây', N'BX Yên Nghĩa', N'BX Sơn Tây', N'5h00 - 20h15', N'20 - 25 - 30 phút/chuyến', 9000, 43.20),
(103, '90', N'Kim Mã - Cầu Nhật Tân - Sân bay Nội Bài', N'Kim Mã', N'Sân bay Nội Bài', N'5h30 - 22h30', N'20 - 30 phút/chuyến', 9000, 32.50),
(104, 'BRT01', N'Tuyến xe buýt nhanh BRT: Bến xe Yên Nghĩa - Kim Mã', N'Tuyến xe buýt nhanh BRT: Bến xe Yên Nghĩa', N'Kim Mã', N'5h00 - 22h00', N'5 - 10 - 15 phút/chuyến', 7000, 14.77);
SET IDENTITY_INSERT Routes OFF;
GO

-- 5. CHÈN BẢNG ROUTE_STOP (2976 Bản Ghi Mapping)
INSERT INTO Route_Stop (RouteID, StopID, StopOrder) VALUES 
(1, 1, 1),
(1, 2, 2),
(1, 3, 3),
(1, 4, 4),
(1, 5, 5),
(1, 6, 6),
(1, 7, 7),
(1, 8, 8),
(1, 9, 9),
(1, 10, 10),
(1, 11, 11),
(1, 12, 12),
(1, 13, 13),
(1, 14, 14),
(1, 15, 15),
(1, 16, 16),
(1, 17, 17),
(1, 18, 18),
(1, 19, 19),
(1, 20, 20),
(1, 21, 21),
(1, 22, 22),
(1, 23, 23),
(1, 24, 24),
(1, 25, 25),
(1, 26, 26),
(1, 27, 27),
(1, 28, 28),
(1, 29, 29),
(1, 30, 30),
(1, 31, 31),
(1, 32, 32),
(1, 33, 33),
(1, 34, 34),
(2, 35, 1),
(2, 36, 2),
(2, 37, 3),
(2, 38, 4),
(2, 39, 5),
(2, 40, 6),
(2, 41, 7),
(2, 42, 8),
(2, 43, 9),
(2, 44, 10),
(2, 45, 11),
(2, 46, 12),
(2, 47, 13),
(2, 13, 14),
(2, 14, 15),
(2, 15, 16),
(2, 16, 17),
(2, 17, 18),
(2, 18, 19),
(2, 19, 20),
(2, 20, 21),
(2, 21, 22),
(2, 22, 23),
(2, 23, 24),
(2, 24, 25),
(2, 25, 26),
(2, 26, 27),
(2, 27, 28),
(2, 28, 29),
(2, 29, 30),
(2, 30, 31),
(2, 31, 32),
(2, 32, 33),
(2, 33, 34),
(2, 34, 35),
(3, 48, 1),
(3, 49, 2),
(3, 50, 3),
(3, 51, 4),
(3, 52, 5),
(3, 53, 6),
(3, 54, 7),
(3, 55, 8),
(3, 56, 9),
(3, 57, 10),
(3, 58, 11),
(3, 59, 12),
(3, 60, 13),
(3, 61, 14),
(3, 62, 15),
(3, 63, 16),
(3, 64, 17),
(3, 65, 18),
(3, 66, 19),
(3, 67, 20),
(4, 48, 1),
(4, 49, 2),
(4, 50, 3),
(4, 51, 4),
(4, 68, 5),
(4, 53, 6),
(4, 54, 7),
(4, 55, 8),
(4, 56, 9),
(4, 57, 10),
(4, 58, 11),
(4, 59, 12),
(4, 60, 13),
(4, 61, 14),
(4, 62, 15),
(4, 63, 16),
(4, 64, 17),
(4, 69, 18),
(4, 66, 19),
(4, 70, 20),
(4, 71, 21),
(4, 72, 22),
(4, 73, 23),
(4, 74, 24),
(4, 75, 25),
(4, 76, 26),
(4, 77, 27),
(4, 78, 28),
(4, 79, 29),
(4, 80, 30),
(4, 81, 31),
(4, 82, 32),
(4, 83, 33),
(5, 84, 1),
(5, 85, 2),
(5, 86, 3),
(5, 87, 4),
(5, 88, 5),
(5, 89, 6),
(5, 90, 7),
(5, 91, 8),
(5, 92, 9),
(5, 93, 10),
(5, 94, 11),
(5, 95, 12),
(5, 96, 13),
(5, 97, 14),
(5, 98, 15),
(5, 99, 16),
(5, 100, 17),
(5, 101, 18),
(5, 102, 19),
(5, 103, 20),
(5, 104, 21),
(5, 105, 22),
(5, 106, 23),
(6, 107, 1),
(6, 108, 2),
(6, 109, 3),
(6, 110, 4),
(6, 111, 5),
(6, 112, 6),
(6, 113, 7),
(6, 114, 8),
(6, 115, 9),
(6, 116, 10),
(6, 17, 11),
(6, 117, 12),
(6, 118, 13),
(6, 119, 14),
(6, 120, 15),
(6, 121, 16),
(6, 122, 17),
(6, 123, 18),
(6, 124, 19),
(6, 125, 20),
(6, 126, 21),
(6, 127, 22),
(6, 128, 23),
(6, 129, 24),
(6, 130, 25),
(6, 131, 26),
(6, 132, 27),
(6, 133, 28),
(6, 134, 29),
(6, 135, 30),
(7, 136, 1),
(7, 137, 2),
(7, 138, 3),
(7, 105, 4),
(7, 139, 5),
(7, 140, 6),
(7, 141, 7),
(7, 142, 8),
(7, 143, 9),
(7, 144, 10),
(7, 145, 11),
(7, 146, 12),
(7, 147, 13),
(7, 148, 14),
(7, 149, 15),
(7, 150, 16),
(7, 151, 17),
(7, 152, 18),
(7, 153, 19),
(7, 154, 20),
(7, 155, 21),
(7, 156, 22),
(7, 157, 23),
(7, 158, 24),
(7, 159, 25),
(7, 160, 26),
(7, 161, 27),
(7, 162, 28),
(7, 163, 29),
(7, 164, 30),
(7, 165, 31),
(7, 166, 32),
(7, 167, 33),
(7, 168, 34),
(7, 169, 35),
(7, 170, 36),
(7, 171, 37),
(7, 172, 38),
(7, 173, 39),
(7, 174, 40),
(8, 136, 1),
(8, 137, 2),
(8, 138, 3),
(8, 105, 4),
(8, 139, 5),
(8, 140, 6),
(8, 141, 7),
(8, 142, 8),
(8, 143, 9),
(8, 144, 10),
(8, 145, 11),
(8, 146, 12),
(8, 147, 13),
(8, 148, 14),
(8, 149, 15),
(8, 150, 16),
(8, 151, 17),
(8, 152, 18),
(8, 153, 19),
(8, 154, 20),
(8, 155, 21),
(8, 156, 22),
(8, 175, 23),
(8, 176, 24),
(8, 177, 25),
(8, 178, 26),
(8, 179, 27),
(9, 136, 1),
(9, 137, 2),
(9, 138, 3),
(9, 105, 4),
(9, 139, 5),
(9, 140, 6),
(9, 141, 7),
(9, 142, 8),
(9, 143, 9),
(9, 144, 10),
(9, 145, 11),
(9, 146, 12),
(9, 147, 13),
(9, 148, 14),
(9, 149, 15),
(9, 150, 16),
(9, 151, 17),
(9, 152, 18),
(9, 153, 19),
(9, 154, 20),
(9, 155, 21),
(9, 156, 22),
(9, 157, 23),
(9, 158, 24),
(9, 159, 25),
(9, 160, 26),
(9, 161, 27),
(9, 162, 28),
(9, 163, 29),
(9, 164, 30),
(9, 165, 31),
(9, 166, 32),
(9, 180, 33),
(9, 181, 34),
(9, 182, 35),
(10, 136, 1),
(10, 137, 2),
(10, 138, 3),
(10, 105, 4),
(10, 139, 5),
(10, 140, 6),
(10, 141, 7),
(10, 142, 8),
(10, 143, 9),
(10, 144, 10),
(10, 145, 11),
(10, 146, 12),
(10, 147, 13),
(10, 148, 14),
(10, 149, 15),
(10, 150, 16),
(10, 151, 17),
(10, 152, 18),
(10, 153, 19),
(10, 154, 20),
(10, 155, 21),
(10, 156, 22),
(10, 157, 23),
(10, 158, 24),
(10, 159, 25),
(10, 160, 26),
(10, 161, 27),
(10, 162, 28),
(10, 163, 29),
(10, 164, 30),
(10, 165, 31),
(10, 166, 32),
(10, 167, 33),
(10, 168, 34),
(10, 169, 35),
(10, 170, 36),
(10, 183, 37),
(10, 184, 38),
(10, 185, 39),
(10, 186, 40),
(10, 187, 41),
(11, 136, 1),
(11, 137, 2),
(11, 138, 3),
(11, 105, 4),
(11, 139, 5),
(11, 140, 6),
(11, 141, 7),
(11, 142, 8),
(11, 143, 9),
(11, 144, 10),
(11, 145, 11),
(11, 146, 12),
(11, 147, 13),
(11, 148, 14),
(11, 149, 15),
(11, 150, 16),
(11, 151, 17),
(11, 152, 18),
(11, 153, 19),
(11, 154, 20),
(11, 155, 21),
(11, 156, 22),
(11, 157, 23),
(11, 158, 24),
(11, 159, 25),
(11, 160, 26),
(11, 161, 27),
(11, 162, 28),
(11, 163, 29),
(11, 188, 30),
(11, 189, 31),
(11, 190, 32),
(11, 191, 33),
(11, 192, 34),
(11, 193, 35),
(11, 194, 36),
(11, 195, 37),
(11, 196, 38),
(11, 197, 39),
(12, 198, 1),
(12, 199, 2),
(12, 200, 3),
(12, 201, 4),
(12, 202, 5),
(12, 203, 6),
(12, 204, 7),
(12, 205, 8),
(12, 206, 9),
(12, 207, 10),
(12, 208, 11),
(12, 209, 12),
(12, 210, 13),
(12, 211, 14),
(12, 212, 15),
(12, 213, 16),
(12, 214, 17),
(12, 215, 18),
(12, 216, 19),
(12, 217, 20),
(12, 218, 21),
(12, 219, 22),
(12, 220, 23),
(12, 221, 24),
(12, 222, 25),
(13, 84, 1),
(13, 85, 2),
(13, 223, 3),
(13, 224, 4),
(13, 225, 5),
(13, 226, 6),
(13, 227, 7),
(13, 228, 8),
(13, 229, 9),
(13, 230, 10),
(13, 231, 11),
(13, 232, 12),
(13, 233, 13),
(13, 234, 14),
(13, 235, 15),
(13, 236, 16),
(13, 136, 17),
(13, 137, 18),
(13, 138, 19),
(13, 105, 20),
(13, 139, 21),
(13, 140, 22),
(13, 141, 23),
(13, 142, 24),
(13, 143, 25),
(13, 144, 26),
(13, 145, 27),
(13, 146, 28),
(13, 147, 29),
(13, 237, 30),
(13, 238, 31),
(13, 239, 32),
(13, 240, 33),
(13, 241, 34),
(14, 242, 1),
(14, 243, 2),
(14, 225, 3),
(14, 226, 4),
(14, 244, 5),
(14, 11, 6),
(14, 12, 7),
(14, 13, 8),
(14, 14, 9),
(14, 15, 10),
(14, 245, 11),
(14, 246, 12),
(14, 247, 13),
(14, 248, 14),
(14, 249, 15),
(14, 250, 16),
(14, 251, 17),
(14, 252, 18),
(14, 253, 19),
(14, 254, 20),
(14, 255, 21),
(14, 256, 22),
(14, 257, 23),
(14, 258, 24),
(14, 259, 25),
(14, 260, 26),
(14, 261, 27),
(14, 262, 28),
(14, 263, 29),
(14, 264, 30),
(14, 265, 31),
(14, 266, 32),
(14, 267, 33),
(14, 268, 34),
(14, 269, 35),
(15, 65, 1),
(15, 66, 2),
(15, 70, 3),
(15, 71, 4),
(15, 72, 5),
(15, 73, 6),
(15, 74, 7),
(15, 75, 8),
(15, 76, 9),
(15, 270, 10),
(15, 271, 11),
(15, 272, 12),
(15, 273, 13),
(15, 274, 14),
(15, 275, 15),
(15, 276, 16),
(15, 277, 17),
(15, 278, 18),
(15, 279, 19),
(15, 280, 20),
(15, 281, 21),
(16, 282, 1),
(16, 283, 2),
(16, 284, 3),
(16, 285, 4),
(16, 61, 5),
(16, 62, 6),
(16, 63, 7),
(16, 286, 8),
(16, 64, 9),
(16, 69, 10),
(16, 66, 11),
(16, 70, 12),
(16, 71, 13),
(16, 72, 14),
(16, 73, 15),
(16, 74, 16),
(16, 75, 17),
(16, 76, 18),
(16, 270, 19),
(16, 271, 20),
(16, 273, 21),
(16, 274, 22),
(16, 275, 23),
(16, 287, 24),
(16, 288, 25),
(16, 289, 26),
(16, 290, 27),
(16, 291, 28);
INSERT INTO Route_Stop (RouteID, StopID, StopOrder) VALUES 
(16, 292, 29),
(16, 293, 30),
(16, 294, 31),
(17, 295, 1),
(17, 57, 2),
(17, 58, 3),
(17, 296, 4),
(17, 297, 5),
(17, 298, 6),
(17, 299, 7),
(17, 64, 8),
(17, 300, 9),
(17, 301, 10),
(17, 302, 11),
(17, 303, 12),
(17, 72, 13),
(17, 304, 14),
(17, 305, 15),
(17, 306, 16),
(17, 307, 17),
(17, 308, 18),
(17, 309, 19),
(17, 310, 20),
(17, 311, 21),
(17, 312, 22),
(17, 313, 23),
(17, 314, 24),
(18, 315, 1),
(18, 316, 2),
(18, 317, 3),
(18, 318, 4),
(18, 319, 5),
(18, 320, 6),
(18, 321, 7),
(18, 322, 8),
(18, 323, 9),
(18, 324, 10),
(18, 325, 11),
(18, 326, 12),
(18, 327, 13),
(18, 328, 14),
(18, 329, 15),
(18, 330, 16),
(18, 331, 17),
(18, 332, 18),
(18, 333, 19),
(18, 334, 20),
(18, 335, 21),
(18, 336, 22),
(18, 337, 23),
(18, 338, 24),
(18, 339, 25),
(18, 340, 26),
(18, 341, 27),
(18, 342, 28),
(18, 343, 29),
(18, 344, 30),
(18, 105, 31),
(18, 139, 32),
(18, 140, 33),
(18, 141, 34),
(18, 142, 35),
(18, 143, 36),
(18, 144, 37),
(18, 145, 38),
(18, 146, 39),
(18, 147, 40),
(18, 345, 41),
(18, 346, 42),
(18, 347, 43),
(18, 348, 44),
(18, 349, 45),
(18, 350, 46),
(18, 351, 47),
(19, 352, 1),
(19, 353, 2),
(19, 354, 3),
(19, 355, 4),
(19, 356, 5),
(19, 357, 6),
(19, 358, 7),
(19, 359, 8),
(19, 360, 9),
(19, 361, 10),
(19, 362, 11),
(19, 363, 12),
(19, 364, 13),
(19, 132, 14),
(19, 365, 15),
(19, 366, 16),
(19, 367, 17),
(19, 368, 18),
(20, 299, 1),
(20, 4, 2),
(20, 369, 3),
(20, 370, 4),
(20, 371, 5),
(20, 372, 6),
(20, 373, 7),
(20, 374, 8),
(20, 375, 9),
(20, 376, 10),
(20, 377, 11),
(20, 359, 12),
(20, 201, 13),
(20, 202, 14),
(20, 203, 15),
(20, 204, 16),
(20, 205, 17),
(20, 206, 18),
(20, 207, 19),
(20, 378, 20),
(21, 379, 1),
(21, 380, 2),
(21, 74, 3),
(21, 75, 4),
(21, 76, 5),
(21, 270, 6),
(21, 271, 7),
(21, 381, 8),
(21, 382, 9),
(21, 383, 10),
(21, 384, 11),
(21, 385, 12),
(21, 386, 13),
(21, 387, 14),
(21, 388, 15),
(21, 389, 16),
(21, 390, 17),
(21, 391, 18),
(21, 392, 19),
(21, 393, 20),
(21, 394, 21),
(21, 395, 22),
(21, 396, 23),
(21, 397, 24),
(21, 398, 25),
(21, 399, 26),
(21, 400, 27),
(21, 401, 28),
(21, 402, 29),
(21, 403, 30),
(21, 404, 31),
(21, 405, 32),
(21, 406, 33),
(21, 407, 34),
(21, 408, 35),
(21, 409, 36),
(21, 410, 37),
(21, 411, 38),
(21, 412, 39),
(21, 413, 40),
(21, 414, 41),
(21, 415, 42),
(21, 416, 43),
(23, 64, 1),
(23, 65, 2),
(23, 66, 3),
(23, 70, 4),
(23, 71, 5),
(23, 72, 6),
(23, 73, 7),
(23, 74, 8),
(23, 75, 9),
(23, 76, 10),
(23, 270, 11),
(23, 271, 12),
(23, 381, 13),
(23, 382, 14),
(23, 383, 15),
(23, 384, 16),
(23, 417, 17),
(23, 418, 18),
(23, 419, 19),
(23, 420, 20),
(23, 421, 21),
(23, 422, 22),
(23, 423, 23),
(23, 424, 24),
(23, 425, 25),
(23, 392, 26),
(23, 393, 27),
(23, 394, 28),
(23, 395, 29),
(23, 396, 30),
(23, 397, 31),
(23, 398, 32),
(23, 426, 33),
(23, 427, 34),
(23, 428, 35),
(23, 429, 36),
(23, 430, 37),
(23, 431, 38),
(23, 432, 39),
(23, 433, 40),
(24, 233, 1),
(24, 434, 2),
(24, 435, 3),
(24, 436, 4),
(24, 437, 5),
(24, 438, 6),
(24, 15, 7),
(24, 439, 8),
(24, 440, 9),
(24, 441, 10),
(24, 442, 11),
(24, 443, 12),
(24, 444, 13),
(24, 445, 14),
(24, 446, 15),
(24, 447, 16),
(24, 448, 17),
(24, 449, 18),
(24, 450, 19),
(24, 451, 20),
(24, 452, 21),
(24, 64, 22),
(24, 84, 23),
(24, 85, 24),
(24, 86, 25),
(24, 87, 26),
(24, 89, 27),
(24, 453, 28),
(24, 454, 29),
(24, 455, 30),
(24, 456, 31),
(24, 230, 32),
(24, 457, 33),
(25, 458, 1),
(25, 459, 2),
(25, 460, 3),
(25, 461, 4),
(25, 462, 5),
(25, 463, 6),
(25, 464, 7),
(25, 465, 8),
(25, 466, 9),
(25, 467, 10),
(25, 468, 11),
(25, 469, 12),
(25, 470, 13),
(25, 471, 14),
(25, 472, 15),
(25, 16, 16),
(25, 473, 17),
(25, 17, 18),
(25, 18, 19),
(25, 19, 20),
(25, 20, 21),
(25, 21, 22),
(25, 22, 23),
(25, 23, 24),
(25, 24, 25),
(25, 25, 26),
(25, 474, 27),
(25, 475, 28),
(25, 476, 29),
(25, 477, 30),
(25, 478, 31),
(25, 479, 32),
(25, 480, 33),
(25, 481, 34),
(25, 482, 35),
(25, 483, 36),
(25, 484, 37),
(26, 198, 1),
(26, 485, 2),
(26, 486, 3),
(26, 487, 4),
(26, 488, 5),
(26, 489, 6),
(26, 132, 7),
(26, 490, 8),
(26, 491, 9),
(26, 492, 10),
(26, 493, 11),
(26, 494, 12),
(26, 495, 13),
(26, 496, 14),
(26, 497, 15),
(26, 498, 16),
(26, 499, 17),
(26, 500, 18),
(26, 501, 19),
(26, 502, 20),
(26, 503, 21),
(26, 504, 22),
(26, 505, 23),
(26, 506, 24),
(26, 507, 25),
(27, 198, 1),
(27, 485, 2),
(27, 486, 3),
(27, 487, 4),
(27, 488, 5),
(27, 489, 6),
(27, 132, 7),
(27, 490, 8),
(27, 491, 9),
(27, 492, 10),
(27, 493, 11),
(27, 494, 12),
(27, 495, 13),
(27, 496, 14),
(27, 497, 15),
(27, 498, 16),
(27, 499, 17),
(27, 500, 18),
(27, 501, 19),
(27, 502, 20),
(27, 503, 21),
(27, 504, 22),
(27, 505, 23),
(27, 506, 24),
(27, 508, 25),
(27, 509, 26),
(27, 510, 27),
(27, 511, 28),
(27, 512, 29),
(27, 513, 30),
(27, 514, 31),
(27, 515, 32),
(27, 516, 33),
(27, 517, 34),
(27, 518, 35),
(27, 519, 36),
(27, 520, 37),
(27, 521, 38),
(27, 522, 39),
(27, 523, 40),
(27, 524, 41),
(27, 525, 42),
(28, 526, 1),
(28, 527, 2),
(28, 528, 3),
(28, 529, 4),
(28, 530, 5),
(28, 531, 6),
(28, 532, 7),
(28, 533, 8),
(28, 534, 9),
(28, 535, 10),
(28, 536, 11),
(28, 537, 12),
(28, 538, 13),
(28, 539, 14),
(28, 540, 15),
(28, 541, 16),
(28, 542, 17),
(28, 543, 18),
(28, 544, 19),
(28, 545, 20),
(28, 546, 21),
(28, 547, 22),
(28, 548, 23),
(28, 549, 24),
(28, 550, 25),
(28, 551, 26),
(28, 552, 27),
(28, 553, 28),
(28, 554, 29),
(28, 555, 30),
(28, 556, 31),
(29, 557, 1),
(29, 49, 2),
(29, 558, 3),
(29, 51, 4),
(29, 68, 5),
(29, 559, 6),
(29, 560, 7),
(29, 438, 8),
(29, 15, 9),
(29, 16, 10),
(29, 17, 11),
(29, 18, 12),
(29, 19, 13),
(29, 20, 14),
(29, 21, 15),
(29, 22, 16),
(29, 23, 17),
(29, 24, 18),
(29, 25, 19),
(29, 26, 20),
(29, 27, 21),
(29, 28, 22),
(29, 29, 23),
(29, 30, 24),
(29, 31, 25),
(29, 32, 26),
(29, 33, 27),
(29, 34, 28),
(30, 561, 1),
(30, 562, 2),
(30, 563, 3),
(30, 564, 4),
(30, 565, 5),
(30, 557, 6),
(30, 49, 7),
(30, 558, 8),
(30, 51, 9),
(30, 68, 10),
(30, 559, 11),
(30, 560, 12),
(30, 438, 13),
(30, 15, 14),
(30, 16, 15),
(30, 17, 16),
(30, 18, 17),
(30, 19, 18),
(30, 20, 19),
(30, 21, 20),
(30, 22, 21),
(30, 23, 22),
(30, 24, 23),
(30, 25, 24),
(30, 26, 25),
(30, 27, 26),
(30, 28, 27),
(30, 29, 28),
(30, 30, 29),
(30, 31, 30),
(30, 32, 31),
(30, 33, 32),
(30, 34, 33),
(31, 1, 1),
(31, 2, 2),
(31, 3, 3),
(31, 4, 4),
(31, 369, 5),
(31, 370, 6),
(31, 566, 7),
(31, 567, 8),
(31, 568, 9),
(32, 569, 1),
(32, 570, 2),
(32, 571, 3),
(32, 572, 4),
(32, 573, 5),
(32, 574, 6),
(32, 575, 7),
(32, 576, 8),
(32, 577, 9),
(32, 578, 10),
(32, 579, 11),
(32, 580, 12),
(32, 581, 13),
(32, 582, 14),
(32, 583, 15),
(32, 584, 16),
(32, 585, 17),
(32, 586, 18),
(32, 587, 19),
(33, 588, 1),
(33, 589, 2),
(33, 590, 3),
(33, 591, 4),
(33, 592, 5),
(33, 569, 6),
(33, 570, 7),
(33, 571, 8),
(33, 572, 9),
(33, 573, 10),
(33, 474, 11),
(33, 475, 12),
(33, 476, 13),
(33, 477, 14),
(33, 478, 15),
(33, 479, 16),
(33, 480, 17),
(33, 593, 18),
(34, 594, 1),
(34, 228, 2),
(34, 595, 3),
(34, 596, 4),
(34, 231, 5),
(34, 597, 6),
(34, 598, 7),
(34, 436, 8),
(34, 437, 9),
(34, 438, 10),
(34, 599, 11),
(34, 600, 12),
(34, 601, 13),
(34, 602, 14),
(34, 603, 15),
(34, 604, 16),
(34, 444, 17),
(34, 445, 18),
(34, 605, 19),
(34, 606, 20),
(34, 607, 21),
(34, 448, 22),
(34, 608, 23),
(34, 450, 24),
(34, 451, 25),
(34, 452, 26),
(34, 64, 27),
(34, 84, 28),
(34, 85, 29),
(34, 86, 30);
INSERT INTO Route_Stop (RouteID, StopID, StopOrder) VALUES 
(34, 609, 31),
(34, 610, 32),
(34, 611, 33),
(34, 612, 34),
(35, 613, 1),
(35, 614, 2),
(35, 615, 3),
(35, 616, 4),
(35, 460, 5),
(35, 461, 6),
(35, 617, 7),
(35, 463, 8),
(35, 464, 9),
(35, 465, 10),
(35, 466, 11),
(35, 467, 12),
(35, 468, 13),
(35, 469, 14),
(35, 470, 15),
(35, 471, 16),
(35, 245, 17),
(35, 246, 18),
(35, 247, 19),
(35, 618, 20),
(35, 619, 21),
(35, 254, 22),
(35, 620, 23),
(36, 207, 1),
(36, 208, 2),
(36, 621, 3),
(36, 622, 4),
(36, 623, 5),
(36, 624, 6),
(36, 353, 7),
(36, 354, 8),
(36, 355, 9),
(36, 356, 10),
(36, 357, 11),
(36, 358, 12),
(36, 625, 13),
(36, 626, 14),
(36, 627, 15),
(36, 317, 16),
(36, 628, 17),
(36, 629, 18),
(36, 630, 19),
(36, 605, 20),
(36, 606, 21),
(36, 45, 22),
(36, 46, 23),
(36, 47, 24),
(36, 631, 25),
(36, 632, 26),
(36, 633, 27),
(36, 634, 28),
(36, 635, 29),
(36, 636, 30),
(36, 234, 31),
(36, 235, 32),
(36, 637, 33),
(37, 638, 1),
(37, 639, 2),
(37, 640, 3),
(37, 641, 4),
(37, 642, 5),
(37, 643, 6),
(37, 456, 7),
(37, 231, 8),
(37, 597, 9),
(37, 68, 10),
(37, 559, 11),
(37, 560, 12),
(37, 438, 13),
(37, 644, 14),
(37, 645, 15),
(37, 646, 16),
(37, 249, 17),
(37, 250, 18),
(37, 251, 19),
(37, 647, 20),
(37, 648, 21),
(37, 649, 22),
(37, 650, 23),
(37, 198, 24),
(37, 485, 25),
(37, 486, 26),
(37, 487, 27),
(37, 488, 28),
(37, 364, 29),
(37, 651, 30),
(37, 652, 31),
(37, 653, 32),
(38, 654, 1),
(38, 655, 2),
(38, 656, 3),
(38, 657, 4),
(38, 658, 5),
(38, 659, 6),
(38, 660, 7),
(38, 661, 8),
(38, 574, 9),
(38, 575, 10),
(38, 662, 11),
(38, 663, 12),
(38, 664, 13),
(38, 665, 14),
(38, 666, 15),
(38, 667, 16),
(38, 668, 17),
(38, 669, 18),
(38, 670, 19),
(38, 245, 20),
(38, 246, 21),
(38, 247, 22),
(38, 618, 23),
(38, 322, 24),
(38, 251, 25),
(38, 647, 26),
(38, 671, 27),
(38, 672, 28),
(38, 673, 29),
(38, 198, 30),
(38, 485, 31),
(38, 674, 32),
(38, 361, 33),
(38, 362, 34),
(38, 204, 35),
(38, 205, 36),
(38, 675, 37),
(39, 557, 1),
(39, 49, 2),
(39, 50, 3),
(39, 51, 4),
(39, 52, 5),
(39, 676, 6),
(39, 677, 7),
(39, 678, 8),
(39, 679, 9),
(39, 604, 10),
(39, 680, 11),
(39, 681, 12),
(39, 672, 13),
(39, 673, 14),
(39, 198, 15),
(39, 485, 16),
(39, 360, 17),
(39, 682, 18),
(39, 683, 19),
(39, 684, 20),
(39, 685, 21),
(39, 206, 22),
(39, 207, 23),
(39, 208, 24),
(39, 686, 25),
(39, 687, 26),
(39, 688, 27),
(39, 689, 28),
(40, 690, 1),
(40, 137, 2),
(40, 138, 3),
(40, 691, 4),
(40, 339, 5),
(40, 110, 6),
(40, 692, 7),
(40, 693, 8),
(40, 694, 9),
(40, 695, 10),
(40, 696, 11),
(40, 667, 12),
(40, 117, 13),
(40, 118, 14),
(40, 119, 15),
(40, 120, 16),
(40, 121, 17),
(40, 697, 18),
(40, 698, 19),
(40, 585, 20),
(40, 586, 21),
(40, 699, 22),
(40, 700, 23),
(40, 489, 24),
(40, 132, 25),
(40, 490, 26),
(40, 491, 27),
(40, 492, 28),
(40, 493, 29),
(40, 494, 30),
(40, 701, 31),
(40, 702, 32),
(40, 497, 33),
(40, 498, 34),
(40, 499, 35),
(40, 500, 36),
(40, 501, 37),
(40, 703, 38),
(40, 704, 39),
(41, 638, 1),
(41, 639, 2),
(41, 640, 3),
(41, 641, 4),
(41, 642, 5),
(41, 705, 6),
(41, 706, 7),
(41, 707, 8),
(41, 708, 9),
(41, 244, 10),
(41, 11, 11),
(41, 12, 12),
(41, 679, 13),
(41, 709, 14),
(41, 710, 15),
(41, 646, 16),
(41, 711, 17),
(41, 712, 18),
(41, 713, 19),
(41, 714, 20),
(41, 119, 21),
(41, 120, 22),
(41, 121, 23),
(41, 697, 24),
(41, 698, 25),
(41, 585, 26),
(41, 586, 27),
(41, 715, 28),
(42, 716, 1),
(42, 596, 2),
(42, 717, 3),
(42, 718, 4),
(42, 719, 5),
(42, 720, 6),
(42, 296, 7),
(42, 297, 8),
(42, 298, 9),
(42, 299, 10),
(42, 721, 11),
(42, 722, 12),
(42, 723, 13),
(42, 724, 14),
(42, 725, 15),
(42, 726, 16),
(42, 727, 17),
(42, 728, 18),
(42, 729, 19),
(42, 730, 20),
(42, 731, 21),
(42, 732, 22),
(42, 733, 23),
(42, 734, 24),
(42, 735, 25),
(42, 736, 26),
(42, 737, 27),
(42, 738, 28),
(42, 739, 29),
(42, 740, 30),
(42, 741, 31),
(42, 742, 32),
(42, 687, 33),
(42, 688, 34),
(42, 689, 35),
(43, 557, 1),
(43, 49, 2),
(43, 50, 3),
(43, 51, 4),
(43, 52, 5),
(43, 53, 6),
(43, 54, 7),
(43, 743, 8),
(43, 744, 9),
(43, 42, 10),
(43, 43, 11),
(43, 745, 12),
(43, 746, 13),
(43, 747, 14),
(43, 748, 15),
(43, 672, 16),
(43, 673, 17),
(43, 198, 18),
(43, 485, 19),
(43, 486, 20),
(43, 487, 21),
(43, 488, 22),
(43, 489, 23),
(43, 132, 24),
(43, 490, 25),
(43, 491, 26),
(43, 492, 27),
(43, 493, 28),
(43, 749, 29),
(44, 654, 1),
(44, 750, 2),
(44, 655, 3),
(44, 656, 4),
(44, 657, 5),
(44, 658, 6),
(44, 659, 7),
(44, 660, 8),
(44, 661, 9),
(44, 574, 10),
(44, 575, 11),
(44, 662, 12),
(44, 663, 13),
(44, 664, 14),
(44, 665, 15),
(44, 751, 16),
(44, 666, 17),
(44, 752, 18),
(44, 753, 19),
(44, 581, 20),
(44, 582, 21),
(44, 583, 22),
(44, 584, 23),
(44, 585, 24),
(44, 586, 25),
(44, 699, 26),
(44, 700, 27),
(44, 754, 28),
(44, 755, 29),
(44, 756, 30),
(44, 757, 31),
(44, 758, 32),
(44, 759, 33),
(44, 760, 34),
(44, 761, 35),
(44, 762, 36),
(45, 763, 1),
(45, 764, 2),
(45, 700, 3),
(45, 765, 4),
(45, 766, 5),
(45, 767, 6),
(45, 768, 7),
(45, 257, 8),
(45, 628, 9),
(45, 629, 10),
(45, 446, 11),
(45, 447, 12),
(45, 448, 13),
(45, 608, 14),
(45, 769, 15),
(45, 268, 16),
(45, 770, 17),
(45, 296, 18),
(45, 297, 19),
(45, 298, 20),
(45, 299, 21),
(45, 64, 22),
(45, 65, 23),
(45, 66, 24),
(45, 67, 25),
(46, 35, 1),
(46, 609, 2),
(46, 771, 3),
(46, 772, 4),
(46, 226, 5),
(46, 227, 6),
(46, 228, 7),
(46, 773, 8),
(46, 559, 9),
(46, 560, 10),
(46, 438, 11),
(46, 644, 12),
(46, 645, 13),
(46, 646, 14),
(46, 249, 15),
(46, 250, 16),
(46, 321, 17),
(46, 774, 18),
(46, 775, 19),
(46, 776, 20),
(46, 582, 21),
(46, 583, 22),
(46, 584, 23),
(46, 585, 24),
(46, 586, 25),
(46, 764, 26),
(46, 700, 27),
(46, 754, 28),
(46, 204, 29),
(46, 205, 30),
(46, 777, 31),
(47, 207, 1),
(47, 208, 2),
(47, 209, 3),
(47, 210, 4),
(47, 211, 5),
(47, 212, 6),
(47, 213, 7),
(47, 214, 8),
(47, 778, 9),
(47, 779, 10),
(47, 780, 11),
(47, 781, 12),
(47, 782, 13),
(47, 783, 14),
(47, 784, 15),
(47, 785, 16),
(47, 786, 17),
(47, 787, 18),
(47, 788, 19),
(47, 789, 20),
(47, 790, 21),
(47, 791, 22),
(47, 792, 23),
(47, 793, 24),
(47, 794, 25),
(47, 795, 26),
(48, 5, 1),
(48, 6, 2),
(48, 796, 3),
(48, 797, 4),
(48, 225, 5),
(48, 226, 6),
(48, 227, 7),
(48, 228, 8),
(48, 229, 9),
(48, 798, 10),
(48, 799, 11),
(48, 800, 12),
(48, 801, 13),
(48, 802, 14),
(48, 803, 15),
(48, 137, 16),
(48, 138, 17),
(48, 691, 18),
(48, 339, 19),
(48, 340, 20),
(48, 804, 21),
(49, 136, 1),
(49, 137, 2),
(49, 138, 3),
(49, 805, 4),
(49, 806, 5),
(49, 107, 6),
(49, 108, 7),
(49, 109, 8),
(49, 110, 9),
(49, 807, 10),
(49, 808, 11),
(49, 809, 12),
(49, 810, 13),
(49, 811, 14),
(49, 812, 15),
(49, 570, 16),
(49, 571, 17),
(49, 572, 18),
(49, 813, 19),
(49, 814, 20),
(49, 815, 21),
(49, 29, 22),
(49, 30, 23),
(49, 31, 24),
(49, 32, 25),
(49, 33, 26),
(49, 816, 27),
(49, 817, 28),
(49, 818, 29),
(49, 819, 30),
(49, 820, 31),
(49, 821, 32),
(49, 822, 33),
(49, 823, 34),
(50, 824, 1),
(50, 825, 2),
(50, 826, 3),
(50, 755, 4),
(50, 756, 5),
(50, 757, 6),
(50, 827, 7),
(50, 315, 8),
(50, 316, 9),
(50, 828, 10),
(50, 768, 11),
(50, 257, 12),
(50, 628, 13),
(50, 629, 14),
(50, 446, 15),
(50, 447, 16),
(50, 448, 17),
(50, 9, 18),
(50, 56, 19),
(50, 57, 20),
(50, 226, 21),
(50, 227, 22),
(50, 228, 23),
(50, 229, 24),
(50, 798, 25),
(50, 799, 26),
(50, 829, 27),
(50, 830, 28),
(50, 831, 29),
(50, 93, 30),
(50, 832, 31),
(50, 833, 32),
(51, 674, 1),
(51, 834, 2),
(51, 835, 3),
(51, 836, 4),
(51, 837, 5),
(51, 126, 6),
(51, 127, 7);
INSERT INTO Route_Stop (RouteID, StopID, StopOrder) VALUES 
(51, 763, 8),
(51, 838, 9),
(51, 839, 10),
(51, 840, 11),
(51, 841, 12),
(51, 842, 13),
(51, 843, 14),
(51, 844, 15),
(51, 19, 16),
(51, 20, 17),
(51, 21, 18),
(51, 22, 19),
(51, 23, 20),
(51, 845, 21),
(51, 846, 22),
(51, 847, 23),
(51, 848, 24),
(51, 849, 25),
(51, 850, 26),
(51, 851, 27),
(51, 852, 28),
(51, 853, 29),
(51, 854, 30),
(51, 855, 31),
(51, 856, 32),
(51, 857, 33),
(51, 858, 34),
(51, 859, 35),
(51, 860, 36),
(52, 295, 1),
(52, 861, 2),
(52, 744, 3),
(52, 267, 4),
(52, 268, 5),
(52, 770, 6),
(52, 296, 7),
(52, 297, 8),
(52, 298, 9),
(52, 299, 10),
(52, 64, 11),
(52, 69, 12),
(52, 66, 13),
(52, 70, 14),
(52, 71, 15),
(52, 72, 16),
(52, 304, 17),
(52, 305, 18),
(52, 306, 19),
(52, 307, 20),
(52, 308, 21),
(52, 309, 22),
(52, 310, 23),
(52, 311, 24),
(52, 862, 25),
(52, 863, 26),
(52, 864, 27),
(52, 865, 28),
(52, 866, 29),
(52, 867, 30),
(52, 868, 31),
(53, 295, 1),
(53, 861, 2),
(53, 744, 3),
(53, 267, 4),
(53, 268, 5),
(53, 770, 6),
(53, 296, 7),
(53, 297, 8),
(53, 298, 9),
(53, 299, 10),
(53, 64, 11),
(53, 69, 12),
(53, 66, 13),
(53, 70, 14),
(53, 71, 15),
(53, 72, 16),
(53, 304, 17),
(53, 305, 18),
(53, 306, 19),
(53, 307, 20),
(53, 308, 21),
(53, 309, 22),
(53, 310, 23),
(53, 311, 24),
(53, 862, 25),
(53, 863, 26),
(53, 864, 27),
(53, 865, 28),
(53, 866, 29),
(53, 867, 30),
(53, 869, 31),
(53, 870, 32),
(53, 871, 33),
(55, 638, 1),
(55, 639, 2),
(55, 640, 3),
(55, 641, 4),
(55, 642, 5),
(55, 705, 6),
(55, 706, 7),
(55, 60, 8),
(55, 61, 9),
(55, 62, 10),
(55, 63, 11),
(55, 69, 12),
(55, 66, 13),
(55, 70, 14),
(55, 71, 15),
(55, 72, 16),
(55, 73, 17),
(55, 74, 18),
(55, 872, 19),
(56, 295, 1),
(56, 57, 2),
(56, 58, 3),
(56, 59, 4),
(56, 60, 5),
(56, 61, 6),
(56, 62, 7),
(56, 63, 8),
(56, 69, 9),
(56, 66, 10),
(56, 70, 11),
(56, 71, 12),
(56, 72, 13),
(56, 73, 14),
(56, 74, 15),
(56, 75, 16),
(56, 76, 17),
(56, 270, 18),
(56, 271, 19),
(56, 381, 20),
(56, 382, 21),
(56, 383, 22),
(56, 384, 23),
(56, 385, 24),
(56, 386, 25),
(56, 387, 26),
(56, 388, 27),
(56, 873, 28),
(56, 389, 29),
(56, 390, 30),
(56, 391, 31),
(56, 874, 32),
(56, 875, 33),
(57, 87, 1),
(57, 89, 2),
(57, 453, 3),
(57, 773, 4),
(57, 559, 5),
(57, 560, 6),
(57, 438, 7),
(57, 15, 8),
(57, 16, 9),
(57, 473, 10),
(57, 17, 11),
(57, 117, 12),
(57, 118, 13),
(57, 119, 14),
(57, 776, 15),
(57, 582, 16),
(57, 583, 17),
(57, 584, 18),
(57, 585, 19),
(57, 586, 20),
(57, 715, 21),
(58, 282, 1),
(58, 283, 2),
(58, 284, 3),
(58, 876, 4),
(58, 877, 5),
(58, 35, 6),
(58, 36, 7),
(58, 878, 8),
(58, 224, 9),
(58, 40, 10),
(58, 41, 11),
(58, 42, 12),
(58, 879, 13),
(58, 880, 14),
(58, 881, 15),
(58, 882, 16),
(58, 372, 17),
(58, 373, 18),
(58, 374, 19),
(58, 375, 20),
(58, 376, 21),
(58, 377, 22),
(58, 359, 23),
(58, 201, 24),
(58, 202, 25),
(58, 203, 26),
(58, 204, 27),
(58, 205, 28),
(58, 777, 29),
(59, 763, 1),
(59, 586, 2),
(59, 764, 3),
(59, 700, 4),
(59, 754, 5),
(59, 204, 6),
(59, 205, 7),
(59, 206, 8),
(59, 207, 9),
(59, 208, 10),
(59, 883, 11),
(59, 884, 12),
(59, 885, 13),
(59, 886, 14),
(59, 887, 15),
(59, 888, 16),
(59, 889, 17),
(59, 890, 18),
(59, 891, 19),
(59, 418, 20),
(59, 419, 21),
(59, 420, 22),
(59, 892, 23),
(60, 64, 1),
(60, 893, 2),
(60, 894, 3),
(60, 895, 4),
(60, 896, 5),
(60, 897, 6),
(60, 898, 7),
(60, 899, 8),
(60, 900, 9),
(60, 901, 10),
(60, 902, 11),
(60, 903, 12),
(60, 904, 13),
(60, 905, 14),
(60, 906, 15),
(60, 907, 16),
(60, 908, 17),
(60, 909, 18),
(61, 64, 1),
(61, 893, 2),
(61, 894, 3),
(61, 895, 4),
(61, 896, 5),
(61, 897, 6),
(61, 898, 7),
(61, 899, 8),
(61, 900, 9),
(61, 901, 10),
(61, 902, 11),
(61, 903, 12),
(61, 904, 13),
(61, 905, 14),
(61, 910, 15),
(61, 911, 16),
(62, 616, 1),
(62, 460, 2),
(62, 461, 3),
(62, 912, 4),
(62, 913, 5),
(62, 914, 6),
(62, 915, 7),
(62, 916, 8),
(62, 917, 9),
(62, 918, 10),
(62, 919, 11),
(62, 920, 12),
(62, 921, 13),
(62, 922, 14),
(62, 923, 15),
(62, 924, 16),
(62, 925, 17),
(62, 926, 18),
(62, 927, 19),
(62, 928, 20),
(62, 929, 21),
(63, 35, 1),
(63, 36, 2),
(63, 878, 3),
(63, 224, 4),
(63, 930, 5),
(63, 931, 6),
(63, 10, 7),
(63, 11, 8),
(63, 12, 9),
(63, 679, 10),
(63, 604, 11),
(63, 932, 12),
(63, 648, 13),
(63, 649, 14),
(63, 650, 15),
(63, 198, 16),
(63, 485, 17),
(63, 674, 18),
(63, 361, 19),
(63, 362, 20),
(63, 363, 21),
(63, 364, 22),
(63, 651, 23),
(63, 933, 24),
(64, 722, 1),
(64, 723, 2),
(64, 934, 3),
(64, 935, 4),
(64, 566, 5),
(64, 567, 6),
(64, 745, 7),
(64, 630, 8),
(64, 936, 9),
(64, 709, 10),
(64, 710, 11),
(64, 646, 12),
(64, 711, 13),
(64, 618, 14),
(64, 774, 15),
(64, 775, 16),
(64, 776, 17),
(64, 582, 18),
(64, 583, 19),
(64, 584, 20),
(64, 937, 21),
(64, 938, 22),
(64, 939, 23),
(65, 616, 1),
(65, 460, 2),
(65, 461, 3),
(65, 940, 4),
(65, 643, 5),
(65, 941, 6),
(65, 942, 7),
(65, 773, 8),
(65, 559, 9),
(65, 560, 10),
(65, 438, 11),
(65, 15, 12),
(65, 439, 13),
(65, 440, 14),
(65, 441, 15),
(65, 711, 16),
(65, 712, 17),
(65, 713, 18),
(65, 943, 19),
(65, 944, 20),
(65, 945, 21),
(65, 946, 22),
(65, 123, 23),
(65, 124, 24),
(65, 125, 25),
(65, 947, 26),
(66, 227, 1),
(66, 228, 2),
(66, 229, 3),
(66, 798, 4),
(66, 799, 5),
(66, 829, 6),
(66, 830, 7),
(66, 831, 8),
(66, 948, 9),
(66, 949, 10),
(66, 950, 11),
(66, 951, 12),
(66, 307, 13),
(66, 308, 14),
(66, 309, 15),
(66, 310, 16),
(66, 311, 17),
(66, 862, 18),
(66, 863, 19),
(66, 864, 20),
(66, 865, 21),
(66, 866, 22),
(66, 867, 23),
(66, 952, 24),
(66, 953, 25),
(66, 954, 26),
(66, 955, 27),
(66, 956, 28),
(66, 957, 29),
(66, 958, 30),
(67, 227, 1),
(67, 228, 2),
(67, 229, 3),
(67, 798, 4),
(67, 799, 5),
(67, 829, 6),
(67, 830, 7),
(67, 831, 8),
(67, 948, 9),
(67, 949, 10),
(67, 959, 11),
(67, 960, 12),
(67, 901, 13),
(67, 902, 14),
(67, 903, 15),
(67, 904, 16),
(67, 905, 17),
(67, 961, 18),
(67, 906, 19),
(67, 907, 20),
(67, 962, 21),
(67, 963, 22),
(67, 964, 23),
(67, 965, 24),
(67, 966, 25),
(67, 952, 26),
(67, 953, 27),
(67, 967, 28),
(67, 968, 29),
(67, 969, 30),
(68, 204, 1),
(68, 205, 2),
(68, 206, 3),
(68, 207, 4),
(68, 208, 5),
(68, 970, 6),
(68, 971, 7),
(68, 972, 8),
(68, 973, 9),
(68, 974, 10),
(68, 975, 11),
(68, 976, 12),
(68, 977, 13),
(68, 978, 14),
(68, 979, 15),
(68, 980, 16),
(68, 981, 17),
(68, 982, 18),
(68, 874, 19),
(68, 983, 20),
(69, 763, 1),
(69, 699, 2),
(69, 700, 3),
(69, 754, 4),
(69, 204, 5),
(69, 205, 6),
(69, 206, 7),
(69, 207, 8),
(69, 208, 9),
(69, 209, 10),
(69, 210, 11),
(69, 211, 12),
(69, 212, 13),
(69, 213, 14),
(69, 214, 15),
(69, 215, 16),
(69, 216, 17),
(69, 984, 18),
(69, 985, 19),
(69, 986, 20),
(69, 987, 21),
(70, 64, 1),
(70, 65, 2),
(70, 66, 3),
(70, 70, 4),
(70, 71, 5),
(70, 72, 6),
(70, 73, 7),
(70, 74, 8),
(70, 75, 9),
(70, 76, 10),
(70, 270, 11),
(70, 271, 12),
(70, 272, 13),
(70, 273, 14),
(70, 274, 15),
(70, 275, 16),
(70, 276, 17),
(70, 277, 18),
(70, 278, 19),
(70, 279, 20),
(70, 280, 21),
(70, 988, 22),
(70, 989, 23),
(70, 990, 24),
(70, 991, 25),
(70, 992, 26),
(70, 993, 27),
(70, 994, 28),
(70, 995, 29),
(70, 996, 30),
(70, 997, 31),
(70, 998, 32),
(70, 999, 33),
(70, 1000, 34),
(70, 1001, 35),
(70, 1002, 36),
(70, 1003, 37),
(70, 1004, 38),
(70, 1005, 39),
(70, 1006, 40),
(71, 282, 1),
(71, 283, 2),
(71, 284, 3),
(71, 285, 4),
(71, 61, 5),
(71, 62, 6),
(71, 63, 7),
(71, 1007, 8),
(71, 722, 9),
(71, 723, 10),
(71, 724, 11),
(71, 725, 12),
(71, 726, 13);
INSERT INTO Route_Stop (RouteID, StopID, StopOrder) VALUES 
(71, 1008, 14),
(71, 728, 15),
(71, 729, 16),
(71, 730, 17),
(71, 731, 18),
(71, 732, 19),
(71, 733, 20),
(71, 1009, 21),
(71, 352, 22),
(71, 353, 23),
(71, 354, 24),
(71, 355, 25),
(71, 356, 26),
(71, 357, 27),
(71, 358, 28),
(71, 625, 29),
(71, 626, 30),
(71, 627, 31),
(71, 1010, 32),
(72, 1011, 1),
(72, 1012, 2),
(72, 285, 3),
(72, 61, 4),
(72, 62, 5),
(72, 63, 6),
(72, 1013, 7),
(72, 722, 8),
(72, 723, 9),
(72, 724, 10),
(72, 725, 11),
(72, 726, 12),
(72, 1008, 13),
(72, 728, 14),
(72, 729, 15),
(72, 730, 16),
(72, 731, 17),
(72, 732, 18),
(72, 733, 19),
(72, 1009, 20),
(72, 352, 21),
(72, 353, 22),
(72, 354, 23),
(72, 355, 24),
(72, 356, 25),
(72, 357, 26),
(72, 358, 27),
(72, 625, 28),
(72, 626, 29),
(72, 627, 30),
(72, 828, 31),
(72, 1014, 32),
(73, 207, 1),
(73, 208, 2),
(73, 209, 3),
(73, 210, 4),
(73, 211, 5),
(73, 212, 6),
(73, 213, 7),
(73, 214, 8),
(73, 215, 9),
(73, 216, 10),
(73, 217, 11),
(73, 218, 12),
(73, 219, 13),
(73, 1015, 14),
(73, 1016, 15),
(73, 1017, 16),
(73, 1018, 17),
(73, 1019, 18),
(73, 1020, 19),
(73, 1021, 20),
(73, 1022, 21),
(73, 1023, 22),
(73, 1024, 23),
(73, 1025, 24),
(73, 1026, 25),
(73, 1027, 26),
(74, 207, 1),
(74, 208, 2),
(74, 209, 3),
(74, 210, 4),
(74, 211, 5),
(74, 212, 6),
(74, 213, 7),
(74, 214, 8),
(74, 215, 9),
(74, 216, 10),
(74, 217, 11),
(74, 218, 12),
(74, 219, 13),
(74, 1015, 14),
(74, 1016, 15),
(74, 1017, 16),
(74, 1018, 17),
(74, 1019, 18),
(74, 1020, 19),
(74, 1021, 20),
(74, 1022, 21),
(74, 1023, 22),
(74, 1024, 23),
(74, 1025, 24),
(74, 1026, 25),
(74, 1028, 26),
(74, 1029, 27),
(74, 1030, 28),
(74, 1031, 29),
(75, 207, 1),
(75, 208, 2),
(75, 209, 3),
(75, 210, 4),
(75, 211, 5),
(75, 212, 6),
(75, 213, 7),
(75, 214, 8),
(75, 215, 9),
(75, 216, 10),
(75, 217, 11),
(75, 218, 12),
(75, 219, 13),
(75, 1015, 14),
(75, 1016, 15),
(75, 1017, 16),
(75, 1018, 17),
(75, 1019, 18),
(75, 1020, 19),
(75, 1021, 20),
(75, 1022, 21),
(75, 1023, 22),
(75, 1024, 23),
(75, 1025, 24),
(75, 1026, 25),
(75, 1028, 26),
(75, 1029, 27),
(75, 1032, 28),
(75, 1033, 29),
(75, 1034, 30),
(76, 207, 1),
(76, 208, 2),
(76, 686, 3),
(76, 1035, 4),
(76, 1036, 5),
(76, 1037, 6),
(76, 1038, 7),
(76, 1039, 8),
(76, 1040, 9),
(76, 1041, 10),
(76, 493, 11),
(76, 494, 12),
(76, 495, 13),
(76, 1042, 14),
(76, 1043, 15),
(76, 1044, 16),
(76, 1045, 17),
(76, 1046, 18),
(76, 1047, 19),
(76, 1048, 20),
(76, 1049, 21),
(76, 1050, 22),
(76, 1051, 23),
(76, 1052, 24),
(76, 1053, 25),
(76, 1054, 26),
(76, 26, 27),
(76, 27, 28),
(76, 28, 29),
(76, 29, 30),
(76, 30, 31),
(76, 31, 32),
(76, 32, 33),
(76, 33, 34),
(76, 816, 35),
(76, 817, 36),
(76, 818, 37),
(76, 819, 38),
(76, 820, 39),
(76, 821, 40),
(76, 822, 41),
(76, 1055, 42),
(76, 1056, 43),
(76, 1057, 44),
(76, 1058, 45),
(77, 1059, 1),
(77, 1060, 2),
(77, 723, 3),
(77, 724, 4),
(77, 725, 5),
(77, 726, 6),
(77, 727, 7),
(77, 728, 8),
(77, 729, 9),
(77, 730, 10),
(77, 731, 11),
(77, 732, 12),
(77, 733, 13),
(77, 734, 14),
(77, 735, 15),
(77, 736, 16),
(77, 737, 17),
(77, 738, 18),
(77, 739, 19),
(77, 1061, 20),
(77, 209, 21),
(77, 210, 22),
(77, 211, 23),
(77, 212, 24),
(77, 213, 25),
(77, 214, 26),
(77, 215, 27),
(77, 216, 28),
(77, 217, 29),
(77, 218, 30),
(77, 219, 31),
(77, 1015, 32),
(77, 1062, 33),
(77, 1063, 34),
(77, 1064, 35),
(77, 1065, 36),
(77, 1066, 37),
(77, 1067, 38),
(77, 1068, 39),
(77, 1069, 40),
(77, 1070, 41),
(77, 1071, 42),
(77, 1072, 43),
(77, 1073, 44),
(77, 1074, 45),
(78, 423, 1),
(78, 424, 2),
(78, 425, 3),
(78, 1075, 4),
(78, 390, 5),
(78, 1076, 6),
(78, 887, 7),
(78, 888, 8),
(78, 889, 9),
(78, 890, 10),
(78, 891, 11),
(78, 1077, 12),
(78, 1078, 13),
(78, 1079, 14),
(78, 1080, 15),
(78, 1081, 16),
(78, 77, 17),
(78, 78, 18),
(78, 1082, 19),
(78, 1083, 20),
(78, 1084, 21),
(78, 1085, 22),
(78, 1086, 23),
(78, 1087, 24),
(78, 1088, 25),
(78, 1089, 26),
(78, 1090, 27),
(78, 312, 28),
(78, 313, 29),
(78, 1091, 30),
(79, 561, 1),
(79, 562, 2),
(79, 563, 3),
(79, 691, 4),
(79, 339, 5),
(79, 110, 6),
(79, 692, 7),
(79, 693, 8),
(79, 694, 9),
(79, 695, 10),
(79, 696, 11),
(79, 667, 12),
(79, 117, 13),
(79, 118, 14),
(79, 1092, 15),
(79, 943, 16),
(79, 776, 17),
(79, 582, 18),
(79, 583, 19),
(79, 584, 20),
(79, 585, 21),
(79, 586, 22),
(79, 699, 23),
(79, 700, 24),
(79, 754, 25),
(79, 204, 26),
(79, 205, 27),
(79, 206, 28),
(80, 691, 1),
(80, 339, 2),
(80, 110, 3),
(80, 111, 4),
(80, 112, 5),
(80, 113, 6),
(80, 1093, 7),
(80, 1094, 8),
(80, 116, 9),
(80, 669, 10),
(80, 473, 11),
(80, 17, 12),
(80, 117, 13),
(80, 118, 14),
(80, 1092, 15),
(80, 943, 16),
(80, 775, 17),
(80, 776, 18),
(80, 582, 19),
(80, 583, 20),
(80, 584, 21),
(80, 585, 22),
(80, 586, 23),
(80, 699, 24),
(80, 700, 25),
(80, 754, 26),
(80, 204, 27),
(80, 205, 28),
(80, 206, 29),
(80, 207, 30),
(80, 208, 31),
(80, 209, 32),
(80, 1095, 33),
(81, 1096, 1),
(81, 1097, 2),
(81, 1098, 3),
(81, 1099, 4),
(81, 1100, 5),
(81, 1101, 6),
(81, 1102, 7),
(81, 1103, 8),
(81, 424, 9),
(81, 425, 10),
(81, 1104, 11),
(81, 1105, 12),
(81, 1106, 13),
(81, 1107, 14),
(81, 1108, 15),
(81, 1109, 16),
(81, 1110, 17),
(81, 1111, 18),
(81, 1112, 19),
(81, 1113, 20),
(81, 1114, 21),
(81, 1115, 22),
(81, 1116, 23),
(81, 1117, 24),
(81, 1118, 25),
(81, 1119, 26),
(81, 1120, 27),
(81, 1121, 28),
(82, 654, 1),
(82, 655, 2),
(82, 656, 3),
(82, 657, 4),
(82, 658, 5),
(82, 1122, 6),
(82, 1123, 7),
(82, 1124, 8),
(82, 1125, 9),
(82, 849, 10),
(82, 850, 11),
(82, 851, 12),
(82, 852, 13),
(82, 853, 14),
(82, 854, 15),
(82, 855, 16),
(82, 856, 17),
(82, 857, 18),
(82, 858, 19),
(82, 143, 20),
(82, 144, 21),
(82, 145, 22),
(82, 146, 23),
(82, 147, 24),
(82, 148, 25),
(82, 149, 26),
(82, 150, 27),
(82, 151, 28),
(82, 152, 29),
(82, 153, 30),
(82, 154, 31),
(82, 155, 32),
(82, 156, 33),
(82, 1126, 34),
(83, 1127, 1),
(83, 1128, 2),
(83, 1129, 3),
(83, 1130, 4),
(83, 1131, 5),
(83, 1132, 6),
(83, 1133, 7),
(83, 784, 8),
(83, 785, 9),
(83, 786, 10),
(83, 1134, 11),
(83, 788, 12),
(83, 789, 13),
(83, 790, 14),
(83, 792, 15),
(83, 793, 16),
(83, 1135, 17),
(83, 1136, 18),
(83, 1137, 19),
(83, 1138, 20),
(83, 1139, 21),
(83, 1140, 22),
(83, 1141, 23),
(83, 1142, 24),
(83, 1143, 25),
(83, 1144, 26),
(83, 1145, 27),
(83, 1146, 28),
(83, 1147, 29),
(83, 1148, 30),
(84, 210, 1),
(84, 211, 2),
(84, 213, 3),
(84, 215, 4),
(84, 216, 5),
(84, 217, 6),
(84, 218, 7),
(84, 219, 8),
(84, 1015, 9),
(84, 1062, 10),
(84, 1149, 11),
(84, 1150, 12),
(84, 1151, 13),
(84, 1152, 14),
(84, 1153, 15),
(84, 1154, 16),
(84, 1155, 17),
(84, 1156, 18),
(84, 1157, 19),
(84, 415, 20),
(84, 416, 21),
(86, 700, 1),
(86, 489, 2),
(86, 132, 3),
(86, 490, 4),
(86, 491, 5),
(86, 492, 6),
(86, 493, 7),
(86, 494, 8),
(86, 495, 9),
(86, 496, 10),
(86, 497, 11),
(86, 498, 12),
(86, 499, 13),
(86, 500, 14),
(86, 501, 15),
(86, 502, 16),
(86, 503, 17),
(86, 1158, 18),
(86, 505, 19),
(86, 506, 20),
(86, 508, 21),
(86, 509, 22),
(86, 510, 23),
(86, 511, 24),
(86, 512, 25),
(86, 513, 26),
(86, 1159, 27),
(86, 1160, 28),
(86, 516, 29),
(86, 517, 30),
(86, 1161, 31),
(86, 1162, 32),
(86, 520, 33),
(86, 521, 34),
(86, 522, 35),
(86, 523, 36),
(86, 524, 37),
(86, 1163, 38),
(86, 1164, 39),
(86, 1165, 40),
(86, 1166, 41),
(86, 1167, 42),
(86, 1168, 43),
(86, 1169, 44),
(86, 1170, 45),
(86, 1171, 46),
(86, 1172, 47),
(86, 1173, 48),
(86, 1174, 49),
(86, 1175, 50),
(86, 1176, 51),
(86, 1177, 52),
(86, 1178, 53),
(87, 700, 1),
(87, 489, 2),
(87, 132, 3),
(87, 490, 4),
(87, 491, 5),
(87, 492, 6),
(87, 493, 7),
(87, 494, 8),
(87, 495, 9),
(87, 496, 10),
(87, 497, 11),
(87, 498, 12),
(87, 499, 13),
(87, 500, 14),
(87, 501, 15),
(87, 502, 16),
(87, 503, 17);
INSERT INTO Route_Stop (RouteID, StopID, StopOrder) VALUES 
(87, 1158, 18),
(87, 505, 19),
(87, 506, 20),
(87, 508, 21),
(87, 509, 22),
(87, 510, 23),
(87, 511, 24),
(87, 512, 25),
(87, 513, 26),
(87, 1159, 27),
(87, 1160, 28),
(87, 516, 29),
(87, 517, 30),
(87, 1161, 31),
(87, 1162, 32),
(87, 520, 33),
(87, 521, 34),
(87, 522, 35),
(87, 523, 36),
(87, 524, 37),
(87, 1163, 38),
(87, 1164, 39),
(87, 1165, 40),
(87, 1166, 41),
(87, 1167, 42),
(87, 1168, 43),
(87, 1169, 44),
(87, 1170, 45),
(87, 1171, 46),
(87, 1172, 47),
(87, 1173, 48),
(87, 1174, 49),
(87, 1175, 50),
(87, 1179, 51),
(88, 1180, 1),
(88, 838, 2),
(88, 937, 3),
(88, 938, 4),
(88, 1181, 5),
(88, 1182, 6),
(88, 1183, 7),
(88, 1184, 8),
(88, 1185, 9),
(88, 1186, 10),
(88, 1187, 11),
(88, 1188, 12),
(88, 1189, 13),
(88, 1190, 14),
(88, 1191, 15),
(88, 1192, 16),
(88, 1193, 17),
(89, 1180, 1),
(89, 838, 2),
(89, 937, 3),
(89, 938, 4),
(89, 1181, 5),
(89, 1182, 6),
(89, 1183, 7),
(89, 1184, 8),
(89, 1185, 9),
(89, 1186, 10),
(89, 1187, 11),
(89, 1188, 12),
(89, 1189, 13),
(89, 1191, 14),
(89, 1192, 15),
(89, 1194, 16),
(89, 1195, 17),
(89, 1196, 18),
(89, 1197, 19),
(89, 1198, 20),
(89, 1199, 21),
(89, 1200, 22),
(89, 1201, 23),
(89, 1202, 24),
(89, 1203, 25),
(89, 1204, 26),
(89, 1205, 27),
(89, 1206, 28),
(89, 1207, 29),
(90, 818, 1),
(90, 819, 2),
(90, 820, 3),
(90, 821, 4),
(90, 1208, 5),
(90, 1209, 6),
(90, 1056, 7),
(90, 1057, 8),
(90, 1058, 9),
(90, 1210, 10),
(90, 1211, 11),
(90, 1212, 12),
(90, 1213, 13),
(90, 1214, 14),
(90, 1215, 15),
(90, 1216, 16),
(90, 1217, 17),
(90, 1203, 18),
(90, 1204, 19),
(90, 1205, 20),
(90, 1206, 21),
(90, 1218, 22),
(90, 1219, 23),
(91, 1180, 1),
(91, 586, 2),
(91, 699, 3),
(91, 700, 4),
(91, 1220, 5),
(91, 1221, 6),
(91, 490, 7),
(91, 491, 8),
(91, 492, 9),
(91, 493, 10),
(91, 494, 11),
(91, 495, 12),
(91, 496, 13),
(91, 497, 14),
(91, 498, 15),
(91, 499, 16),
(91, 500, 17),
(91, 1222, 18),
(92, 654, 1),
(92, 1223, 2),
(92, 1224, 3),
(92, 1225, 4),
(92, 1226, 5),
(92, 1227, 6),
(92, 1228, 7),
(92, 1229, 8),
(92, 1230, 9),
(92, 1231, 10),
(92, 1232, 11),
(92, 1233, 12),
(92, 1234, 13),
(92, 1235, 14),
(92, 1236, 15),
(92, 1237, 16),
(92, 1238, 17),
(92, 1239, 18),
(92, 1240, 19),
(92, 1241, 20),
(93, 1164, 1),
(93, 1165, 2),
(93, 1166, 3),
(93, 1167, 4),
(93, 1168, 5),
(93, 1169, 6),
(93, 1170, 7),
(93, 1172, 8),
(93, 1173, 9),
(93, 1174, 10),
(93, 1175, 11),
(93, 1176, 12),
(93, 1177, 13),
(93, 1178, 14),
(94, 654, 1),
(94, 1223, 2),
(94, 655, 3),
(94, 656, 4),
(94, 657, 5),
(94, 658, 6),
(94, 659, 7),
(94, 660, 8),
(94, 661, 9),
(94, 474, 10),
(94, 475, 11),
(94, 476, 12),
(94, 1242, 13),
(94, 1243, 14),
(94, 1244, 15),
(94, 1048, 16),
(94, 1245, 17),
(94, 1246, 18),
(94, 1247, 19),
(94, 1248, 20),
(94, 1249, 21),
(94, 1250, 22),
(94, 1251, 23),
(94, 1252, 24),
(94, 1253, 25),
(94, 1254, 26),
(94, 1255, 27),
(94, 1256, 28),
(94, 1257, 29),
(94, 1258, 30),
(94, 1259, 31),
(94, 519, 32),
(94, 520, 33),
(94, 521, 34),
(94, 522, 35),
(94, 523, 36),
(94, 524, 37),
(94, 525, 38),
(95, 1180, 1),
(95, 838, 2),
(95, 839, 3),
(95, 840, 4),
(95, 841, 5),
(95, 842, 6),
(95, 844, 7),
(95, 19, 8),
(95, 20, 9),
(95, 21, 10),
(95, 22, 11),
(95, 23, 12),
(95, 24, 13),
(95, 25, 14),
(95, 26, 15),
(95, 27, 16),
(95, 28, 17),
(95, 29, 18),
(95, 30, 19),
(95, 31, 20),
(95, 32, 21),
(95, 1224, 22),
(95, 1225, 23),
(95, 1226, 24),
(95, 1227, 25),
(95, 1228, 26),
(95, 1229, 27),
(95, 1230, 28),
(95, 1231, 29),
(95, 1232, 30),
(95, 1233, 31),
(95, 1234, 32),
(95, 1235, 33),
(95, 1260, 34),
(96, 1261, 1),
(96, 1262, 2),
(96, 1263, 3),
(96, 1264, 4),
(96, 1265, 5),
(96, 1266, 6),
(96, 1267, 7),
(96, 1268, 8),
(96, 1269, 9),
(96, 1270, 10),
(97, 1271, 1),
(97, 1272, 2),
(97, 1273, 3),
(97, 1274, 4),
(97, 1275, 5),
(97, 1276, 6),
(97, 1277, 7),
(97, 1278, 8),
(97, 763, 9),
(97, 838, 10),
(97, 1279, 11),
(97, 1280, 12),
(97, 1281, 13),
(97, 1282, 14),
(97, 944, 15),
(97, 1283, 16),
(97, 713, 17),
(97, 1284, 18),
(97, 1285, 19),
(97, 1286, 20),
(97, 1287, 21),
(97, 327, 22),
(97, 15, 23),
(97, 1288, 24),
(97, 331, 25),
(97, 332, 26),
(97, 1289, 27),
(97, 336, 28),
(97, 337, 29),
(97, 338, 30),
(97, 339, 31),
(97, 340, 32),
(97, 341, 33),
(97, 1290, 34),
(98, 1291, 1),
(98, 1292, 2),
(98, 1293, 3),
(98, 1280, 4),
(98, 1294, 5),
(98, 1295, 6),
(98, 1296, 7),
(98, 1297, 8),
(98, 1298, 9),
(98, 1299, 10),
(98, 1300, 11),
(98, 1301, 12),
(98, 1302, 13),
(98, 1303, 14),
(98, 1304, 15),
(98, 1305, 16),
(98, 23, 17),
(98, 24, 18),
(98, 845, 19),
(98, 846, 20),
(98, 1306, 21),
(98, 813, 22),
(98, 1307, 23),
(99, 769, 1),
(99, 1308, 2),
(99, 298, 3),
(99, 1309, 4),
(99, 723, 5),
(99, 727, 6),
(99, 733, 7),
(99, 1310, 8),
(99, 1311, 9),
(99, 1312, 10),
(100, 763, 1),
(100, 838, 2),
(100, 839, 3),
(100, 840, 4),
(100, 841, 5),
(100, 1313, 6),
(100, 1314, 7),
(100, 1315, 8),
(100, 1316, 9),
(100, 1317, 10),
(100, 1318, 11),
(100, 1182, 12),
(100, 1183, 13),
(100, 1184, 14),
(100, 1185, 15),
(100, 1186, 16),
(100, 1187, 17),
(100, 1319, 18),
(100, 1320, 19),
(100, 1321, 20),
(100, 1322, 21),
(100, 1323, 22),
(100, 1324, 23),
(100, 1325, 24),
(100, 1326, 25),
(100, 1327, 26),
(100, 1328, 27),
(100, 1329, 28),
(100, 1330, 29),
(100, 1331, 30),
(100, 1332, 31),
(100, 1333, 32),
(100, 1334, 33),
(100, 1335, 34),
(100, 1217, 35),
(100, 1203, 36),
(100, 1204, 37),
(100, 1205, 38),
(100, 1206, 39),
(100, 1218, 40),
(100, 1219, 41),
(101, 763, 1),
(101, 838, 2),
(101, 937, 3),
(101, 938, 4),
(101, 1315, 5),
(101, 1316, 6),
(101, 1317, 7),
(101, 1318, 8),
(101, 1182, 9),
(101, 1183, 10),
(101, 1184, 11),
(101, 1185, 12),
(101, 1186, 13),
(101, 1187, 14),
(101, 1319, 15),
(101, 1336, 16),
(101, 1337, 17),
(101, 1338, 18),
(101, 1339, 19),
(101, 1340, 20),
(101, 1189, 21),
(101, 1190, 22),
(101, 1341, 23),
(101, 1191, 24),
(101, 1192, 25),
(101, 1194, 26),
(101, 1342, 27),
(101, 1343, 28),
(101, 1344, 29),
(101, 1195, 30),
(101, 1196, 31),
(101, 1345, 32),
(101, 1346, 33),
(101, 1197, 34),
(101, 1347, 35),
(101, 1348, 36),
(101, 1200, 37),
(101, 1201, 38),
(101, 1202, 39),
(101, 1349, 40),
(101, 1350, 41),
(101, 1351, 42),
(101, 1352, 43),
(101, 1353, 44),
(101, 1354, 45),
(101, 1355, 46),
(101, 1356, 47),
(102, 654, 1),
(102, 655, 2),
(102, 656, 3),
(102, 657, 4),
(102, 658, 5),
(102, 659, 6),
(102, 660, 7),
(102, 661, 8),
(102, 474, 9),
(102, 475, 10),
(102, 476, 11),
(102, 1242, 12),
(102, 1050, 13),
(102, 1243, 14),
(102, 1244, 15),
(102, 1357, 16),
(102, 1245, 17),
(102, 1046, 18),
(102, 1358, 19),
(102, 1318, 20),
(102, 1182, 21),
(102, 1183, 22),
(102, 1184, 23),
(102, 1185, 24),
(102, 1186, 25),
(102, 1187, 26),
(102, 1359, 27),
(102, 1319, 28),
(102, 1320, 29),
(102, 1188, 30),
(102, 1338, 31),
(102, 1360, 32),
(102, 1256, 33),
(102, 1361, 34),
(102, 1362, 35),
(102, 1257, 36),
(102, 1258, 37),
(102, 519, 38),
(102, 520, 39),
(102, 521, 40),
(102, 522, 41),
(102, 523, 42),
(102, 524, 43),
(102, 525, 44),
(103, 1363, 1),
(103, 748, 2),
(103, 258, 3),
(103, 259, 4),
(103, 260, 5),
(103, 375, 6),
(103, 376, 7),
(103, 377, 8),
(103, 759, 9),
(103, 760, 10),
(103, 761, 11),
(103, 1364, 12),
(103, 1365, 13),
(103, 1366, 14),
(103, 1367, 15),
(103, 1368, 16),
(103, 1369, 17),
(103, 1310, 18),
(103, 1370, 19),
(104, 1371, 1),
(104, 1372, 2),
(104, 1373, 3),
(104, 1374, 4),
(104, 1375, 5),
(104, 1376, 6),
(104, 1377, 7),
(104, 1378, 8),
(104, 1379, 9),
(104, 1380, 10),
(104, 1381, 11),
(104, 1382, 12),
(104, 1383, 13),
(104, 1384, 14),
(104, 1385, 15),
(104, 1386, 16),
(104, 1387, 17),
(104, 1388, 18),
(104, 1389, 19),
(104, 1390, 20),
(104, 1391, 21);
GO

-- 6. CHÈN BẢNG BUSES (Xe Buýt)
INSERT INTO Buses (LicensePlate, Capacity, BusType, Status) VALUES 
('29B-756.31', 60, N'Thường', 'ACTIVE'),
('29B-678.20', 60, N'Xe buýt điện VinBus', 'ACTIVE'),
('29B-370.78', 80, N'Thường', 'ACTIVE'),
('29B-466.15', 30, N'Xe buýt nối toa', 'MAINTENANCE'),
('29B-761.30', 80, N'Xe buýt điện VinBus', 'MAINTENANCE'),
('29B-989.32', 80, N'Thường', 'ACTIVE'),
('29B-930.64', 30, N'Xe buýt nối toa', 'MAINTENANCE'),
('29B-436.38', 80, N'Xe buýt điện VinBus', 'MAINTENANCE'),
('29B-683.87', 30, N'Thường', 'ACTIVE'),
('29B-475.53', 80, N'Xe buýt nối toa', 'ACTIVE'),
('29B-491.64', 60, N'Xe buýt điện VinBus', 'MAINTENANCE'),
('29B-830.37', 30, N'Xe buýt điện VinBus', 'ACTIVE'),
('29B-530.55', 30, N'Xe buýt nối toa', 'ACTIVE'),
('29B-436.13', 60, N'Xe buýt nối toa', 'ACTIVE'),
('29B-334.25', 80, N'Xe buýt nối toa', 'ACTIVE'),
('29B-357.59', 60, N'Thường', 'ACTIVE'),
('29B-429.23', 30, N'Thường', 'ACTIVE'),
('29B-351.42', 60, N'Thường', 'MAINTENANCE'),
('29B-458.29', 60, N'Xe buýt nối toa', 'ACTIVE'),
('29B-367.20', 30, N'Thường', 'ACTIVE'),
('29B-377.25', 30, N'Xe buýt điện VinBus', 'ACTIVE'),
('29B-482.32', 30, N'Xe buýt nối toa', 'ACTIVE'),
('29B-191.72', 30, N'Thường', 'ACTIVE'),
('29B-208.84', 80, N'Thường', 'ACTIVE'),
('29B-965.37', 30, N'Thường', 'ACTIVE'),
('29B-948.89', 30, N'Thường', 'ACTIVE'),
('29B-513.63', 80, N'Xe buýt nối toa', 'ACTIVE'),
('29B-356.66', 80, N'Xe buýt điện VinBus', 'MAINTENANCE'),
('29B-231.87', 30, N'Xe buýt điện VinBus', 'MAINTENANCE'),
('29B-438.66', 60, N'Xe buýt nối toa', 'ACTIVE');
GO

-- 7. CHÈN BẢNG TRIPS (Chuyến Đi)
INSERT INTO Trips (RouteID, BusID, DriverID, AssistantID, TripDate, StartTime, EndTime, Direction, Status) VALUES 
(1, 13, 5, 8, '2026-06-29', '06:00', '07:30', 2, 'SCHEDULED'),
(1, 16, 6, 7, '2026-06-29', '08:00', '09:30', 1, 'SCHEDULED'),
(1, 3, 6, NULL, '2026-06-29', '10:00', '11:30', 2, 'SCHEDULED'),
(1, 16, 5, 8, '2026-06-29', '14:00', '15:30', 2, 'SCHEDULED'),
(1, 15, 4, 8, '2026-06-29', '16:00', '17:30', 1, 'SCHEDULED'),
(1, 6, 6, NULL, '2026-06-29', '18:00', '19:30', 1, 'SCHEDULED'),
(2, 14, 4, NULL, '2026-06-29', '06:00', '07:30', 1, 'SCHEDULED'),
(2, 7, 5, NULL, '2026-06-29', '08:00', '09:30', 1, 'SCHEDULED'),
(2, 7, 4, 8, '2026-06-29', '10:00', '11:30', 1, 'SCHEDULED'),
(2, 14, 4, 7, '2026-06-29', '14:00', '15:30', 2, 'SCHEDULED'),
(2, 1, 5, NULL, '2026-06-29', '16:00', '17:30', 2, 'SCHEDULED'),
(2, 8, 5, 8, '2026-06-29', '18:00', '19:30', 2, 'SCHEDULED'),
(3, 2, 4, 8, '2026-06-29', '06:00', '07:30', 1, 'SCHEDULED'),
(3, 8, 6, NULL, '2026-06-29', '08:00', '09:30', 2, 'SCHEDULED'),
(3, 15, 5, 8, '2026-06-29', '10:00', '11:30', 2, 'SCHEDULED'),
(3, 7, 5, NULL, '2026-06-29', '14:00', '15:30', 2, 'SCHEDULED'),
(3, 20, 5, 7, '2026-06-29', '16:00', '17:30', 2, 'SCHEDULED'),
(3, 13, 6, 7, '2026-06-29', '18:00', '19:30', 2, 'SCHEDULED'),
(4, 4, 6, 8, '2026-06-29', '06:00', '07:30', 2, 'SCHEDULED'),
(4, 13, 6, 8, '2026-06-29', '08:00', '09:30', 2, 'SCHEDULED'),
(4, 19, 4, 7, '2026-06-29', '10:00', '11:30', 2, 'SCHEDULED'),
(4, 9, 5, 7, '2026-06-29', '14:00', '15:30', 1, 'SCHEDULED'),
(4, 2, 5, 7, '2026-06-29', '16:00', '17:30', 1, 'SCHEDULED'),
(4, 7, 6, NULL, '2026-06-29', '18:00', '19:30', 2, 'SCHEDULED'),
(5, 18, 5, NULL, '2026-06-29', '06:00', '07:30', 2, 'SCHEDULED'),
(5, 4, 6, 8, '2026-06-29', '08:00', '09:30', 1, 'SCHEDULED'),
(5, 1, 6, 7, '2026-06-29', '10:00', '11:30', 1, 'SCHEDULED'),
(5, 12, 5, 8, '2026-06-29', '14:00', '15:30', 2, 'SCHEDULED'),
(5, 11, 6, 7, '2026-06-29', '16:00', '17:30', 2, 'SCHEDULED'),
(5, 12, 5, NULL, '2026-06-29', '18:00', '19:30', 1, 'SCHEDULED'),
(6, 17, 5, NULL, '2026-06-29', '06:00', '07:30', 2, 'SCHEDULED'),
(6, 10, 4, NULL, '2026-06-29', '08:00', '09:30', 2, 'SCHEDULED'),
(6, 9, 5, 8, '2026-06-29', '10:00', '11:30', 1, 'SCHEDULED'),
(6, 4, 6, 7, '2026-06-29', '14:00', '15:30', 1, 'SCHEDULED'),
(6, 11, 4, 8, '2026-06-29', '16:00', '17:30', 2, 'SCHEDULED'),
(6, 13, 5, NULL, '2026-06-29', '18:00', '19:30', 2, 'SCHEDULED'),
(7, 5, 4, 8, '2026-06-29', '06:00', '07:30', 2, 'SCHEDULED'),
(7, 6, 4, 8, '2026-06-29', '08:00', '09:30', 2, 'SCHEDULED'),
(7, 8, 5, 8, '2026-06-29', '10:00', '11:30', 1, 'SCHEDULED'),
(7, 14, 5, 7, '2026-06-29', '14:00', '15:30', 1, 'SCHEDULED'),
(7, 4, 5, 8, '2026-06-29', '16:00', '17:30', 1, 'SCHEDULED'),
(7, 13, 5, 8, '2026-06-29', '18:00', '19:30', 1, 'SCHEDULED'),
(8, 3, 6, 8, '2026-06-29', '06:00', '07:30', 1, 'SCHEDULED'),
(8, 8, 4, 8, '2026-06-29', '08:00', '09:30', 1, 'SCHEDULED'),
(8, 1, 5, NULL, '2026-06-29', '10:00', '11:30', 1, 'SCHEDULED'),
(8, 3, 4, 7, '2026-06-29', '14:00', '15:30', 1, 'SCHEDULED'),
(8, 1, 5, 7, '2026-06-29', '16:00', '17:30', 1, 'SCHEDULED'),
(8, 1, 6, 8, '2026-06-29', '18:00', '19:30', 2, 'SCHEDULED'),
(9, 10, 5, 8, '2026-06-29', '06:00', '07:30', 1, 'SCHEDULED'),
(9, 11, 5, NULL, '2026-06-29', '08:00', '09:30', 2, 'SCHEDULED'),
(9, 7, 4, 8, '2026-06-29', '10:00', '11:30', 1, 'SCHEDULED'),
(9, 9, 6, 8, '2026-06-29', '14:00', '15:30', 1, 'SCHEDULED'),
(9, 20, 4, 7, '2026-06-29', '16:00', '17:30', 2, 'SCHEDULED'),
(9, 7, 4, 7, '2026-06-29', '18:00', '19:30', 1, 'SCHEDULED'),
(10, 18, 5, 7, '2026-06-29', '06:00', '07:30', 2, 'SCHEDULED'),
(10, 12, 4, 8, '2026-06-29', '08:00', '09:30', 2, 'SCHEDULED'),
(10, 14, 5, 7, '2026-06-29', '10:00', '11:30', 2, 'SCHEDULED'),
(10, 14, 4, 8, '2026-06-29', '14:00', '15:30', 1, 'SCHEDULED'),
(10, 5, 4, NULL, '2026-06-29', '16:00', '17:30', 1, 'SCHEDULED'),
(10, 7, 4, NULL, '2026-06-29', '18:00', '19:30', 1, 'SCHEDULED');
GO

-- 8. CHÈN BẢNG TICKETS (Vé Lượt)
INSERT INTO Tickets (AccountID, TripID, RouteID, TicketCode, Price, SaleChannel, Status, PurchasedAt) VALUES 
(9, 9, 2, 'TK-02-MOCK001', 7000, 'COUNTER', 'USED', GETDATE()),
(NULL, 10, 3, 'TK-03-MOCK002', 7000, 'ON_BUS', 'USED', GETDATE()),
(10, 10, 2, 'TK-02-MOCK003', 7000, 'ONLINE', 'UNUSED', GETDATE()),
(11, 1, 4, 'TK-04-MOCK004', 7000, 'ONLINE', 'UNUSED', GETDATE()),
(NULL, 2, 4, 'TK-04-MOCK005', 7000, 'ON_BUS', 'USED', GETDATE()),
(NULL, 1, 3, 'TK-03-MOCK006', 7000, 'ON_BUS', 'UNUSED', GETDATE()),
(11, 2, 5, 'TK-05-MOCK007', 7000, 'ONLINE', 'UNUSED', GETDATE()),
(9, 8, 4, 'TK-04-MOCK008', 7000, 'ONLINE', 'UNUSED', GETDATE()),
(NULL, 7, 2, 'TK-02-MOCK009', 7000, 'ONLINE', 'UNUSED', GETDATE()),
(9, 7, 5, 'TK-05-MOCK010', 7000, 'COUNTER', 'UNUSED', GETDATE()),
(11, 6, 2, 'TK-02-MOCK011', 7000, 'COUNTER', 'UNUSED', GETDATE()),
(11, 5, 3, 'TK-03-MOCK012', 7000, 'ONLINE', 'UNUSED', GETDATE()),
(NULL, 9, 2, 'TK-02-MOCK013', 7000, 'ONLINE', 'USED', GETDATE()),
(11, 3, 2, 'TK-02-MOCK014', 7000, 'ON_BUS', 'USED', GETDATE());
GO

-- 9. CHÈN BẢNG MONTHLY PASS TYPES
SET IDENTITY_INSERT MonthlyPassTypes ON;
INSERT INTO MonthlyPassTypes (PassTypeID, TypeName, DiscountPercentage, Description) VALUES 
(1, N'Học sinh/Sinh viên (1 Tuyến)', 50.00, N'Dành cho HSSV, chỉ đi 1 tuyến cố định'),
(2, N'Học sinh/Sinh viên (Liên Tuyến)', 50.00, N'Dành cho HSSV, đi tất cả các tuyến'),
(3, N'Người cao tuổi', 100.00, N'Miễn phí toàn bộ mạng lưới buýt Hà Nội'),
(4, N'Phổ thông (Liên Tuyến)', 0.00, N'Vé tháng bình thường đi tất cả các tuyến');
SET IDENTITY_INSERT MonthlyPassTypes OFF;
GO

-- 10. CHÈN BẢNG MONTHLY PASSES (Vé Tháng)
INSERT INTO MonthlyPasses (AccountID, RouteID, PassTypeID, PassCode, StartDate, EndDate, Price, Status, ApprovedBy, ApprovedAt) VALUES 
(10, 1, 1, 'MP-SV-001', '2026-06-01', '2026-06-30', 50000, 'APPROVED', 2, GETDATE()),
(10, 2, 1, 'MP-SV-002', '2026-07-01', '2026-07-31', 50000, 'APPROVED', 2, GETDATE()),
(9, NULL, 4, 'MP-PT-001', '2026-06-01', '2026-06-30', 200000, 'PENDING', NULL, NULL),
(11, NULL, 3, 'MP-CT-001', '2026-01-01', '2026-12-31', 0, 'APPROVED', 1, GETDATE());
GO

-- 11. CHÈN BẢNG FAVORITES (Tuyến Xe Yêu Thích)
INSERT INTO Favorites (AccountID, RouteID) VALUES 
(9, 1), (9, 3), (10, 2), (10, 5), (11, 4);
GO

-- 12. CHÈN BẢNG SEARCH HISTORY
INSERT INTO SearchHistory (AccountID, FromStopID, ToStopID) VALUES 
(9, 1, 10), (9, 5, 20), (10, 3, 15);
GO

-- 13. CHÈN BẢNG NOTIFICATIONS
INSERT INTO Notifications (AccountID, NotificationType, Title, Content, IsRead) VALUES 
(10, 'PASS_APPROVED', N'Vé tháng đã được phê duyệt', N'Yêu cầu gia hạn vé tháng MP-SV-002 của bạn đã được duyệt thành công.', 0),
(9, 'SYSTEM_ALERT', N'Thay đổi lộ trình tuyến 01', N'Tuyến số 01 thay đổi tạm thời do sửa chữa đường tại phố Tây Sơn.', 0);
GO

-- 14. CHÈN BẢNG BUS LOCATIONS (Vị Trí GPS Xe Buýt)
INSERT INTO BusLocations (BusID, Latitude, Longitude, UpdatedAt) VALUES 
(1, 21.0770928, 105.8343955, GETDATE()),
(2, 20.9808270, 105.7622166, GETDATE()),
(3, 21.0330875, 105.8440484, GETDATE()),
(4, 21.0324270, 105.8154628, GETDATE()),
(5, 21.0586990, 105.7915514, GETDATE()),
(6, 20.9836893, 105.8498046, GETDATE()),
(7, 21.0550034, 105.8025107, GETDATE()),
(8, 20.9858059, 105.7684801, GETDATE()),
(9, 21.0300651, 105.7810330, GETDATE()),
(10, 21.0339015, 105.8186424, GETDATE()),
(11, 21.0488550, 105.8094665, GETDATE()),
(12, 20.9943651, 105.7983614, GETDATE()),
(13, 21.0130271, 105.8210270, GETDATE()),
(14, 21.0733448, 105.7649685, GETDATE()),
(15, 21.0174063, 105.8102550, GETDATE());
GO
